boundary_idx,run_id,prev_sentence_id,cur_sentence_id,boundary_onset,pre_window_size,post_window_size,pre_entropy,post_entropy,pre_id,post_id,entropy_post_minus_pre,id_post_minus_pre
23,1,1,2,9.247,4,4,1.052795597641447,0.9902502238881634,2.7680556576190725,2.439632532288456,-0.0625453737532835,-0.32842312533061646
32,1,2,3,13.144,4,4,1.0198183131065162,0.9471313758782673,2.595675559303054,2.3257477594984297,-0.07268693722824882,-0.26992779980462434
39,1,3,4,15.86,4,4,0.981757670371318,1.016806905850185,2.426853019161267,2.578111851795148,0.03504923547886696,0.15125883263388085
70,1,4,5,27.292,4,4,1.0743532392395831,1.0420405394553738,2.8573810626137433,2.679190546396879,-0.032312699784209364,-0.17819051621686421
99,1,5,6,37.186,4,4,1.069924013457987,1.0539617239224137,2.830234903257571,2.7717035602232283,-0.015962289535573326,-0.0585313430343426
103,1,6,7,39.608,4,4,1.0539617239224137,1.0524916898995667,2.7717035602232283,2.762763939208328,-0.0014700340228470665,-0.008939621014900201
119,1,7,8,44.39,4,4,1.0815036721975875,1.085154112411122,2.9046425857556537,2.921405782898411,0.003650440213534445,0.016763197142757313
130,1,8,9,49.13,4,4,1.0021233680048651,1.0463685747545721,2.5388950206264265,2.7359843752419826,0.044245206749707,0.1970893546155561
137,1,9,10,51.109,4,4,1.0513635689682155,0.9826997524660013,2.760254980631912,2.414385099016937,-0.0686638165022142,-0.3458698816149748
145,1,10,11,55.085,4,4,1.0606190670107705,1.0385091720683268,2.7872176784789002,2.6666944234969483,-0.022109894942443642,-0.12052325498195193
160,1,11,12,60.612,4,4,1.0100863916434466,1.089810738941824,2.5512284952542754,2.949208019962366,0.0797243472983773,0.3979795247080906
167,1,12,13,63.594,4,4,1.0658394479719326,1.0508727138710956,2.81317137445901,2.747595934283801,-0.014966734100837042,-0.06557544017520911
174,1,13,14,67.14,4,4,1.0508465392967097,1.069243995007922,2.743071694885187,2.8263247187324505,0.018397455711212318,0.0832530238472633
199,1,14,15,78.254,4,4,1.0767572906344838,1.0475574314685072,2.8779057685104537,2.713870871592921,-0.02919985916597656,-0.1640348969175327
213,1,15,16,83.716,4,4,0.9699846255546025,1.0751230850837898,2.4487481861855973,2.8706827531125536,0.10513845952918732,0.4219345669269563
230,1,16,17,89.054,4,4,1.0526603927587197,1.039696924523411,2.7445867330381266,2.6861448218339214,-0.012963468235308806,-0.058441911204205166
251,1,17,18,97.465,4,4,1.0039051063015054,1.0591811463995522,2.5602531885209894,2.779330418545846,0.055276040098046764,0.21907723002485646
264,1,18,19,102.267,4,4,1.0485914183287393,1.067649777502336,2.7319063989645795,2.8343065271461936,0.019058359173596662,0.10240012818161404
283,1,19,20,108.174,4,4,1.088205465968548,1.068822634322548,2.9402359161046476,2.8376386891869245,-0.019382831646000076,-0.1025972269177231
292,1,20,21,111.893,4,4,1.0560494310362305,1.0635977663414355,2.7678966579837327,2.801103418447188,0.007548335305205045,0.033206760463455165
302,1,21,22,114.725,4,4,1.0821146544177502,1.0252263085018156,2.90781085097168,2.6422150772106403,-0.05688834591593461,-0.2655957737610395
317,1,22,23,120.152,4,4,1.0925055358114928,1.0482858141696345,2.963988240027331,2.7165763368875075,-0.04421972164185828,-0.24741190313982342
325,1,23,24,123.19,4,4,1.066265597024453,0.9915797692410546,2.8287767688532655,2.4508966992520667,-0.07468582778339838,-0.3778800696011988
332,1,24,25,125.363,4,4,1.0578377834531498,1.0475600290313207,2.766838121827914,2.716256183467301,-0.0102777544218291,-0.05058193836061298
341,1,25,26,128.361,4,4,1.062717907927915,1.0382059942496746,2.809555349721315,2.692308464745344,-0.02451191367824035,-0.11724688497597091
370,1,26,27,137.526,4,4,1.0076753222175359,0.9415701167035607,2.5128968708732002,2.3072455154116147,-0.06610520551397514,-0.20565135546158553
391,1,27,28,145.045,4,4,1.0312468163082933,1.0279995912289936,2.6246322448994843,2.6325871245206747,-0.0032472250792996427,0.007954879621190347
409,1,28,29,151.531,4,4,1.008192310050004,1.0263055368471756,2.566797494708024,2.60954088674324,0.018113226797171533,0.04274339203521604
415,1,29,30,153.44,4,4,1.0691730960577954,1.028198182903264,2.838788903059466,2.6245392178686764,-0.04097491315453139,-0.21424968519078957
436,1,30,31,163.261,4,4,1.05384842271919,1.0460915576906076,2.7648457940739646,2.71074162334255,-0.007756865028582416,-0.05410417073141449
457,1,31,32,170.856,4,4,1.0730665035626663,1.0424925788278272,2.8529157213376095,2.697761462768669,-0.03057392473483911,-0.1551542585689405
488,1,32,33,182.039,4,4,1.0504039799264564,1.0050107978741387,2.7302087351554434,2.546063750460469,-0.04539318205231768,-0.1841449846949743
498,1,33,34,184.611,4,4,1.0503809162741469,1.0492953231198332,2.724473527416041,2.71886403415958,-0.0010855931543136688,-0.0056094932564612066
508,1,34,35,188.148,4,4,1.0739207932788422,1.0495764173469997,2.8634951714571106,2.753949143370887,-0.024344375931842466,-0.10954602808622349
525,1,35,36,193.62,4,4,0.9898046906966396,1.0670912128832541,2.440296244680232,2.8204033032468634,0.07728652218661458,0.3801070585666313
542,1,36,37,198.772,4,4,1.0482983999421878,1.032268856813406,2.7465644245471346,2.679882648542988,-0.016029543128781798,-0.06668177600414671
558,1,37,38,204.758,4,4,1.0948376526299304,1.0615923841133545,2.977459434742119,2.7930398088540707,-0.03324526851657583,-0.18441962588804817
570,1,40,41,212.008,4,4,1.069122754403487,1.05981887214609,2.841576327371843,2.7831123276925323,-0.009303882257396978,-0.058463999679310596
583,1,41,42,215.037,4,4,0.9444727363247001,1.058366933484458,2.2558292957203205,2.7698176043314637,0.11389419715975801,0.5139883086111432
587,1,42,43,216.66,4,4,1.058366933484458,0.8557629451758972,2.7698176043314637,1.9863872191865373,-0.20260398830856086,-0.7834303851449265
607,1,43,44,224.735,4,4,1.0786461759630779,1.0318932479658396,2.8815218834436562,2.6523152136111308,-0.04675292799723829,-0.22920666983252547
632,1,44,45,232.549,4,4,1.0788869423342637,0.9940952897732077,2.8861534788176932,2.5111791415034412,-0.08479165256105603,-0.374974337314252
637,1,45,46,233.803,4,4,0.9944403797529707,1.0508701654021768,2.5308487078727655,2.7357012899383015,0.05642978564920609,0.20485258206553603
668,1,46,47,243.227,4,4,1.0523654416854629,1.0581098842547139,2.7659810274284755,2.7890180062460233,0.005744442569250996,0.023036978817547737
678,1,47,48,247.34,4,4,1.004569541093767,1.0006653995538872,2.5214372743255273,2.495675013198387,-0.003904141539879724,-0.025762261127140196
710,1,48,49,259.448,4,4,1.077432344521199,1.0195758748997785,2.879717154409156,2.574016191458773,-0.05785646962142055,-0.30570096295038285
730,1,49,50,266.399,4,4,1.0759276696654465,0.9953773839006448,2.8721692591570305,2.5466818372818496,-0.08055028576480172,-0.32548742187518087
743,1,50,51,271.279,4,4,1.0270901130676333,1.0898114462620516,2.6055686037669568,2.949038657355723,0.0627213331944183,0.34347005358876626
760,1,51,52,280.615,4,4,1.0864543070780592,1.0556189438555967,2.931222654729777,2.7799594579561653,-0.030835363222462497,-0.15126319677361177
770,1,52,53,284.813,4,4,1.048550540668852,1.0887913412231367,2.746210999550908,2.941338651002509,0.040240800554284695,0.19512765145160094
801,1,53,54,294.408,4,4,0.9817645002228779,1.0624275112763661,2.4412915745129804,2.798173541898971,0.08066301105348828,0.35688196738599043
832,1,54,55,305.48,4,4,0.9599094756968569,0.9865860772174011,2.3221656038542466,2.453573800506936,0.026676601520544185,0.1314081966526892
838,1,55,56,307.967,4,4,1.038183611901662,1.069122754403487,2.6745890089804867,2.841576327371843,0.030939142501824834,0.16698731839135617
842,1,56,57,310.095,4,4,1.069122754403487,1.0714096564748257,2.841576327371843,2.8439334368649094,0.002286902071338748,0.002357109493066556
864,1,57,58,316.011,4,4,0.9795406748526967,1.0442495987119016,2.4153723590276326,2.705563217821813,0.0647089238592049,0.2901908587941806
871,1,58,59,318.649,4,4,1.0840869261855532,1.0546215078367738,2.917635311971478,2.7578953009617315,-0.02946541834877947,-0.15974001100974666
893,1,59,60,326.939,4,4,1.0381375662107335,1.07183853606613,2.6636407101754918,2.848083804482054,0.0337009698553965,0.18444309430656203
905,1,60,61,332.126,4,4,1.0175544723472947,1.0859152311908133,2.5880121183430984,2.926380286714726,0.06836075884351867,0.33836816837162775
912,1,61,62,334.675,4,4,1.0282857424680887,1.0897362337846137,2.6479441804862014,2.94810743619205,0.061450491316525024,0.30016325570584845
916,1,62,63,336.104,4,4,1.0897362337846137,1.069122754403487,2.94810743619205,2.841576327371843,-0.020613479381126787,-0.106531108820207
920,1,63,64,337.927,4,3,1.069122754403487,0.6600506089722372,2.841576327371843,1.877124200415865,-0.4090721454312497,-0.9644521269559778
923,1,64,65,339.584,3,4,0.6600506089722372,1.0585286510711558,1.877124200415865,2.7772517201424787,0.3984780420989186,0.9001275197266136
935,1,65,66,344.436,4,3,1.056451366105458,0.6732022555247168,2.7559855947045615,1.9237725586933374,-0.3832491105807412,-0.8322130360112241
938,1,66,67,346.069,3,3,0.6732022555247168,0.688712427649687,1.9237725586933374,1.9824427206716868,0.01551017212497019,0.0586701619783494
941,1,67,68,347.627,3,4,0.688712427649687,1.0653328650323337,1.9824427206716868,2.806604825113928,0.3766204373826467,0.8241621044422411
951,1,68,69,352.275,4,4,1.0510142644284672,1.0452338754180022,2.7483963032224463,2.704954248346728,-0.00578038901046507,-0.043442054875718394
956,1,69,70,353.395,4,4,0.995488040496165,0.977223901004428,2.4814183115555375,2.391499147789687,-0.018264139491736997,-0.0899191637658503
960,1,70,71,354.679,4,3,0.977223901004428,0.6724230264866673,2.391499147789687,1.9209321653670037,-0.3048008745177607,-0.47056698242268347
963,1,71,72,356.911,3,4,0.6724230264866673,1.0270523432979946,1.9209321653670037,2.6288886755928194,0.35462931681132726,0.7079565102258156
970,1,72,73,359.37,4,4,1.043364579860746,1.070089743141251,2.6933171646328264,2.841374366880187,0.026725163280505004,0.14805720224736074
978,1,73,74,362.562,4,4,1.0769681448302326,1.0039943331915844,2.8708934896506624,2.514012012206514,-0.07297381163864824,-0.3568814774441482
983,1,74,75,364.537,4,4,1.059645366264658,1.061129043824767,2.780338233507435,2.792330615239075,0.0014836775601088092,0.011992381731639856
993,1,75,76,368.008,4,4,1.0533628224717448,1.0728845046528939,2.767268036330443,2.8549979103915613,0.019521682181149025,0.0877298740611181
1014,1,76,77,376.513,4,4,1.0385878022804955,1.0719527017347987,2.6769690628601572,2.850564415249613,0.03336489945430321,0.17359535238945556
1018,1,77,78,377.473,4,4,1.0719527017347987,1.0819001092350322,2.850564415249613,2.900853632623049,0.009947407500233485,0.05028921737343639
1024,1,78,79,379.761,4,4,1.0623138833926022,1.074099533057258,2.79991517151061,2.8590806862139058,0.011785649664655784,0.059165514703295674
1039,1,79,80,384.688,4,4,1.035468781762142,1.0563230894756561,2.6527094084704324,2.7790979920113816,0.020854307713514153,0.12638858354094928
1046,1,80,81,387.091,4,4,1.0642576876204384,1.0234667951922494,2.8138047274977267,2.593232126482411,-0.04079089242818901,-0.2205726010153155
1066,1,83,84,394.645,4,4,1.0453197686440254,1.0457357573793193,2.7264226368331226,2.711504950504562,0.0004159887352939151,-0.01491768632856072
1071,1,84,85,396.154,4,4,1.069991875805296,1.0633556569127471,2.834720020659618,2.8148457209056956,-0.00663621889254884,-0.019874299753922298
1078,1,85,86,399.111,4,4,1.050039154535809,1.0191980003277556,2.7264534320522222,2.5654469700678577,-0.030841154208053334,-0.16100646198436452
1085,1,86,87,401.629,4,3,1.0616561516492895,0.6870654670965752,2.7959250890537346,1.9760136666730097,-0.37459068455271427,-0.8199114223807249
1093,1,89,90,406.348,4,4,1.0637022595064227,1.0742758520683235,2.798354314033743,2.85739341910011,0.010573592561900824,0.059039105066367004
1102,1,90,91,410.046,4,4,1.0621744415482817,0.9837502983742015,2.805592547077137,2.4196098440787446,-0.0784241431740802,-0.3859827029983922
1115,1,91,92,413.454,4,4,1.0828535643909594,1.0733764970193158,2.9087822924513915,2.8607769575099375,-0.009477067371643555,-0.04800533494145398
1129,1,92,93,419.004,4,4,1.0478604001137901,1.0446764295151516,2.710474931449381,2.6981710050420777,-0.003183970598638508,-0.012303926407303045
1144,1,93,94,424.491,4,4,1.053252512159441,1.0487765821358983,2.753211021695178,2.7419661630813774,-0.004475930023542629,-0.011244858613800535
1154,1,94,95,427.384,4,4,1.0546595060976651,1.0089080877362466,2.776214455296778,2.5833032634134363,-0.045751418361418494,-0.19291119188334171
1160,1,95,96,428.889,4,4,1.084385750045228,1.0633830493899612,2.9177901098902668,2.81128974840746,-0.02100270065526688,-0.10650036148280684
1170,1,96,97,431.881,4,4,1.0807857245373826,1.0696062809069384,2.8982372877644287,2.8433997718015878,-0.011179443630444208,-0.05483751596284092
1178,1,97,98,435.297,4,4,1.065223844365579,1.0602106560327187,2.822082194192544,2.7970844649777353,-0.005013188332860352,-0.024997729214808473
1183,1,98,99,436.261,4,2,1.0190630734718773,-0.0,2.588897214825482,1.0,-1.0190630734718773,-1.588897214825482
1185,1,99,100,437.156,2,4,-0.0,1.0558266534159246,1.0,2.752905161956621,1.0558266534159246,1.7529051619566212
1189,1,100,101,438.057,4,4,1.0558266534159246,1.0673037935083765,2.752905161956621,2.8156231112671226,0.01147714009245182,0.06271794931050145
1193,1,101,102,439.608,4,4,1.0673037935083765,1.069017723997837,2.8156231112671226,2.8365037922163103,0.0017139304894604468,0.020880680949187713
1205,1,102,103,442.82,4,4,1.0728262829434536,1.0232371774900164,2.8489708449296205,2.6034972399801988,-0.0495891054534372,-0.24547360494942172
1214,1,103,104,446.821,4,4,1.079046446297108,1.0876207983705537,2.892805488147595,2.936051794545936,0.00857435207344559,0.04324630639834126
1218,1,104,105,448.999,4,4,1.0876207983705537,1.034769333213905,2.936051794545936,2.648797529486662,-0.052851465156648736,-0.287254265059274
1222,1,105,106,451.302,4,4,1.034769333213905,1.044777911540666,2.648797529486662,2.7158797087303945,0.010008578326760942,0.06708217924373239
1238,1,106,107,457.403,4,4,1.0674263844132694,1.0106839704985855,2.822752248767748,2.547988371513107,-0.05674241391468393,-0.274763877254641
1246,1,107,108,460.691,4,4,1.0830332850188407,1.0537243883546692,2.906264990826653,2.748176748418588,-0.02930889666417147,-0.15808824240806496
1256,1,108,109,464.503,4,4,1.0547752025031234,1.0650723929355026,2.7528062574412706,2.812153316020578,0.0102971904323792,0.05934705857930744
1261,1,109,110,467.045,4,4,1.0591269103693874,0.9898258451691881,2.7932541342725314,2.4793099612761273,-0.0693010652001993,-0.3139441729964041
1282,1,110,111,474.124,4,4,0.999846690834317,0.9470877651398898,2.504752390883884,2.342157611006963,-0.052758925694427194,-0.16259477987692073
1287,1,111,112,475.753,4,4,0.953566689027522,1.0575189295253615,2.380711181780199,2.76711367507722,0.10395224049783958,0.3864024932970209
1297,1,112,113,479.415,4,4,1.0247553824552638,0.998506869893731,2.594722535468412,2.4726660007389865,-0.02624851256153271,-0.12205653472942535
1322,1,113,114,487.469,4,4,0.9976236280064914,1.0892810730368265,2.499597357111684,2.9444103454917023,0.09165744503033513,0.4448129883800185
1339,1,114,115,493.341,4,4,1.0266101098493858,1.0034607097990886,2.608440126037513,2.529172813506821,-0.023149400050297197,-0.07926731253069219
1362,1,115,116,502.34,4,4,0.986206018964144,0.9946490331468887,2.503001093848147,2.523679512163955,0.008443014182744735,0.020678418315807967
1369,1,116,117,504.628,4,4,1.0537471028072818,1.0620579054871295,2.7604684332152347,2.788059814580617,0.00831080267984774,0.027591381365382084
1377,1,117,118,507.396,4,4,1.0727905842112277,1.043256493200307,2.8484182964301876,2.719299591821672,-0.02953409101092075,-0.1291187046085156
1385,1,118,119,510.432,4,4,1.0918959373042232,1.0181247781370548,2.959479718635292,2.5703927582850934,-0.07377115916716837,-0.38908696035019874
1411,1,119,120,519.061,4,4,0.9875464451087993,1.0758584586807796,2.4843840544057643,2.8735419985378066,0.08831201357198026,0.3891579441320423
1436,1,120,121,525.549,4,4,1.056074109537352,1.0416414540823564,2.7809621397892053,2.684012368485603,-0.014432655454995613,-0.09694977130360227
1444,1,121,122,527.988,4,3,1.0614140293133154,0.66565643308746,2.802346164892689,1.896677021151705,-0.3957575962258554,-0.9056691437409838
1447,1,122,123,529.316,3,4,0.66565643308746,1.0903045092574697,1.896677021151705,2.949744166014057,0.42464807617000966,1.053067144862352
1451,1,123,124,531.329,4,4,1.0903045092574697,1.009433178111201,2.949744166014057,2.546673688919623,-0.08087133114626877,-0.4030704770944342
1466,1,124,125,535.106,4,4,1.0419489192131728,1.0324435804489007,2.6797707144433422,2.6322695708168107,-0.009505338764272064,-0.04750114362653157
1474,1,125,126,538.239,4,4,1.0569629456264829,0.9989623484528447,2.778081014756731,2.527637581939143,-0.058000597173638146,-0.2504434328175882
1481,1,126,127,540.467,4,3,1.063890576322452,0.6489702716222123,2.8048371689365723,1.839850440155774,-0.41492030470023966,-0.9649867287807983
1484,1,127,128,542.979,3,4,0.6489702716222123,1.0703238158613924,1.839850440155774,2.8369737780213837,0.42135354423918003,0.9971233378656097
1494,1,128,129,546.955,4,4,1.0177222407153028,1.0768354720128737,2.6182701065314458,2.8748391681360745,0.059113231297570845,0.2565690616046288
1501,1,129,130,549.908,4,4,1.0559823873924463,1.0367280401566714,2.77914282633502,2.6655987110946042,-0.019254347235774905,-0.11354411524041597
1535,2,131,132,7.671,4,4,1.0468138811917176,1.0569898153283879,2.7056139858855626,2.7845543264841104,0.010175934136670284,0.07894034059854782
1541,2,132,133,9.614,4,4,1.08863544033966,1.04422061243894,2.9403997388299996,2.716051272895892,-0.044414827900720155,-0.22434846593410773
1582,2,133,134,23.826,4,4,1.06307104183388,1.0716466045420385,2.802336753270462,2.8459849303879654,0.008575562708158513,0.04364817711750346
1597,2,134,135,28.538,4,4,1.0665989489449255,1.0722436993617057,2.8127303336646796,2.845800328205844,0.005644750416780253,0.03306999454116433
1605,2,135,136,33.269,4,4,1.0619843899374994,1.0394683626594856,2.7879637602870138,2.6732481342711014,-0.022516027278013828,-0.11471562601591234
1625,2,136,137,40.954,4,4,1.0693541739483972,1.0063713613298737,2.8321634299854663,2.508547625351796,-0.06298281261852345,-0.3236158046336701
1641,2,137,138,47.78,4,4,0.9640043125173763,1.036546277784307,2.448414879076547,2.680828300091494,0.0725419652669308,0.23241342101494666
1665,2,138,139,56.785,4,4,1.041235239737574,1.0853895292843991,2.6799041100266447,2.9253465333313984,0.04415428954682521,0.24544242330475363
1669,2,139,140,58.747,4,4,1.0853895292843991,1.0344119376756349,2.9253465333313984,2.67089778931682,-0.05097759160876425,-0.2544487440145784
1695,2,140,141,69.9,4,4,0.9966679263084792,1.0700823341248817,2.514429325873143,2.832126149533848,0.07341440781640252,0.3176968236607052
1712,2,141,142,78.544,4,4,1.0892098078112622,1.0783350280854513,2.9452183295768557,2.886748585893493,-0.010874779725810857,-0.05846974368336255
1736,2,142,143,85.97,4,3,1.019181919333834,0.6925844833334149,2.5942335853894574,1.9977521625257577,-0.32659743600041913,-0.5964814228636997
1739,2,143,144,87.688,3,4,0.6925844833334149,1.0474305641692971,1.9977521625257577,2.7178826799560776,0.3548460808358822,0.7201305174303199
1757,2,144,145,92.33,4,4,1.0388551410057953,1.070366366502039,2.666311229242885,2.844968252714197,0.031511225496243744,0.17865702347131185
1766,2,145,146,95.073,4,4,1.057600174081391,1.090801878138596,2.7837121573788894,2.953568870149973,0.03320170405720502,0.16985671277108372
1772,2,146,147,96.947,4,4,1.0964508754917006,1.0669489107342058,2.987236133801684,2.8196848104193135,-0.02950196475749478,-0.16755132338237066
1776,2,147,148,98.93,4,4,1.0669489107342058,1.022041393374947,2.8196848104193135,2.588201768594117,-0.0449075173592588,-0.23148304182519652
1782,2,148,149,100.798,4,4,1.069327099097328,1.0434031225308649,2.838260088425411,2.704584717203608,-0.02592397656646317,-0.13367537122180284
1788,2,149,150,102.267,4,4,1.0875011403347687,1.0785376098621406,2.9344504055402627,2.881884791648412,-0.0089635304726281,-0.05256561389185066
1793,2,150,151,103.631,4,4,1.0938322851724747,1.0042376565196582,2.971552617519777,2.5360559389511925,-0.08959462865281642,-0.43549667856858454
1800,2,151,152,105.804,4,4,1.0696882887075507,1.0538761237786136,2.834643012149327,2.753553308111674,-0.01581216492893711,-0.08108970403765303
1808,2,152,153,108.771,4,4,1.0824463523627295,1.0894086551358202,2.9048538068613925,2.9442571983839647,0.006962302773090734,0.03940339152257222
1843,2,153,154,119.615,4,4,1.072114740767427,1.0462378187935013,2.8459373847023115,2.7166063581722057,-0.02587692197392566,-0.12933102653010575
1862,2,154,155,126.798,4,4,1.0879668661628377,1.063157413942393,2.9360668084325057,2.7962152059126435,-0.024809452220444728,-0.13985160251986217
1882,2,155,156,132.219,4,4,1.0386405524237616,0.9993130907833813,2.6745149368879844,2.547686481982131,-0.03932746164038037,-0.12682845490585315
1889,2,156,157,134.508,4,4,1.0745270723836193,1.0720889858539766,2.8569212218001474,2.842971286135148,-0.0024380865296427245,-0.013949935664999469
1898,2,157,158,137.91,4,4,1.052870959842652,1.0786616633161663,2.7477124962532247,2.89022705668108,0.02579070347351431,0.14251456042785549
1909,2,158,159,141.288,4,4,1.017910126222419,1.0449805448824647,2.598316156505988,2.7031607383579135,0.02707041866004567,0.10484458185192569
1939,2,159,160,150.913,4,4,1.0653752046478138,1.0878281987167737,2.806747891001595,2.935834945740517,0.022452994068959953,0.129087054738922
1943,2,160,161,151.862,4,4,1.0878281987167737,1.0422199398969645,2.935834945740517,2.6841482992535854,-0.04560825881980923,-0.2516866464869314
1947,2,161,162,153.125,4,4,1.0422199398969645,0.9975162336975281,2.6841482992535854,2.5303309545501227,-0.04470370619943642,-0.15381734470346276
1954,2,162,163,156.003,4,4,1.0624152188377751,1.08078001230573,2.7960464401789014,2.896982946189805,0.018364793467954943,0.10093650601090376
1970,2,163,164,161.549,4,4,1.0313615667666762,1.0566736855510175,2.646634394528159,2.7697347738644056,0.025312118784341253,0.1231003793362464
1986,2,164,165,165.257,4,4,1.052521192895441,1.031411381119085,2.7554429979863304,2.64696895750131,-0.021109811776355958,-0.1084740404850204
2016,2,165,166,173.566,4,4,1.069133708212371,1.0011355370074444,2.834997549221043,2.529926419779563,-0.06799817120492668,-0.30507112944148007
2028,2,166,167,178.088,4,4,1.0347794162657238,1.0178851887706515,2.644208928043093,2.5922055863643196,-0.0168942274950723,-0.052003341678773296
2039,2,167,168,180.856,4,4,0.9719926838559715,1.059077188276476,2.4437663540780177,2.769601880812886,0.08708450442050453,0.32583552673486826
2048,2,168,169,184.109,4,4,1.0487344626462263,1.0716455786736883,2.7140198058943326,2.8552287730557335,0.022911116027461986,0.14120896716140097
2061,2,169,170,188.496,4,4,1.065355292327291,1.0898773681692377,2.8106735383533707,2.9499499400702187,0.024522075841946656,0.13927640171684796
2076,2,170,171,192.548,4,4,0.995207164271029,1.0257411860614292,2.5089664007495003,2.5984106545060754,0.030534021790400212,0.08944425375657516
2083,2,171,172,194.506,4,4,1.056868318784035,1.0406221730198133,2.7789313701464606,2.6726028118525234,-0.016246145764221787,-0.10632855829393728
2106,2,172,173,202.765,4,4,1.034010548774043,1.0657002061803151,2.651054817074888,2.822024418776503,0.031689657406272165,0.17096960170161513
2121,2,173,174,207.352,4,4,0.9889546323852056,1.0954297785284122,2.4320882454861636,2.980873712113679,0.10647514614320652,0.5487854666275154
2151,2,174,175,215.766,4,4,0.9396342697756686,1.0611772918145403,2.310005344291626,2.805950013290584,0.1215430220388718,0.4959446689989577
2173,2,175,176,222.441,4,4,1.068465417126136,1.0833537551985066,2.8283108765188487,2.909385529276616,0.014888338072370555,0.08107465275776748
2177,2,176,177,224.345,4,4,1.0833537551985066,1.021565690385156,2.909385529276616,2.592464588618589,-0.06178806481335064,-0.3169209406580271
2184,2,177,178,226.997,4,4,1.0479330975240295,1.0768992204501906,2.717047381485839,2.8770040029114208,0.028966122926161075,0.15995662142558187
2192,2,178,179,229.66,4,4,1.0704653901458265,1.0476310797613726,2.842152527304611,2.7318394744957795,-0.022834310384453937,-0.11031305280883164
2199,2,179,180,231.668,4,4,1.079445983748951,1.0794648577108608,2.8923442140005027,2.891693564192779,1.8873961909804393e-05,-0.0006506498077238909
2204,2,180,181,233.731,4,4,1.0762571101572291,0.9847534140938912,2.872532805343567,2.430935769004968,-0.09150369606333797,-0.44159703633859904
2224,2,181,182,240.397,4,4,1.0756425852215854,1.0156718026757432,2.8734383111828605,2.567458700646272,-0.059970782545842205,-0.3059796105365886
2246,2,182,183,248.491,4,4,1.044190528594239,1.082516520096526,2.7027626906227264,2.90641328551335,0.038325991502287104,0.20365059489062354
2266,2,183,184,255.531,4,4,1.0563198956325055,1.0430423137165388,2.756031376571206,2.710747993309895,-0.01327758191596673,-0.045283383261311094
2274,2,184,185,257.793,4,4,1.0852710129407006,1.077511669526517,2.921708065039301,2.8801355444968157,-0.007759343414183606,-0.04157252054248506
2279,2,185,186,260.195,4,4,1.057154600722264,1.0676563629601439,2.7651488969858287,2.8174260977649785,0.010501762237879797,0.05227720077914988
2293,2,186,187,265.076,4,4,1.0466022714698828,1.0525894002569238,2.7036801633182885,2.7346933873435804,0.005987128787040996,0.03101322402529183
2301,2,187,188,268.804,4,4,1.0831400251915286,1.026149728570366,2.9119149798219506,2.6013886206669445,-0.05699029662116262,-0.31052635915500604
2321,2,188,189,274.715,4,4,0.9751455295095826,1.0203114885882532,2.4284349237640352,2.5900985695530694,0.0451659590786706,0.16166364578903414
2344,2,189,190,282.634,4,4,0.9442548167566764,1.0229632200649765,2.2956891843092944,2.630982266166221,0.07870840330830009,0.33529308185692663
2354,2,190,191,286.262,4,4,1.0764871470322679,1.0651653593772372,2.871610058212735,2.8152233526752277,-0.011321787655030668,-0.05638670553750735
2358,2,191,192,288.074,4,4,1.0651653593772372,1.050260533220358,2.8152233526752277,2.738980361524515,-0.014904826156879158,-0.07624299115071276
2362,2,192,193,289.837,4,4,1.050260533220358,1.0283254176250276,2.738980361524515,2.65094034473078,-0.021935115595330457,-0.08804001679373474
2387,2,193,194,299.15,4,4,1.0473016226697585,1.0336104819550647,2.725443653910386,2.6565605785092865,-0.013691140714693795,-0.06888307540109961
2429,2,194,195,313.301,4,4,0.9189232127338178,0.9357437253914145,2.259007910227643,2.2889725212769165,0.016820512657596653,0.029964611049273504
2441,2,195,196,317.054,4,4,1.0609937304485315,1.0472635481587185,2.7810354157399337,2.721475875079884,-0.013730182289813042,-0.05955954066004976
2453,2,196,197,320.406,4,4,1.00105017039715,1.077776523613848,2.4885422079537167,2.8797076192915494,0.07672635321669796,0.39116541133783267
2467,2,197,198,326.636,4,4,1.029938516993104,1.0821046190950658,2.645943804279435,2.905291963731706,0.05216610210196193,0.2593481594522711
2482,2,198,199,331.506,4,4,1.0484304211637112,1.046681360568524,2.7289748560561464,2.712024204764225,-0.0017490605951873128,-0.016950651291921304
2510,2,199,200,341.614,4,4,1.0780603432953595,0.9991189524156177,2.884970057293352,2.483010846320051,-0.07894139087974184,-0.4019592109733008
2545,2,200,201,355.413,4,4,1.04757458782777,1.058549599327345,2.7259975414534847,2.7908554665915895,0.010975011499575027,0.06485792513810473
2549,2,201,202,357.281,4,4,1.058549599327345,0.9935085706306623,2.7908554665915895,2.4494349561963373,-0.06504102869668271,-0.3414205103952521
2567,2,202,203,363.552,4,4,1.0516709118844068,1.0853204256638174,2.7446118165324562,2.921725807272134,0.03364951377941061,0.1771139907396777
2583,2,203,204,370.897,4,4,1.0389542660632722,1.0130678147209038,2.685640722201718,2.563539211162385,-0.025886451342368444,-0.12210151103933287
2601,2,204,205,375.144,4,4,1.0873347460526315,1.0461837960755396,2.936267191559507,2.7144214899443115,-0.0411509499770919,-0.22184570161519535
2623,2,205,206,382.288,4,4,0.9922848716842991,1.0458302760400413,2.4548071802374256,2.7278642737188554,0.05354540435574218,0.2730570934814298
2636,2,206,207,386.176,4,4,1.0003853273488994,1.030784703578988,2.5088979322296483,2.645145277585049,0.030399376230088704,0.13624734535540073
2643,2,207,208,389.113,4,4,1.0828594492575723,0.9940411268114464,2.908098293357883,2.50727692904346,-0.08881832244612586,-0.40082136431442317
2652,2,208,209,392.27,4,4,0.9882260679700854,1.0414442028446698,2.4466790918869696,2.6871616020437434,0.05321813487458438,0.2404825101567738
2667,2,209,210,397.246,4,4,1.0631377503217652,1.0315744594228424,2.802543224646177,2.6604743260106174,-0.031563290898922736,-0.14206889863555938
2678,2,210,211,401.782,4,4,1.0522671988431118,1.0577584830524043,2.7371203109308846,2.7750347703421134,0.005491284209292457,0.03791445941122884
2697,2,211,212,408.901,4,4,1.0788262922928131,1.0391087565404384,2.8870228585363815,2.6949094085965597,-0.03971753575237469,-0.19211344993982182
2703,2,212,213,410.79,4,4,1.003977757652214,1.0843264856047934,2.5108582553995475,2.9165918127242185,0.08034872795257941,0.405733557324671
2709,2,213,214,412.858,4,4,1.074566068940631,1.057200603399897,2.8597439803604017,2.7740233681312847,-0.017365465540733815,-0.08572061222911698
2721,2,214,215,417.909,4,4,1.0085739571656935,1.06474602179469,2.544895178676635,2.8142669937326974,0.05617206462899649,0.2693718150560622
2756,2,215,216,427.583,4,4,1.0429495388865004,0.9857760018089673,2.693941937901771,2.429482424975603,-0.05717353707753314,-0.2644595129261682
2765,2,216,217,431.394,4,4,1.0822646956253004,1.0223313048696132,2.903825428668763,2.6370876185227865,-0.059933390755687155,-0.26673781014597653
2791,2,217,218,440.09,4,4,1.0541219659716214,1.0563526136513413,2.744397633812976,2.773566580852008,0.0022306476797198105,0.029168947039031945
2805,2,218,219,444.536,4,4,1.0312086041603847,1.00441234117111,2.6432074301573105,2.514494755522337,-0.026796262989274844,-0.12871267463497338
2827,2,219,220,452.305,4,4,1.0150946476492586,1.0672293407818234,2.5668487388364274,2.832559431498303,0.0521346931325648,0.26571069266187575
2838,2,220,221,455.958,4,4,0.9683720398640732,1.0640447217748081,2.4585910504411297,2.801678686972105,0.09567268191073497,0.3430876365309752
2844,2,221,222,459.176,4,4,1.07526944213478,1.059837968798291,2.8670736240229604,2.794888174257462,-0.015431473336488866,-0.07218544976549834
2857,2,222,223,463.692,4,4,1.0827718021706954,1.0016632835533894,2.909033224011109,2.533554095479546,-0.08110851861730595,-0.37547912853156307
2901,2,223,224,477.439,4,4,1.0710623697609263,1.0597726111098638,2.837482037408039,2.785578695590359,-0.01128975865106252,-0.05190334181767975
2907,2,224,225,481.395,4,4,1.066347489203924,1.0291222610938577,2.821564068380047,2.6205259704536092,-0.03722522811006623,-0.20103809792643768
2935,2,225,226,489.61,4,4,1.0126750333219454,1.0779637315529105,2.5524430140645697,2.8778454033680956,0.06528869823096506,0.32540238930352583
2948,2,226,227,493.737,4,4,1.049861977866382,1.0321151285112313,2.728483056637014,2.664094651258013,-0.017746849355150696,-0.06438840537900115
2973,2,227,228,500.917,4,4,0.9850489056369491,1.060981248562482,2.478567074429168,2.7869065958807937,0.07593234292553297,0.3083395214516256
2977,2,228,229,502.431,4,4,1.060981248562482,1.0312966414735316,2.7869065958807937,2.6480188859221645,-0.029684607088950488,-0.1388877099586292
2984,2,229,230,504.629,4,4,0.9986682965150898,1.0399689977247766,2.538285019062133,2.698348508450604,0.04130070120968676,0.16006348938847115
2998,2,230,231,510.065,4,4,0.8229854212852634,1.0404696134668483,1.8953247312842172,2.699950336764728,0.21748419218158488,0.8046256054805108
3012,2,231,232,516.536,4,4,1.0861017555699284,0.9745259231375956,2.9258943209216928,2.375899215404597,-0.11157583243233282,-0.549995105517096
3025,2,232,233,521.898,4,4,1.026741014678333,1.013908145193574,2.6583370292419404,2.558718316580585,-0.012832869484758813,-0.09961871266135525
3048,2,233,234,528.895,4,4,1.009461162692043,0.9951560239158437,2.5462676362368164,2.4711949906634945,-0.014305138776199211,-0.07507264557332194
3056,2,234,235,531.332,4,4,1.0353248765009802,1.0343197496227117,2.665251864342003,2.652026794918176,-0.0010051268782684808,-0.013225069423826952
3061,2,235,236,533.29,4,3,1.0333663239737536,0.6745330200103605,2.6492196903353213,1.9286463529534759,-0.3588333039633931,-0.7205733373818455
3064,2,236,237,534.983,3,4,0.6745330200103605,1.0351906293242317,1.9286463529534759,2.6630791335661614,0.36065760931387114,0.7344327806126856
3070,2,237,238,537.8,4,4,1.0616975953285612,1.0483313097368496,2.791454502111577,2.723752095440859,-0.013366285591711602,-0.06770240667071814
3090,2,238,239,545.125,4,4,1.049498120621174,0.919691745887911,2.7287868899737724,2.1799516978307385,-0.12980637473326295,-0.5488351921430339
3107,2,239,240,552.126,4,4,1.0562372563766047,1.0481137318035623,2.7589007945114346,2.7168746170790876,-0.00812352457304244,-0.042026177432346934
3127,2,240,241,557.753,4,4,1.0559853191703206,1.0326003599598317,2.7556398507823263,2.656954724028959,-0.023384959210488887,-0.09868512675336749
3159,2,241,242,570.335,4,4,1.0633694412507995,1.045893769488711,2.794135793644927,2.705301976042836,-0.01747567176208853,-0.08883381760209108
3168,2,242,243,573.803,4,4,1.0054721884558933,1.0636050453972246,2.5752227594464268,2.807016271681963,0.0581328569413313,0.23179351223553635
3185,2,243,244,580.712,4,4,1.0119570988052269,1.0740317438140794,2.5320285282674186,2.8643699254346244,0.062074645008852514,0.3323413971672058
3200,2,244,245,586.019,4,4,1.0568484234690814,1.034527061861415,2.7809393407130187,2.654903898693092,-0.02232136160766629,-0.12603544201992678
3228,3,246,247,6.926,4,4,1.0471055356850745,1.0880364910315004,2.7127364046731395,2.939754350397037,0.04093095534642588,0.22701794572389744
3251,3,247,248,15.201,4,4,1.0900889110169623,1.0712514454936692,2.948848534080367,2.8529596451589234,-0.018837465523293018,-0.09588888892144354
3262,3,248,249,19.812,4,4,1.0879271224206917,1.0832148385915827,2.937356610813104,2.907393388664471,-0.004712283829108932,-0.029963222148632784
3268,3,249,250,22.494,4,4,1.087379130453645,1.0157411474037277,2.9364750520992486,2.5720117426384164,-0.07163798304991742,-0.3644633094608323
3273,3,250,251,24.963,4,4,1.0352347935939024,1.0510761890043498,2.6610314833423416,2.7277250206613606,0.01584139541044749,0.06669353731901895
3279,3,251,252,28.095,4,4,1.0085335251474592,0.9921564561689091,2.530316187319785,2.4637712709880772,-0.01637706897855007,-0.06654491633170778
3285,3,252,253,30.717,4,4,1.066928717517131,1.0446311389070804,2.815295954524648,2.7320293529444326,-0.02229757861005055,-0.08326660158021548
3291,3,253,254,32.107,4,4,1.0555671765499786,1.0548591771210223,2.7528376282849663,2.756214218210264,-0.0007079994289562741,0.0033765899252977682
3307,3,254,255,36.724,4,4,1.0255243285047677,1.0354254934650002,2.596684291100789,2.674815927832751,0.009901164960232522,0.07813163673196177
3337,3,255,256,47.112,4,4,1.0757753932907042,0.9921564561689091,2.8662440860375376,2.4637712709880772,-0.08361893712179502,-0.4024728150494603
3343,3,256,257,49.79,4,4,1.066928717517131,1.083508661472906,2.815295954524648,2.9139766425598013,0.016579943955775,0.09868068803515317
3357,3,257,258,53.263,4,4,1.0690720923804864,1.0268682097877897,2.825370579808506,2.6138488540386113,-0.042203882592696695,-0.2115217257698947
3374,3,258,259,58.36,4,4,1.0536907263529496,1.0679924180391258,2.7435569791040466,2.827568058319449,0.014301691686176232,0.08401107921540252
3382,3,259,260,60.339,4,4,1.0837409178565036,0.9565378142632529,2.911128545231586,2.3017013111519478,-0.1272031035932507,-0.6094272340796381
3402,3,262,263,69.181,4,4,0.7657508711525514,0.9827474456378895,1.7862471388737111,2.48264461908095,0.21699657448533816,0.696397480207239
3407,3,263,264,70.53,4,4,1.022612225755636,1.069892770810008,2.641327177461298,2.844943055677757,0.04728054505437207,0.20361587821645877
3411,3,264,265,72.295,4,3,1.069892770810008,0.6892540046925171,2.844943055677757,1.9845675228123425,-0.38063876611749103,-0.8603755328654143
3414,3,265,266,73.364,3,4,0.6892540046925171,1.0698777420302308,1.9845675228123425,2.842704021836923,0.3806237373377137,0.8581364990245803
3421,3,266,267,76.571,4,4,1.078567705518883,1.037629965111504,2.88177129791416,2.696686868646381,-0.040937740407378964,-0.1850844292677789
3428,3,267,268,80.173,4,4,1.0537982731366062,1.0474888187418754,2.757191534089797,2.7118544796159045,-0.006309454394730851,-0.04533705447389247
3432,3,268,269,81.926,4,4,1.0474888187418754,1.0792251594849576,2.7118544796159045,2.8923680096622575,0.03173634074308218,0.18051353004635295
3454,3,269,270,88.76,4,4,0.9985989109490494,1.0206983255347915,2.529487791494623,2.5793888575557515,0.02209941458574205,0.04990106606112832
3461,3,270,271,91.938,4,4,1.0812262555126524,1.0738771081513647,2.9006892931932753,2.8548622262620493,-0.007349147361287667,-0.04582706693122596
3467,3,271,272,94.183,4,4,1.0294143827574687,0.910414390274045,2.626203998883644,2.207361015960986,-0.11899999248342363,-0.4188429829226581
3476,3,272,273,97.11,4,4,1.0321411586888665,1.0077189095995513,2.6312514854211475,2.545625923941924,-0.024422249089315118,-0.0856255614792234
3486,3,273,274,100.029,4,4,1.046724214234834,0.9995474013989656,2.7037992479216224,2.5228444842650513,-0.0471768128358685,-0.18095476365657115
3494,3,274,275,103.611,4,4,1.0163195086603871,1.0037605785927948,2.5528305031009966,2.5409660538428938,-0.012558930067592344,-0.011864449258102816
3499,3,275,276,105.784,4,3,1.047029992558359,0.6560206722404862,2.735310205598271,1.8633607860003805,-0.39100932031787283,-0.8719494195978905
3502,3,276,277,108.122,3,4,0.6560206722404862,1.0729689356812266,1.8633607860003805,2.8475080500036967,0.41694826344074043,0.9841472640033162
3526,3,277,278,115.932,4,4,1.0797964134819342,1.0595321975412988,2.888890713263374,2.778890657668773,-0.020264215940635433,-0.11000005559460124
3532,3,278,279,118.4,4,4,1.0635264203951422,1.0694232185846402,2.8005999819791616,2.8283615446561976,0.005896798189497954,0.027761562677036
3544,3,279,280,122.976,4,3,0.9794257241419522,0.6924197575071842,2.4133545383806054,1.997095238339542,-0.28700596663476796,-0.4162593000410635
3547,3,280,281,124.595,3,4,0.6924197575071842,1.0631123973369543,1.997095238339542,2.800458723074705,0.3706926398297701,0.803363484735163
3551,3,281,282,126.418,4,4,1.0631123973369543,0.8264023645917029,2.800458723074705,1.9254389541214905,-0.23671003274525138,-0.8750197689532144
3556,3,282,283,128.232,4,4,0.9356415345191439,1.070805343041891,2.274354050345109,2.8491265612262078,0.135163808522747,0.5747725108810986
3564,3,283,284,131.529,4,4,1.0111875337719554,1.0637535303931047,2.568507859048229,2.8044572941361743,0.05256599662114936,0.2359494350879454
3574,3,284,285,134.488,4,4,1.0094953824374828,1.0478220769232245,2.540924254695588,2.7112254331575656,0.038326694485741664,0.17030117846197745
3580,3,285,286,136.312,4,4,1.0521961190059717,1.0675234150741129,2.733147605923333,2.818666027825319,0.015327296068141205,0.08551842190198577
3587,3,286,287,137.865,4,4,1.0111724604469945,1.050106970894878,2.5893345503021457,2.7277235745830786,0.03893451044788354,0.13838902428093292
3592,3,287,288,139.77,4,4,1.0680854843707228,1.08198893577187,2.8224739770296443,2.9054759261992937,0.013903451401147127,0.08300194916964942
3608,3,288,289,144.927,4,4,1.0285308426775344,1.009181525185016,2.648067075996992,2.5218018036956784,-0.019349317492518336,-0.12626527230131357
3615,3,289,290,147.397,4,4,1.0313044515334757,1.081666294763782,2.629439499661798,2.899227478692633,0.05036184323030635,0.26978797903083507
3623,3,290,291,149.855,4,4,1.0044797206233191,1.0502724408042803,2.5423014312367225,2.7366262015547456,0.045792720180961144,0.1943247703180231
3629,3,291,292,151.0,4,4,1.051740406161098,0.9943880634765991,2.734163223179781,2.49019488815818,-0.05735234268449885,-0.24396833502160087
3633,3,292,293,152.843,4,2,0.9943880634765991,-0.0,2.49019488815818,1.0,-0.9943880634765991,-1.4901948881581801
3635,3,293,294,153.752,2,2,-0.0,-0.0,1.0,1.0,0.0,0.0
3637,3,294,295,155.24,2,4,-0.0,1.0773195199444014,1.0,2.8751191555123623,1.0773195199444014,1.8751191555123623
3645,3,295,296,158.562,4,4,1.0940500342136392,0.9515881972473844,2.973236902960528,2.308369780483327,-0.1424618369662548,-0.6648671224772009
3654,3,296,297,161.896,4,4,1.0513132723086493,0.9184904525126181,2.7301851698150186,2.1726045212025142,-0.13282281979603128,-0.5575806486125043
3667,3,297,298,165.759,4,4,1.0330900615879852,1.0311278973995952,2.6759032791910804,2.6531670884831358,-0.0019621641883900143,-0.022736190707944637
3694,3,298,299,173.356,4,4,1.0772025688367606,1.0184157435771688,2.882396624916903,2.5618099236461562,-0.05878682525959178,-0.32058670127074684
3704,3,299,300,176.63,4,4,1.0484356545052123,1.0765051743157645,2.735768234830941,2.8708697273350947,0.02806951981055228,0.1351014925041536
3721,3,300,301,182.202,4,4,1.0169337868776107,1.0658037645662335,2.5682182051223537,2.815421321185909,0.04886997768862278,0.2472031160635555
3757,3,301,302,193.057,4,4,1.0737467867739174,1.0612701766483603,2.8522247508923275,2.7928927438902846,-0.01247661012555712,-0.059332007002042886
3761,3,302,303,195.582,4,4,1.0612701766483603,1.0595329985129625,2.7928927438902846,2.7839121915848963,-0.0017371781353978655,-0.0089805523053883
3765,3,303,304,197.854,4,4,1.0595329985129625,1.0900576215621183,2.7839121915848963,2.948213017355039,0.03052462304915582,0.16430082577014282
3795,3,304,305,206.886,4,4,1.0497411031987918,1.0780385435656232,2.7524391313436594,2.881855352475096,0.02829744036683146,0.1294162211314367
3804,3,305,306,210.249,4,4,1.0657783958934908,1.0574969246039863,2.814650991677336,2.7668083492769626,-0.008281471289504516,-0.0478426424003735
3824,3,306,307,215.542,4,4,1.0793638714218672,1.056702199210704,2.892617469444253,2.7682489530889027,-0.02266167221116322,-0.12436851635535007
3831,3,307,308,218.089,4,4,1.0212358706879248,1.054019601686715,2.6239493194904786,2.76447347437339,0.03278373099879017,0.14052415488291148
3837,3,308,309,219.983,4,4,1.0639802262924407,0.9478129436154306,2.8095332425431643,2.280247348208591,-0.11616728267701015,-0.5292858943345733
3842,3,309,310,222.555,4,3,1.051068207205558,0.6905888820561178,2.7458149435046164,1.9898275394684057,-0.36047932514944014,-0.7559874040362107
3845,3,310,311,224.548,3,4,0.6905888820561178,1.0441030121037995,1.9898275394684057,2.6978295063232856,0.35351413004768173,0.7080019668548798
3863,3,311,312,231.538,4,4,0.7411545082327456,1.082572220637796,1.8518459867826693,2.9075648038936093,0.34141771240505026,1.05571881711094
3880,3,312,313,238.242,4,4,1.0545229977776371,1.05717147287542,2.7728696178367076,2.7627786564045507,0.0026484750977828764,-0.01009096143215693
3886,3,313,314,239.831,4,3,1.0618657628415198,0.6862348848416803,2.7861291243226223,1.9727898837352904,-0.3756308779998395,-0.8133392405873319
3889,3,314,315,240.795,3,4,0.6862348848416803,1.0457581031278904,1.9727898837352904,2.7006551322805286,0.35952321828621014,0.7278652485452382
3900,3,315,316,244.822,4,4,1.050095505132353,1.044187567182327,2.733257449422324,2.7132907461709883,-0.0059079379500259765,-0.019966703251335538
3909,3,316,317,246.937,4,4,1.07757653189447,1.0581897781335008,2.880474160224494,2.778948446311373,-0.0193867537609691,-0.10152571391312115
3927,3,320,321,252.436,4,4,1.0311612434024524,1.0250298945065162,2.6335588936031624,2.6067209220452745,-0.0061313488959362505,-0.02683797155788792
3931,3,321,322,254.289,4,4,1.0250298945065162,1.0520308844943471,2.6067209220452745,2.762957892124667,0.02700098998783096,0.15623697007939263
3943,3,322,323,257.457,4,4,1.0734828749769985,1.063228091117688,2.8598769432654993,2.795258081659595,-0.010254783859310557,-0.06461886160590424
3951,3,323,324,260.835,4,4,1.014678223255656,1.06164405307431,2.5575215891861793,2.7941240743203335,0.04696582981865416,0.23660248513415416
3960,3,324,325,264.413,4,4,1.0456851584733469,1.0641533896583826,2.726304129654841,2.8167693091921464,0.01846823118503571,0.09046517953730548
3993,3,325,326,275.252,4,4,1.029053963106592,1.0559072725422693,2.6596521448971098,2.7728295505751848,0.02685330943567732,0.113177405678075
4009,3,326,327,280.774,4,4,1.0454890014669376,1.0512426739675895,2.7030378566772817,2.7435795240705625,0.005753672500651952,0.0405416673932808
4043,3,327,328,291.648,4,4,1.0564732183214653,1.0764369554897042,2.7831531870086685,2.875194884535875,0.01996373716823885,0.09204169752720626
4052,3,328,329,294.295,4,4,1.0814502852101282,1.0697799937994867,2.9024330963601255,2.834181675063305,-0.011670291410641465,-0.0682514212968206
4064,3,329,330,299.506,4,4,1.0366818311537433,1.0790061177216002,2.681945041099904,2.885630841020832,0.042324286567856806,0.20368579992092783
4084,3,330,331,307.496,4,4,1.0753893289923329,1.0683860370525835,2.8730602323043914,2.821719946875449,-0.0070032919397493565,-0.05134028542894242
4094,3,331,332,310.771,4,4,1.0764939977811707,1.07406347758017,2.876278065231873,2.865511441255689,-0.002430520201000652,-0.010766623976183887
4104,3,332,333,315.247,4,3,1.083359205810254,0.6926524536569671,2.9125200062083976,1.998023374206599,-0.39070675215328676,-0.9144966320017986
4107,3,333,334,316.661,3,4,0.6926524536569671,1.0663655416027746,1.998023374206599,2.813699737878953,0.3737130879458075,0.8156763636723543
4114,3,334,335,319.68,4,4,1.0402242922228337,1.013853583400485,2.700885807860649,2.572601044627531,-0.02637070882234882,-0.12828476323311788
4126,3,335,336,323.627,4,4,1.0900800584216856,1.089212270487437,2.9507361162276387,2.9462708607607273,-0.0008677879342486872,-0.004465255466911344
4139,3,336,337,328.244,4,4,0.9842818913621747,0.9904553899360107,2.4282057639109285,2.4383799446668495,0.006173498573835978,0.010174180755921025
4147,3,337,338,332.106,4,4,1.0895020635058725,1.0523396799655689,2.9480301084782368,2.746650450566853,-0.037162383540303656,-0.2013796579113838
4158,3,338,339,337.638,4,4,0.950515725823367,1.0695732456490121,2.343848808413241,2.8407645930809022,0.11905751982564516,0.49691578466766106
4168,3,339,340,343.314,4,4,1.0695553782294993,0.9840070493416473,2.8279785652408274,2.4758696838706795,-0.08554832888785202,-0.35210888137014784
4191,3,340,341,352.433,4,3,0.9334954357050871,0.6826661103137857,2.2168617864592264,1.959077223229066,-0.2508293253913014,-0.2577845632301603
4194,3,341,342,353.608,3,4,0.6826661103137857,0.9924657028134547,1.959077223229066,2.4619424450431464,0.30979959249966904,0.5028652218140803
4199,3,342,343,355.88,4,4,1.0439073102779783,1.056281114805835,2.7235936702050094,2.773665678792751,0.012373804527856747,0.050072008587741745
4207,3,343,344,359.228,4,4,1.0628857556934606,1.0182752816907932,2.791151581444876,2.5804625875375464,-0.04461047400266738,-0.21068899390732954
4211,3,344,345,361.356,4,3,1.0182752816907932,0.689860193702551,2.5804625875375464,1.9869521468271858,-0.32841508798824215,-0.5935104407103606
4214,3,345,346,362.55,3,4,0.689860193702551,1.0670631337138874,1.9869521468271858,2.818103885669955,0.37720294001133636,0.8311517388427692
4218,3,346,347,365.132,4,4,1.0670631337138874,1.0592173719971212,2.818103885669955,2.7769105435105215,-0.007845761716766209,-0.04119334215943349
4229,3,347,348,368.579,4,4,1.0358924642630882,1.0743951851639626,2.678205031653448,2.8597486977624333,0.038502720900874365,0.1815436661089853
4241,3,348,349,372.782,4,4,1.0030878730724861,1.0268805812040045,2.491352920675291,2.6139802122509885,0.023792708131518348,0.1226272915756974
4246,3,349,350,375.645,4,4,1.068387793123826,1.0537704929865455,2.822732675275029,2.748109702118565,-0.014617300137280465,-0.07462297315646405
4253,3,350,351,377.89,4,4,1.0872248365469332,1.0534519261539712,2.934958697391973,2.763817827764138,-0.03377291039296204,-0.17114086962783492
4258,3,351,352,380.302,4,4,1.0516630638272326,1.0355096724365198,2.7568772802708903,2.6832940137953525,-0.016153391390712812,-0.07358326647553781
4269,3,352,353,383.589,4,4,1.0691779015123322,1.0520389923478217,2.828218544561506,2.7537247731288317,-0.01713890916451044,-0.0744937714326741
4290,3,353,354,391.494,4,4,1.0576015924116406,1.0948003822126633,2.781421786287246,2.9775747953042595,0.03719878980102265,0.1961530090170136
4303,3,354,355,396.241,4,4,1.0696844512258878,1.033258631664808,2.83470683835197,2.646759977157452,-0.03642581956107982,-0.18794686119451764
4325,3,355,356,404.955,4,4,1.0851853437467758,1.0746685113116865,2.9194627858824993,2.867497084104405,-0.010516832435089274,-0.05196570177809434
4333,3,356,357,407.264,4,4,1.0732780432816225,1.0501895608329817,2.860658478715758,2.7215153147116093,-0.023088482448640812,-0.13914316400414872
4337,3,357,358,408.763,4,4,1.0501895608329817,1.021772842026985,2.7215153147116093,2.6169279832510877,-0.02841671880599672,-0.10458733146052168
4343,3,358,359,411.475,4,4,1.0049024533159239,1.0224256784710306,2.5323650612615625,2.6253703764550047,0.017523225155106736,0.09300531519344224
4348,3,359,360,412.939,4,4,0.9668975142437074,1.0658602237233459,2.362110699493348,2.8128227439838733,0.09896270947963848,0.45071204449052527
4352,3,360,361,415.147,4,3,1.0658602237233459,0.6821823082800447,2.8128227439838733,1.9572354346241398,-0.3836779154433012,-0.8555873093597335
4355,3,361,362,416.909,3,4,0.6821823082800447,1.0008193070014464,1.9572354346241398,2.5602032400974446,0.3186369987214017,0.6029678054733048
4364,3,362,363,420.886,4,4,1.075753688560936,1.0650292424204957,2.8712160667685755,2.8157078078122706,-0.010724446140440325,-0.05550825895630496
4372,3,363,364,423.478,4,2,1.0164103708564947,-0.0,2.5744146821473657,1.0,-1.0164103708564947,-1.5744146821473657
4374,3,364,365,425.167,2,4,-0.0,1.0655345051239993,1.0,2.822740246759801,1.0655345051239993,1.822740246759801
4381,3,365,366,427.245,4,4,1.0658948957333148,1.0521026124947424,2.8178593216053884,2.7566673362938445,-0.0137922832385724,-0.061191985311543906
4385,3,366,367,429.028,4,4,1.0521026124947424,1.0704203095954508,2.7566673362938445,2.833728016081636,0.018317697100708408,0.0770606797877913
4390,3,367,368,431.775,4,4,1.0453502938650276,1.066523137078304,2.696091597783827,2.830663549477438,0.021172843213276282,0.13457195169361125
4401,3,368,369,434.78,4,4,1.0320707412517656,1.01913327393788,2.6551145489014076,2.6253052343675765,-0.012937467313885564,-0.029809314533831177
4408,3,369,370,436.962,4,4,1.0761079389551247,1.0701429201663175,2.8711195557761213,2.847539849243838,-0.005965018788807175,-0.02357970653228314
4412,3,370,371,439.085,4,4,1.0701429201663175,1.085753104097876,2.847539849243838,2.9250497091024754,0.015610183931558552,0.07750985985863723
4416,3,371,372,440.914,4,4,1.085753104097876,1.0635837757657152,2.9250497091024754,2.798403804452535,-0.022169328332160898,-0.12664590464994063
4425,3,372,373,443.169,4,4,0.9088706998665232,1.0696750842398466,2.302638481956146,2.8431937017491813,0.16080438437332334,0.5405552197930352
4434,3,373,374,446.295,4,4,1.0622002127475663,1.0270499466112275,2.808492050389661,2.625250761695805,-0.03515026613633876,-0.18324128869385614
4460,3,374,375,455.366,4,2,0.9844996756083486,-0.0,2.4096435560644616,1.0,-0.9844996756083486,-1.4096435560644616
4462,3,375,376,456.934,2,4,-0.0,1.0444180393378277,1.0,2.72355168705153,1.0444180393378277,1.72355168705153
4475,3,376,377,460.011,4,4,1.052208088395587,1.0662377511932974,2.7614977381457533,2.814914620187023,0.01402966279771034,0.05341688204126971
4485,3,377,378,463.908,4,4,0.9697757924560659,1.0430083232360166,2.3586451816733356,2.691852611151723,0.07323253077995062,0.33320742947838733
4502,3,378,379,469.305,4,4,1.0189608963277013,1.0380952228433173,2.589311244547125,2.6759041762919202,0.019134326515616085,0.0865929317447951
4515,3,379,380,475.326,4,4,1.0614530505392632,1.03994446750874,2.793427841401594,2.6777223288127856,-0.021508583030523276,-0.11570551258880846
4522,3,380,381,477.09,4,4,1.058202877195089,1.0482620815031143,2.787767563807885,2.7114552677014756,-0.009940795691974813,-0.07631229610640933
4527,3,381,382,478.683,4,4,1.0674378215822424,1.0730729962091061,2.834372657026192,2.8559081446354155,0.005635174626863693,0.021535487609223747
4534,3,382,383,481.037,4,4,1.0345384549515217,1.007276052389252,2.66717841080377,2.515744762428308,-0.02726240256226964,-0.15143364837546214
4543,3,383,384,484.394,4,4,1.0633281477904288,1.043858097028899,2.8136124056399243,2.6979505739472707,-0.019470050761529745,-0.11566183169265365
4559,3,384,385,489.705,4,4,1.051989045584665,1.0574897722627357,2.7538887987358547,2.7725379617640113,0.0055007266780706665,0.018649163028156668
4579,3,385,386,496.725,4,4,0.9968509297105421,1.0614261226544515,2.464916784166829,2.799796110747232,0.06457519294390934,0.3348793265804031
4583,3,386,387,499.148,4,4,1.0614261226544515,1.0309757413148095,2.799796110747232,2.6427278648022448,-0.030450381339641952,-0.15706824594498725
4590,3,387,388,501.531,4,4,1.054141048297896,1.0834149486636044,2.7518206051917558,2.9140545473059944,0.02927390036570854,0.1622339421142387
4603,3,388,389,505.264,4,4,1.079397205940757,1.056289007679883,2.8895665437559592,2.7714233866071045,-0.02310819826087407,-0.1181431571488547
4611,3,389,390,508.287,4,4,1.0792524901197211,0.9934646605846053,2.8915801921656192,2.480453211427106,-0.08578782953511588,-0.4111269807385134
4617,3,390,391,510.29,4,4,1.023032577666089,1.0759346711724316,2.590405686547915,2.876501972592493,0.05290209350634267,0.28609628604457793
4626,3,391,392,513.818,4,4,1.0790032939954348,1.0659008244873682,2.882978673564751,2.8198014277968078,-0.013102469508066594,-0.06317724576794337
4630,3,392,393,516.12,4,4,1.0659008244873682,1.017457722599082,2.8198014277968078,2.602410089825914,-0.048443101888286266,-0.2173913379708936
4641,3,393,394,519.665,4,4,1.0489159623034308,1.0463245781714516,2.7281323987419484,2.7256250565395,-0.002591384131979124,-0.002507342202448193
4659,3,394,395,525.586,4,4,1.079339592447304,1.0370882261861905,2.8882723218641804,2.654452066370553,-0.04225136626111348,-0.23382025549362728
4672,3,395,396,530.263,4,4,1.0152083898641509,1.0369879074512163,2.597036613407627,2.659316943417292,0.021779517587065422,0.06228033000966482
4679,3,396,397,533.316,4,4,1.0316818981673364,1.0637424888610014,2.629624410611891,2.8020889436207357,0.03206059069366507,0.1724645330088448
4684,3,397,398,535.301,4,4,1.0863522979076459,1.0375120819809922,2.926023818237191,2.668537350734861,-0.04884021592665366,-0.2574864675023303
4695,3,398,399,538.583,4,4,1.0503702615902661,1.0322277306337515,2.729586444016904,2.6289166498894683,-0.018142530956514635,-0.10066979412743571
4718,3,399,400,546.938,4,4,0.9979899777307679,1.043132396753597,2.5037774526373457,2.721979905183271,0.04514241902282912,0.2182024525459254
4732,3,400,401,552.966,4,4,1.072757230526372,0.8663325310284575,2.860536011892307,1.997442061843385,-0.20642469949791442,-0.8630939500489219
4740,3,401,402,556.284,4,4,1.060532382765587,1.0902098497629622,2.796864414924888,2.9517516145597247,0.029677466997375168,0.15488719963483666
4754,3,402,403,560.922,4,4,1.0633047970253957,1.0722002898066036,2.8017041715171507,2.852071963351024,0.008895492781207937,0.05036779183387319
4764,3,403,404,564.164,4,4,1.0831583141677061,1.0945810501516515,2.912563185497354,2.975742608941785,0.011422735983945387,0.06317942344443095
4782,3,404,405,570.235,4,4,0.9966652297116501,1.0184066045338853,2.5226438822076096,2.576274741635857,0.02174137482223526,0.0536308594282473
4788,3,405,406,572.438,4,4,1.0405025749222059,1.0191726439349855,2.679477200946467,2.6018124690287583,-0.021329930987220358,-0.07766473191770862
4799,3,406,407,577.176,4,4,1.0504403847319126,1.0709186352417084,2.723019717995577,2.8374447729745382,0.020478250509795792,0.11442505497896116
4822,3,407,408,585.72,4,4,1.0808783472557892,1.077795353036823,2.9014008636131967,2.886068240073482,-0.003082994218966295,-0.015332623539714874
4833,3,408,409,590.015,4,4,0.9313822241731445,1.082599024829419,2.318279950803617,2.903911330666673,0.15121680065627452,0.5856313798630559
4837,3,409,410,592.502,4,4,1.082599024829419,1.0862622591338593,2.903911330666673,2.9281425487890838,0.003663234304440266,0.02423121812241069
4849,3,410,411,596.972,4,3,1.0440165196968045,0.6760929232547315,2.730191072870956,1.934396545343947,-0.36792359644207306,-0.7957945275270091
4852,3,411,412,598.017,3,3,0.6760929232547315,0.6912620223166406,1.934396545343947,1.9924923949036153,0.015169099061909108,0.0580958495596684
4855,3,412,413,599.485,3,4,0.6912620223166406,1.0720166328419183,1.9924923949036153,2.8438239695089353,0.3807546105252777,0.85133157460532
4859,3,413,414,601.184,4,4,1.0720166328419183,0.9439173111510941,2.8438239695089353,2.3486178162438893,-0.12809932169082416,-0.495206153265046
4863,3,414,415,603.091,4,4,0.9439173111510941,1.003016631272265,2.3486178162438893,2.50185015670813,0.05909932012117092,0.15323234046424083
4871,3,415,416,606.384,4,4,1.0771433437351123,0.9234879521352879,2.8809111412676516,2.216227204225264,-0.15365539159982444,-0.6646839370423874
4882,3,416,417,610.441,4,4,1.067055631979231,1.0054779913729441,2.827569917864391,2.569738837792497,-0.0615776406062869,-0.25783108007189437
4889,3,417,418,614.418,4,4,1.0506452989832695,1.0834746185209085,2.750627988449489,2.909550647064217,0.03282931953763901,0.1589226586147281
4894,3,418,419,615.972,4,4,1.0917092493752019,1.0822233814601387,2.9590457535028265,2.90381595142229,-0.009485867915063118,-0.055229802080536405
4899,3,419,420,617.88,4,4,1.0870921568803522,1.0520031115004904,2.9331291907684047,2.750585452900687,-0.035089045379861794,-0.18254373786771794
4908,3,420,421,619.958,4,4,1.0655157988272577,1.0499717365328234,2.8247648288696294,2.7225218004169265,-0.01554406229443428,-0.10224302845270294
4913,3,421,422,621.722,4,4,1.0566215976141409,1.0710226578064774,2.7575243017898394,2.8454656652273083,0.014401060192336557,0.08794136343746883
4923,3,422,423,624.41,4,4,1.094491011235778,0.9439173868445789,2.975734497174087,2.348618158703032,-0.15057362439119903,-0.6271163384710547
4927,3,423,424,625.933,4,4,0.9439173868445789,1.0715912150661047,2.348618158703032,2.847622449931275,0.12767382822152573,0.49900429122824264
4931,3,424,425,627.122,4,4,1.0715912150661047,0.999077786933503,2.847622449931275,2.555371987371713,-0.07251342813260164,-0.2922504625595619
4937,3,425,426,628.955,4,3,1.0876992992535879,0.6601027974147734,2.9377780225403045,1.877304026807415,-0.4275965018388145,-1.0604739957328895
4940,3,426,427,630.393,3,4,0.6601027974147734,1.0561065443239748,1.877304026807415,2.7763735921245027,0.39600374690920137,0.8990695653170877
4947,3,427,428,632.512,4,4,1.055401044881634,1.0750369092840562,2.778101171417328,2.8609404966629555,0.019635864402422154,0.08283932524562765
4955,3,428,429,634.79,4,4,1.0797932850962966,0.9855264180172429,2.894679614590064,2.4403602790701036,-0.09426686707905363,-0.4543193355199606
4959,3,429,430,636.303,4,3,0.9855264180172429,0.6739171026324825,2.4403602790701036,1.9263870008776158,-0.31160931538476044,-0.5139732781924877
4962,3,430,431,637.937,3,4,0.6739171026324825,1.0500233091918942,1.9263870008776158,2.7207370578595116,0.37610620655941174,0.7943500569818958
4980,3,431,432,643.358,4,4,1.0260651791399182,0.997966361562179,2.640398607930416,2.5189083397341965,-0.028098817577739243,-0.12149026819621955
4996,3,432,433,648.858,4,4,1.0159005249720663,1.010346782104748,2.5527638014889376,2.5412646249711934,-0.005553742867318245,-0.011499176517744125
5001,3,433,434,650.601,4,4,1.05256286769951,0.9897321615448851,2.748643593037846,2.4558276955348384,-0.06283070615462494,-0.2928158975030075
5014,3,434,435,654.794,4,4,1.0458736909257131,1.068334578510723,2.7084483366443557,2.8302975804493995,0.02246088758500986,0.1218492438050438
5018,3,435,436,656.817,4,4,1.068334578510723,1.070226529727961,2.8302975804493995,2.8444942345504245,0.0018919512172379527,0.014196654101024997
5025,3,436,437,660.405,4,4,1.093776103179269,0.9862547511826141,2.970672381519571,2.449370770688093,-0.10752135199665491,-0.5213016108314781
5033,3,437,438,663.163,4,3,1.0943802576315833,0.6871899611642078,2.9744198772559667,1.9764979355167258,-0.4071902964673755,-0.9979219417392409
5036,3,438,439,664.202,3,4,0.6871899611642078,1.039402817275378,1.9764979355167258,2.674816873124574,0.35221285611117015,0.698318937607848
5041,3,439,440,665.659,4,2,1.0536509869035264,-0.0,2.7453801461747043,1.0,-1.0536509869035264,-1.7453801461747043
5043,3,440,441,667.02,2,4,-0.0,1.0175241450618233,1.0,2.624233386497871,1.0175241450618233,1.6242333864978709
5053,3,441,442,669.718,4,4,1.063598848191614,0.9783954662465177,2.813196830344029,2.430784016465168,-0.08520338194509636,-0.38241281387886117
5075,4,443,444,9.86,4,4,0.9777258312518102,1.0506981446988102,2.3966545433011697,2.7349593798575182,0.07297231344699995,0.3383048365563486
5084,4,444,445,13.532,4,4,1.077631906690117,1.0585878407138383,2.87854905339976,2.776697039789837,-0.019044065976278723,-0.10185201360992302
5092,4,445,446,16.704,4,4,1.0068670205149943,1.0155675643051167,2.579150396473165,2.588232583791485,0.008700543790122417,0.009082187318320223
5108,4,446,447,23.03,4,4,1.0164474381918913,1.085090581709801,2.5830833139012457,2.920267109229051,0.06864314351790979,0.3371837953278054
5124,4,447,448,28.296,4,4,0.9311196581881018,1.0234917996402295,2.2449639167049096,2.604001511979059,0.09237214145212769,0.35903759527414936
5142,4,448,449,34.061,4,4,1.0576465254572414,1.047258401425799,2.7832917884215997,2.739633297339595,-0.010388124031442292,-0.04365849108200459
5155,4,449,450,38.503,4,4,0.9728012154442147,1.0479769777065233,2.365852869929203,2.7131436666971194,0.0751757622623086,0.3472907967679162
5161,4,450,451,41.156,4,4,1.0166618704234047,0.967090572615589,2.5746047917060775,2.3595250970809825,-0.04957129780781577,-0.21507969462509502
5182,4,451,452,48.4,4,4,1.0592152505277297,1.0813438085227554,2.793636895705191,2.9017489529603577,0.022128557995025666,0.1081120572551666
5216,4,452,453,60.618,4,4,1.0479107361570694,1.036221318434226,2.7411999318699487,2.6544641236395785,-0.011689417722843487,-0.08673580823037019
5229,4,453,454,63.892,4,4,0.9980629366665357,1.0396430328384458,2.4896399234398006,2.6679603191146524,0.041580096171910164,0.1783203956748518
5240,4,454,455,67.473,4,4,1.0076770282594085,0.9807993399751844,2.5748672634661363,2.4745445673204087,-0.0268776882842241,-0.10032269614572753
5251,4,455,456,72.015,4,4,1.0749732335496607,0.9838531865148281,2.865198065749211,2.409374505707986,-0.09112004703483256,-0.45582356004122504
5263,4,456,457,75.183,4,4,0.9792672664444548,1.0530503940061262,2.4201802993323716,2.7404909439637506,0.07378312756167138,0.32031064463137904
5273,4,457,458,78.866,4,4,1.0593793446556643,0.9483451097579135,2.786983603121963,2.323408136192639,-0.11103423489775077,-0.4635754669293237
5281,4,458,459,81.215,4,4,1.0646025105237684,1.0787285390207728,2.8099800973828066,2.890992354705888,0.014126028497004395,0.08101225732308137
5288,4,459,460,84.038,4,4,1.0746448351371842,1.077844316324051,2.865677918633385,2.880303392419468,0.0031994811868667483,0.014625473786082921
5292,4,460,461,85.152,4,4,1.077844316324051,1.0561501798433826,2.880303392419468,2.7699117906341044,-0.021694136480668424,-0.11039160178536367
5296,4,461,462,86.625,4,3,1.0561501798433826,0.6931384165561165,2.7699117906341044,1.999964944701543,-0.36301176328726603,-0.7699468459325614
5299,4,462,463,88.139,3,4,0.6931384165561165,1.0556247660413591,1.999964944701543,2.7594150685892855,0.3624863494852426,0.7594501238877425
5309,4,463,464,91.391,4,4,0.9987921617620961,0.7847344599295583,2.4875451422395507,1.8286184403297492,-0.2140577018325378,-0.6589267019098015
5325,4,464,465,100.131,4,4,1.0789202378782607,1.0599901378340217,2.8921482491299466,2.79119364305879,-0.018930100044239007,-0.10095460607115658
5332,4,465,466,102.684,4,4,1.0522623223697318,1.0762592672077758,2.7458421535655098,2.8776940911516373,0.023996944838043932,0.13185193758612757
5342,4,466,467,106.887,4,4,1.0909069391800121,0.9896760010257268,2.954616717655079,2.4986908050035854,-0.1012309381542853,-0.4559259126514936
5347,4,467,468,109.101,4,4,0.9995715789995256,0.9519622943740917,2.535687316855739,2.3832615739342855,-0.0476092846254339,-0.15242574292145328
5363,4,468,469,116.12,4,4,1.0416819818488792,1.0600217017611702,2.699362020401783,2.7856521295637626,0.018339719912290997,0.08629010916197943
5399,4,469,470,126.778,4,4,1.04974894953981,1.0144380291597537,2.7484330841542524,2.5482549165585584,-0.03531092038005634,-0.20017816759569396
5404,4,470,471,128.905,4,4,1.032901127187442,1.0002639108193445,2.6757678190589647,2.5408478281233604,-0.032637216368097466,-0.13491999093560425
5413,4,471,472,132.767,4,4,1.0707840060642746,1.056724947394658,2.8433027470984538,2.767218651037475,-0.014059058669616542,-0.07608409606097855
5432,4,472,473,139.657,4,4,1.042622734492526,1.0360807711008806,2.698515683224533,2.652290335140692,-0.006541963391645478,-0.046225348083841045
5442,4,473,474,143.549,4,4,0.9864506958945645,1.0608277979767864,2.4828768766236315,2.7876367439350425,0.07437710208222192,0.3047598673114109
5449,4,474,475,147.266,4,4,1.0817842669840918,1.0084920298765934,2.9045840673134484,2.552322934310012,-0.07329223710749844,-0.35226113300343664
5460,4,475,476,151.972,4,4,1.0618576446297636,1.0611662335435772,2.7904180958364786,2.7863304942417226,-0.000691411086186422,-0.004087601594755963
5473,4,476,477,155.879,4,4,1.0498974379384056,1.0427155541581519,2.733049241621834,2.6958920876677777,-0.0071818837802537505,-0.03715715395405628
5479,4,477,478,158.656,4,4,1.0147994512500198,1.0707774678626392,2.5914369388542466,2.8424878678549463,0.05597801661261936,0.2510509290006997
5488,4,478,479,163.043,4,4,1.032628801835079,1.0766675842325386,2.665543311955129,2.871000294272853,0.04403878239745951,0.20545698231772436
5506,4,479,480,170.757,4,4,1.0470260309771482,1.0256857729322515,2.7091759993417583,2.6470860028337073,-0.0213402580448967,-0.062089996508051026
5513,4,480,481,173.83,4,4,1.0119766707259763,1.013465232067801,2.574130979751595,2.594858788312117,0.0014885613418247345,0.020727808560521588
5519,4,481,482,176.387,4,4,1.047295376379029,1.0573927959551614,2.729698479941839,2.777321155360502,0.010097419576132527,0.04762267541866283
5530,4,482,483,181.044,4,4,0.9718189501285476,1.0492137638470092,2.406991068042858,2.750199328750552,0.07739481371846157,0.34320826070769384
5535,4,483,484,183.003,4,4,1.0841099253168422,1.046743505543223,2.9166736391521964,2.712618847461236,-0.03736641977361921,-0.20405479169096052
5540,4,484,485,184.871,4,3,1.0584831970286408,0.6898189938702902,2.787201477905294,1.9867898629209784,-0.3686642031583506,-0.8004116149843157
5543,4,485,486,186.819,3,4,0.6898189938702902,0.9566463594530973,1.9867898629209784,2.3993950253316867,0.26682736558280706,0.4126051624107083
5548,4,486,487,189.771,4,4,0.9892664628299798,1.0449780374483384,2.515946810621238,2.700899210991213,0.05571157461835863,0.18495240036997496
5556,4,487,488,192.844,4,4,1.0658582739302587,1.0527842410095285,2.8184303754304185,2.742628112142579,-0.013074032920730172,-0.07580226328783946
5595,4,488,489,205.487,4,4,1.0554136409670183,1.0833528141170372,2.7509633177920243,2.9140961979939006,0.027939173150018926,0.16313288020187633
5620,4,489,490,213.865,4,4,1.038585115969982,1.0733418427344465,2.686545850414198,2.85303937680086,0.03475672676446462,0.16649352638666226
5627,4,490,491,215.889,4,4,1.0266377205220651,1.0959323870042463,2.6166930494369276,2.983978104045754,0.06929466648218119,0.3672850546088262
5631,4,491,492,217.038,4,4,1.0959323870042463,1.0131932394412626,2.983978104045754,2.579303791014846,-0.08273914756298373,-0.40467431303090784
5636,4,492,493,219.135,4,4,1.0316442743258547,1.0878944014724283,2.649541314335496,2.9375257139100888,0.056250127146573625,0.28798439957459276
5685,4,493,494,232.482,4,4,1.024920552615297,1.0761252396660461,2.5933293143623413,2.876144938941974,0.05120468705074921,0.2828156245796327
5691,4,494,495,235.314,4,4,1.0370663396390574,1.0160336324043255,2.669371745975151,2.5948099502987563,-0.02103270723473183,-0.07456179567639465
5703,4,495,496,240.145,4,4,1.08605008701343,1.0451177925701387,2.9283514434583897,2.694670018548249,-0.04093229444329127,-0.23368142491014066
5707,4,496,497,241.509,4,4,1.0451177925701387,0.9466929812630538,2.694670018548249,2.333111282118919,-0.09842481130708491,-0.36155873642933
5714,4,497,498,245.126,4,4,1.0241826328496,1.0858280503787543,2.5967677621319467,2.9275630995680872,0.06164541752915431,0.33079533743614054
5733,4,498,499,250.887,4,4,1.0041128240721924,1.0371977177771161,2.5499367427453534,2.676729067052923,0.033084893704923735,0.1267923243075697
5745,4,499,500,255.154,4,4,1.0907660954282734,1.060498157149924,2.952856168355354,2.789616050340159,-0.030267938278349504,-0.163240118015195
5763,4,500,501,261.21,4,4,1.0560692812126742,1.0872350051257302,2.760614049663873,2.932817959052202,0.031165723913056054,0.1722039093883292
5768,4,501,502,262.594,4,4,1.0442370329370134,1.0360893037259515,2.6978459638221155,2.655428389156638,-0.008147729211061883,-0.04241757466547735
5786,4,502,503,269.514,4,4,1.0667254349546393,1.022937140152143,2.8163466235830277,2.607004300187408,-0.04378829480249635,-0.20934232339561953
5794,4,503,504,272.507,4,4,1.0212746894595792,0.8134689379447693,2.6006825618094447,1.953043259243116,-0.20780575151480996,-0.6476393025663287
5804,4,504,505,277.963,4,4,1.0676690099207273,0.7818091673537975,2.8202011238082325,1.7899662312185713,-0.28585984256692987,-1.0302348925896612
5821,4,505,506,287.794,4,4,1.092027596903864,1.0576700862096846,2.9619920148992924,2.770523704932648,-0.03435751069417936,-0.19146830996664432
5830,4,506,507,290.922,4,4,1.0500319260588935,0.9900819659167688,2.7480488995127543,2.437383375837152,-0.059949960142124725,-0.3106655236756022
5834,4,507,508,292.746,4,4,0.9900819659167688,1.0653871251966365,2.437383375837152,2.81922931015777,0.0753051592798677,0.381845934320618
5849,4,508,509,298.727,4,4,1.0320097036218865,1.0194633015272025,2.630235761745002,2.5876338429843226,-0.01254640209468394,-0.042601918760679425
5856,4,509,510,300.401,4,4,1.0344240222066636,1.0504368071375532,2.6627686973599465,2.7456616028453085,0.016012784930889534,0.08289290548536199
5861,4,510,511,301.566,4,4,1.050285456607568,1.0128104053609037,2.7563163663660464,2.541517914772432,-0.03747505124666417,-0.21479845159361455
5865,4,511,512,302.903,4,4,1.0128104053609037,1.053865377177254,2.541517914772432,2.754253065003111,0.041054971816350205,0.21273515023067935
5879,4,512,513,307.015,4,3,1.0386532108262,0.674471596111387,2.6735999978690064,1.9284207529964779,-0.36418161471481314,-0.7451792448725285
5882,4,513,514,307.804,3,4,0.674471596111387,1.0748132938704584,1.9284207529964779,2.8637021372434917,0.40034169775907147,0.9352813842470138
5888,4,514,515,309.483,4,3,1.0648281730721567,0.6911159171154982,2.8124969598157477,1.9919132793588643,-0.37371225595665847,-0.8205836804568833
5891,4,515,516,311.006,3,4,0.6911159171154982,0.9825294015198375,1.9919132793588643,2.49456906924623,0.29141348440433923,0.5026557898873656
5895,4,516,517,314.313,4,4,0.9825294015198375,1.068928864205515,2.49456906924623,2.831842435455729,0.08639946268567755,0.3372733662094989
5902,4,517,518,316.686,4,4,1.064087172309355,0.998622805080351,2.7975348519911005,2.5394173037981433,-0.06546436722900406,-0.2581175481929572
5907,4,518,519,317.94,4,4,1.0060815211414718,1.0745903213454087,2.55321872050298,2.8674690492979042,0.0685088002039369,0.3142503287949241
5912,4,519,520,318.805,4,4,1.0968250589275699,0.9824299817593364,2.9893262150283078,2.405813132806878,-0.1143950771682335,-0.5835130822214296
5923,4,520,521,322.471,4,4,1.0534919396269462,1.0406890844769943,2.7401963724537977,2.7081682332180645,-0.012802855149951942,-0.03202813923573311
5927,4,521,522,323.516,4,4,1.0406890844769943,1.0010711885791528,2.7081682332180645,2.5325471724495787,-0.03961789589784148,-0.17562106076848583
5940,4,522,523,327.023,4,4,1.0578993348517793,1.0894716724008637,2.7746787512888487,2.9451839062458434,0.031572337549084395,0.1705051549569947
5965,4,523,524,333.724,4,4,0.9654439698963639,1.0483064806701152,2.447317248085614,2.7248124610859645,0.08286251077375129,0.27749521300035074
5971,4,524,525,335.786,4,4,1.0392369517284263,1.0881442292574566,2.669406110989828,2.936968058807294,0.048907277529030235,0.267561947817466
5976,4,525,526,337.591,4,3,1.083354571189532,0.6278336381578172,2.9136080969117746,1.773431060222158,-0.4555209330317148,-1.1401770366896167
5979,4,526,527,338.72,3,4,0.6278336381578172,1.0657080136143835,1.773431060222158,2.8213110959523195,0.43787437545656627,1.0478800357301616
5987,4,527,528,341.332,4,4,1.0561084502474616,0.9817909652536154,2.7604535510142827,2.4323435338514776,-0.07431748499384616,-0.3281100171628051
6000,4,528,529,345.54,4,4,1.0764373520417854,1.0684188070356513,2.8737230805943974,2.8236771404569225,-0.008018545006134081,-0.050045940137474876
6012,4,529,530,350.132,4,4,1.0551643396449386,1.0583319522574617,2.751913196922465,2.769554983023087,0.003167612612523074,0.017641786100621726
6017,4,530,531,352.161,4,4,1.0543517022604196,1.0569877421373444,2.7506883302331118,2.7835089908326274,0.002636039876924734,0.032820660599515605
6023,4,531,532,354.624,4,4,1.0803616036793464,1.0059960445736698,2.8938377786182357,2.584081147211847,-0.07436555910567666,-0.30975663140638865
6030,4,532,533,356.547,4,4,1.0807651214205196,0.800954208418462,2.8968215753188016,1.9086688975708954,-0.2798109130020576,-0.9881526777479062
6035,4,533,534,359.499,4,4,1.0537520504484486,0.9999339478161522,2.759283868501844,2.4981531902537517,-0.05381810263229636,-0.26113067824809244
6049,4,534,535,363.159,4,4,1.046017242692253,1.0395480774352175,2.714237722467102,2.680360988316377,-0.006469165257035447,-0.033876734150724896
6054,4,535,536,364.676,4,4,1.0757316528326628,1.0701068884507672,2.8671111593897334,2.836635360785719,-0.0056247643818956305,-0.030475798604014503
6060,4,536,537,366.23,4,4,1.0460216412800332,0.8595771572075908,2.735395598194184,2.188249308934647,-0.1864444840724424,-0.5471462892595369
6078,4,537,538,371.931,4,4,1.0815968187551015,1.0769077934467162,2.9004182572046004,2.874178372310075,-0.004689025308385331,-0.026239884894525556
6089,4,538,539,374.848,4,4,1.0845631707964687,1.089515748219186,2.9157567533060615,2.9463577417775224,0.004952577422717264,0.030600988471460866
6095,4,539,540,376.698,4,4,1.0720300786619412,1.0605305633003965,2.846473761639279,2.778626993593625,-0.011499515361544699,-0.0678467680456536
6108,4,540,541,381.729,4,4,1.0706366682900263,1.087763053719101,2.8464830338385996,2.9353108563101005,0.01712638542907463,0.0888278224715009
6118,4,541,542,384.062,4,4,1.0436488811193847,1.0858333528338182,2.7201237967342444,2.924501429075438,0.042184471714433514,0.20437763234119366
6122,4,542,543,386.005,4,4,1.0858333528338182,1.039359841329154,2.924501429075438,2.6731727792330875,-0.04647351150466417,-0.2513286498423506
6139,4,543,544,392.091,4,4,1.039775358181321,1.0795127568988327,2.6873776583096394,2.8934379966775396,0.03973739871751181,0.20606033836790028
6157,4,544,545,397.832,4,4,1.0671754719693824,1.0480022370627657,2.827848397190607,2.736488176511554,-0.01917323490661671,-0.09136022067905314
6171,4,545,546,402.429,4,4,1.082888274475271,1.0041314399513777,2.9085014280002817,2.509990779368829,-0.07875683452389337,-0.39851064863145247
6179,4,546,547,406.16,4,4,1.0430412698463223,1.0784456685305115,2.712756852019781,2.8814138346354503,0.03540439868418921,0.1686569826156692
6198,4,547,548,413.809,4,4,1.0648434808746998,1.0914798210679177,2.8019860448917013,2.9571458967771784,0.026636340193217922,0.1551598518854771
6203,4,548,549,415.468,4,4,1.0631366376283213,1.0797414902413012,2.791920712023284,2.8896489288508977,0.016604852612979837,0.09772821682761368
6208,4,549,550,417.806,4,4,1.083349782686751,0.9370805196835612,2.9095037442996596,2.2764309535513134,-0.14626926300318988,-0.6330727907483462
6215,4,550,551,421.263,4,4,1.0732768967002406,1.002655930522167,2.8627592706541676,2.558218563368145,-0.07062096617807367,-0.30454070728602245
6220,4,551,552,423.477,4,4,0.9957905973868237,1.0733365068562346,2.54600097507309,2.853628200536131,0.07754590946941087,0.3076272254630408
6232,4,552,553,427.811,4,4,1.055792479371703,1.092828987631143,2.7611899648837523,2.966256461548417,0.03703650825943994,0.20506649666466448
6241,4,553,554,431.468,4,4,0.9817370155174223,1.0623553462044126,2.483404694917501,2.792226595184749,0.08061833068699031,0.3088219002672479
6262,4,554,555,439.029,4,4,1.0443574729520937,1.0283661257987848,2.7130310617836093,2.6213724911302356,-0.015991347153308855,-0.09165857065337368
6271,4,555,556,443.626,4,4,1.0812236601007115,1.0635612104640968,2.898901872395475,2.7946843694568373,-0.017662449636614674,-0.10421750293863763
6277,4,556,557,445.854,4,4,1.0519634275598468,0.996645670529682,2.736208143917015,2.495889823680565,-0.05531775703016484,-0.24031832023645006
6282,4,557,558,447.392,4,4,1.0304769661484594,1.0087799976831129,2.6535434687457826,2.5305376953520917,-0.021696968465346522,-0.1230057733936909
6286,4,558,559,448.547,4,4,1.0087799976831129,1.0494305101090387,2.5305376953520917,2.742392446316008,0.04065051242592577,0.21185475096391615
6290,4,559,560,450.096,4,4,1.0494305101090387,1.0101038074980977,2.742392446316008,2.5229859535377988,-0.039326702610940956,-0.21940649277820912
6300,4,560,561,453.069,4,4,1.0780905564772933,1.01891083736825,2.881364917795571,2.596672863396257,-0.059179719109043294,-0.2846920543993141
6307,4,561,562,456.636,4,4,1.041125859440625,1.0686464907499238,2.6943888882565967,2.8279679395600423,0.027520631309298826,0.1335790513034456
6317,4,562,563,460.489,4,4,0.9950023343097223,1.0755070423486992,2.5042538538011385,2.8661034624932773,0.08050470803897691,0.3618496086921388
6324,4,563,564,462.508,4,4,1.0717273341140088,1.0304684817093184,2.850343380015993,2.6401784284245164,-0.041258852404690405,-0.21016495159147652
6328,4,564,565,464.695,4,4,1.0304684817093184,1.0686647055700516,2.6401784284245164,2.841047329401094,0.03819622386073318,0.2008689009765776
6338,4,565,566,468.023,4,4,1.07941682443311,1.0699360692492441,2.892780567620279,2.846113185913774,-0.009480755183865819,-0.04666738170650486
6348,4,566,567,472.17,4,4,0.9742726076612935,1.0755404407209808,2.420419352883017,2.8667087635040622,0.10126783305968723,0.4462894106210453
6358,4,567,568,474.609,4,4,1.0267494626364948,1.077338688673849,2.640909810362991,2.8818460829904122,0.05058922603735416,0.24093627262742112
6376,4,568,569,480.311,4,4,1.0883600281811,1.0687344106096535,2.939800806803856,2.83811796173093,-0.01962561757144643,-0.10168284507292613
6386,4,569,570,484.128,4,4,0.9702908373962388,1.017082793990286,2.451850209517871,2.58832262524984,0.046791956594047224,0.13647241573196922
6403,4,570,571,490.733,4,4,1.04051085809302,1.0785547941647173,2.691195672490433,2.8894270051196305,0.038043936071697315,0.19823133262919734
6416,4,571,572,495.509,4,4,1.0839225495332518,1.0548337240135661,2.914640120577473,2.7572597850769305,-0.029088825519685724,-0.1573803355005423
6424,4,572,573,497.883,4,4,1.0070284492296138,1.0553676184742518,2.563342898652523,2.769738605056118,0.04833916924463799,0.20639570640359484
6431,4,573,574,500.871,4,4,1.0406470290005518,1.074353392581934,2.6983846460775673,2.8639786379932937,0.033706363581382126,0.16559399191572632
6438,4,574,575,503.059,4,4,1.0760336069138077,1.0751611731832862,2.8748831219338076,2.872989573602672,-0.0008724337305214824,-0.0018935483311355306
6443,4,575,576,505.187,4,4,1.0605148487011902,1.0802789820881706,2.7943378813847075,2.8920287567906464,0.019764133386980465,0.0976908754059389
6449,4,576,577,507.919,4,4,1.065730315538247,1.063678124337835,2.817055357132757,2.8161840955766313,-0.0020521912004118903,-0.0008712615561257131
6473,4,577,578,516.21,4,4,1.0338263352876051,1.0489110510262543,2.6681545601654513,2.7426690214762974,0.015084715738649113,0.07451446131084616
6482,4,578,579,518.943,4,4,1.0476701832909123,1.0838583470574576,2.7460222168622437,2.9158076581639234,0.03618816376654532,0.16978544130167972
6486,4,579,580,519.837,4,4,1.0838583470574576,0.9863854681630446,2.9158076581639234,2.4712618790089245,-0.09747287889441303,-0.44454577915499893
6491,4,580,581,522.13,4,4,1.0245956573856847,1.0891089662928715,2.635074147465814,2.945287242720027,0.06451330890718676,0.31021309525421303
6503,4,581,582,526.357,4,4,1.0794271236988944,1.0659836522163009,2.8883872787952356,2.8273796343669524,-0.013443471482593505,-0.061007644428283214
6511,4,582,583,529.379,4,4,1.0905176859529806,1.0124384899449632,2.952307784995498,2.555236666457907,-0.07807919600801738,-0.39707111853759125
6517,4,583,584,531.962,4,4,1.042742879582545,1.0704044904623835,2.686197414827678,2.8454932415460443,0.027661610879838427,0.1592958267183664
6523,4,584,585,534.57,4,4,1.0221637594695003,1.0319279894848719,2.587989182905008,2.6399050746305965,0.009764230015371522,0.051915891725588637
6532,4,585,586,538.071,4,4,1.0633148478911383,1.0832461682659027,2.810934370685221,2.9129757276189125,0.019931320374764416,0.10204135693369176
6541,4,586,587,541.499,4,4,0.9861783912093043,0.9846186742319545,2.4454753096200865,2.456669864007583,-0.001559716977349801,0.011194554387496503
6557,4,587,588,547.958,4,4,0.9786621524974097,1.075118677050499,2.423396957678101,2.8697347912152082,0.09645652455308928,0.4463378335371071
6562,4,588,589,549.272,4,4,1.0286922263870584,1.0666782984951995,2.6183830280533638,2.8234129089877142,0.03798607210814109,0.20502988093435048
6587,4,589,590,556.953,4,4,1.0800029130002557,1.046127490347371,2.8914249966934378,2.7304976562904355,-0.03387542265288479,-0.16092734040300227
6594,4,590,591,560.605,4,4,1.0775435735765835,1.005440193487071,2.882549119711177,2.5337662633785736,-0.07210338008951256,-0.3487828563326034
6598,4,591,592,561.904,4,4,1.005440193487071,1.0796732093613457,2.5337662633785736,2.889495645760368,0.07423301587427478,0.3557293823817944
6603,4,592,593,563.797,4,4,1.0640246241640217,1.0636631706993604,2.8078661616227,2.8019715879750833,-0.00036145346466121,-0.0058945736476165855
6608,4,593,594,566.973,4,4,1.0579090078131184,1.0639399268949754,2.768800113364613,2.804970182058555,0.006030919081857045,0.036170068693941904
6621,4,594,595,572.129,4,4,1.0209322089796427,0.9897514648034745,2.57394765890632,2.4539120366572313,-0.031180744176168118,-0.12003562224908881
6633,4,595,596,577.275,4,4,1.089134920479735,1.064934992518602,2.942767545440114,2.8230830978468053,-0.024199927961132905,-0.11968444759330854
6645,4,596,597,581.692,4,4,1.0379344203446008,1.0613952127682251,2.6761019371220427,2.7938896771011006,0.02346079242362431,0.11778773997905789
6659,4,597,598,588.772,4,4,1.0407891284476412,1.0266967067936035,2.6906940794514367,2.627632618735042,-0.014092421654037679,-0.06306146071639462
6666,4,598,599,592.084,4,4,0.9970543178426623,1.0682966565080632,2.5258911333641274,2.833251278077317,0.07124233866540086,0.3073601447131895
6673,4,599,600,595.637,4,4,0.768421166647345,1.0328519023317724,1.9578445125459067,2.6456871474626262,0.2644307356844273,0.6878426349167195
6690,5,601,602,3.034,4,4,0.9826355570564069,1.0245684849713617,2.447615040209785,2.61124076274697,0.04193292791495473,0.16362572253718488
6708,5,602,603,8.836,4,4,1.0470130027660078,1.0586210007952856,2.725074018686576,2.7737312466732638,0.01160799802927781,0.0486572279866877
6716,5,603,604,11.783,4,4,1.0869532934757247,1.0684427653322837,2.933147558808629,2.8365983284871126,-0.018510528143441007,-0.09654923032151652
6721,5,604,605,14.23,4,4,1.078883500076976,1.0708686498731201,2.8916787846608782,2.8404135793861482,-0.00801485020385595,-0.05126520527473
6726,5,605,606,16.376,4,4,1.086221708250463,1.0382925728320564,2.926660063034046,2.682981085821588,-0.0479291354184066,-0.24367897721245813
6731,5,606,607,18.358,4,4,1.093140290587348,1.046534940961163,2.968033856061464,2.707738736342166,-0.0466053496261849,-0.2602951197192982
6736,5,607,608,20.572,4,2,1.0803806568273655,-0.0,2.8951351253522097,1.0,-1.0803806568273655,-1.8951351253522097
6738,5,608,609,21.41,2,4,-0.0,1.0461031500458904,1.0,2.7201024564338434,1.0461031500458904,1.7201024564338434
6744,5,609,610,23.775,4,4,1.0512767010066448,1.0507551741028727,2.7375776900610855,2.736207954518969,-0.0005215269037721626,-0.0013697355421165014
6751,5,610,611,25.948,4,4,1.0843742725189882,1.0686667569781658,2.9149007379212253,2.8285599696197488,-0.015707515540822392,-0.08634076830147652
6757,5,611,612,27.272,4,4,1.0763699382277712,1.0397652274510167,2.874175522902809,2.7045468269684783,-0.03660471077675442,-0.16962869593433094
6764,5,612,613,29.617,4,4,1.0621308304196964,0.8322729659188234,2.7913355011812695,2.035339584827229,-0.22985786450087298,-0.7559959163540406
6784,5,613,614,39.181,4,4,1.0468879841766796,1.014723195065653,2.728475143112442,2.5558849218688726,-0.032164789111026604,-0.17259022124356926
6788,5,614,615,41.215,4,4,1.014723195065653,0.8575314143995934,2.5558849218688726,1.9801697529268436,-0.15719178066605966,-0.575715168942029
6793,5,615,616,43.765,4,4,0.992246247451101,1.03316742296238,2.4431132926990924,2.6671019338064337,0.04092117551127894,0.2239886411073413
6802,5,616,617,46.724,4,4,1.0658149195553916,1.0656274008001354,2.824810831157549,2.809346690653357,-0.00018751875525624406,-0.015464140504191981
6807,5,617,618,48.062,4,4,1.0771595895670745,1.0243255255636976,2.8736047193839918,2.609042406568653,-0.05283406400337687,-0.2645623128153387
6813,5,618,619,49.421,4,4,1.0551836116737696,0.9605967490177816,2.77646203668946,2.4158526017816837,-0.09458686265598804,-0.3606094349077762
6820,5,619,620,52.029,4,4,1.0907294737529842,1.0693287429689604,2.9547895959446087,2.8329889525754384,-0.021400730784023825,-0.12180064336917029
6825,5,620,621,53.898,4,4,1.0856977330731854,0.9683409570617278,2.927006079638404,2.4014725155011476,-0.11735677601145755,-0.5255335641372563
6851,5,621,622,61.273,4,4,1.067034587108797,1.0827919521310108,2.8175015250612376,2.909587880963714,0.01575736502221381,0.09208635590247649
6856,5,622,623,63.7,4,4,1.0615973027528305,0.9990470121038038,2.7921160688948428,2.477973221948079,-0.06255029064902673,-0.31414284694676375
6875,5,623,624,68.893,4,4,1.0333274946267397,1.0841214844486733,2.657818199821223,2.9155990643789105,0.050793989821933616,0.25778086455768756
6892,5,624,625,74.036,4,4,1.030756472569283,1.0629822566695,2.634838012766807,2.7923753039985924,0.032225784100216925,0.1575372912317854
6906,5,625,626,78.383,4,4,1.0734263274329017,1.0595512367472377,2.861217776179836,2.798447660896806,-0.013875090685663949,-0.06277011528302978
6918,5,626,627,81.611,4,4,0.958350733131884,1.0264265240379922,2.308383266542351,2.658570311682363,0.06807579090610816,0.3501870451400122
6924,5,627,628,83.115,4,4,1.058419897284078,1.0152909515787052,2.7884243261367807,2.58509655468386,-0.043128945705372734,-0.2033277714529209
6932,5,628,629,85.064,4,4,1.0065196108616457,1.024325602176443,2.5340259121612987,2.6090427624712444,0.01780599131479743,0.07501685030994576
6938,5,629,630,86.822,4,4,1.0551836740876683,1.0875596776494059,2.776462346150105,2.93516458580692,0.03237600356173753,0.15870223965681518
6945,5,630,631,89.195,4,4,1.057945955003484,1.0620307822447574,2.781896786521962,2.7941849318506806,0.004084827241273459,0.012288145328718691
6954,5,631,632,92.853,4,3,1.0167436797223006,0.6725924698363446,2.5900132818838184,1.9215489667833454,-0.34415120988595604,-0.668464315100473
6957,5,632,633,94.871,3,4,0.6725924698363446,1.0003191898923585,1.9215489667833454,2.5359528199450523,0.3277267200560139,0.6144038531617069
6970,5,633,634,99.303,4,4,1.0577298601817904,1.0058765749117504,2.777091605945738,2.5178373777010146,-0.05185328527003996,-0.25925422824472344
7002,5,638,639,114.153,4,4,1.0667276906606684,0.9125470840943104,2.8241122965504415,2.232068814731471,-0.154180606566358,-0.5920434818189704
7011,5,639,640,116.352,4,4,1.0406413278037627,1.0298089068035732,2.7054215255158285,2.629948545949024,-0.010832421000189552,-0.07547297956680454
7017,5,640,641,118.22,4,3,1.0806809168214675,0.6868527341323463,2.894001393181336,1.9751868002931128,-0.39382818268912123,-0.9188145928882234
7020,5,641,642,120.819,3,4,0.6868527341323463,1.0455643236588683,1.9751868002931128,2.6989315106800285,0.35871158952652205,0.7237447103869157
7026,5,642,643,122.937,4,4,0.9579879344126443,0.9968425337699229,2.342440785713108,2.510157727564319,0.03885459935727864,0.16771694185121078
7036,5,643,644,126.549,4,4,0.9850657626636197,1.054651554136724,2.4440209839150513,2.764862394950322,0.0695857914731044,0.32084141103527086
7050,5,644,645,131.447,4,4,1.0089481722799554,1.024325602176443,2.5442607259439987,2.6090427624712444,0.015377429896487715,0.06478203652724579
7056,5,645,646,132.737,4,3,1.0551836740876683,0.6272554005137718,2.776462346150105,1.7716948087833286,-0.4279282735738965,-1.0047675373667764
7059,5,646,647,134.289,3,4,0.6272554005137718,1.019524738407876,1.7716948087833286,2.608117278818627,0.39226933789410423,0.8364224700352982
7067,5,647,648,136.463,4,4,1.0530333849070264,1.011996310827589,2.7472738874085065,2.5707515876573046,-0.04103707407943746,-0.17652229975120193
7078,5,651,652,141.052,3,4,0.6820425085580917,1.0826158806431234,1.9567039867945986,2.904551032344882,0.40057337208503174,0.9478470455502834
7091,5,654,655,146.372,4,4,1.0447553483320398,0.9950570204168919,2.7211794274938197,2.5423181782602873,-0.04969832791514783,-0.17886124923353242
7095,5,655,656,147.687,4,3,0.9950570204168919,0.6520468330437754,2.5423181782602873,1.8500220281342892,-0.3430101873731165,-0.6922961501259981
7098,5,656,657,149.046,3,4,0.6520468330437754,1.0256023981953466,1.8500220281342892,2.64133274333272,0.3735555651515712,0.7913107151984309
7102,5,657,658,150.769,4,4,1.0256023981953466,1.049999178523169,2.64133274333272,2.7493563872702573,0.024396780327822443,0.10802364393753727
7110,5,658,659,154.101,4,4,1.0480612212626232,1.0948246197402436,2.7192937862739464,2.977079126516168,0.046763398477620344,0.25778534024222166
7116,5,659,660,156.663,4,4,1.0735894998642317,1.058204708978811,2.8513328148356227,2.7897415644077026,-0.015384790885420774,-0.06159125042792013
7123,5,660,661,159.206,4,4,1.0805826445187852,1.0738339500882557,2.8949128403989484,2.853585480817222,-0.0067486944305295005,-0.04132735958172651
7132,5,661,662,162.988,4,4,1.076455304104749,1.0343449699128804,2.873522570978758,2.645409671716081,-0.042110334191868715,-0.22811289926267708
7147,5,662,663,169.018,4,4,1.0937388065649638,1.0795122481392254,2.9705967535813524,2.889366626683293,-0.01422655842573839,-0.08123012689805931
7153,5,663,664,171.84,4,4,1.0538187195060442,1.05991481636396,2.750049654195338,2.7824311675147078,0.006096096857915789,0.03238151331936967
7159,5,664,665,174.303,4,3,1.083867608089364,0.6819898702874313,2.916303450734682,1.9565039704829115,-0.4018777378019328,-0.9597994802517706
7162,5,665,666,175.327,3,4,0.6819898702874313,1.05895699998689,1.9565039704829115,2.771120444591732,0.37696712969945867,0.8146164741088207
7166,5,666,667,177.635,4,4,1.05895699998689,0.989112484799135,2.771120444591732,2.52599795864637,-0.06984451518775492,-0.245122485945362
7170,5,667,668,178.544,4,2,0.989112484799135,-0.0,2.52599795864637,1.0,-0.989112484799135,-1.5259979586463701
7172,5,668,669,179.878,2,4,-0.0,1.0718985484881016,1.0,2.846824075453053,1.0718985484881016,1.846824075453053
7183,5,669,670,183.15,4,4,1.0024602829385456,0.9842764811117843,2.506266105253125,2.467995802461861,-0.01818380182676127,-0.038270302791263866
7202,5,672,673,189.531,4,4,1.046770471410521,1.0554008553173753,2.731805124628324,2.7654262386904245,0.008630383906854222,0.03362111406210033
7214,5,673,674,193.028,4,4,1.0478829610363611,1.0494141420444802,2.7367118010414293,2.7203090515844908,0.001531181008119109,-0.016402749456938537
7228,5,674,675,196.606,4,4,1.0316903936734423,1.0674315397682965,2.6786714401872307,2.8309467375640596,0.03574114609485424,0.15227529737682888
7243,5,675,676,201.203,4,4,1.0141541045592595,1.0501541273630373,2.5464827414986413,2.755521804549759,0.03600002280377779,0.20903906305111786
7251,5,676,677,204.025,4,4,1.03305228475917,0.9584667328214015,2.6404357265176994,2.3470864803690725,-0.07458555193776861,-0.2933492461486269
7258,5,677,678,205.973,4,3,1.049511769209388,0.6822187096498211,2.7221285253772924,1.9573738698214036,-0.3672930595595669,-0.7647546555558888
7261,5,678,679,207.202,3,4,0.6822187096498211,1.0541980754189073,1.9573738698214036,2.7519889879433603,0.3719793657690862,0.7946151181219567
7270,5,679,680,210.309,4,4,1.0658659673303912,1.0594484389792913,2.809848570529824,2.7788395256725082,-0.006417528351099877,-0.031009044857315704
7280,5,680,681,213.88,4,4,1.050729016702017,1.0813204399500296,2.7414711114591124,2.8980675714166524,0.030591423248012672,0.15659645995754
7287,5,681,682,217.486,4,4,0.9676145548988548,1.0805642785114598,2.34058491136848,2.9000646796063565,0.11294972361260491,0.5594797682378765
7305,5,682,683,222.718,4,4,1.0626610639796938,1.082802479272294,2.791137052626058,2.9093523606801437,0.02014141529260005,0.11821530805408553
7321,5,683,684,226.756,4,4,1.0472338191527792,1.0479135000129123,2.707727089212836,2.724937964138709,0.0006796808601330362,0.017210874925873032
7328,5,684,685,229.038,4,4,1.0770863873707879,1.0812114436794058,2.8784863399676524,2.9000468776355293,0.004125056308617925,0.02156053766787691
7337,5,685,686,231.76,4,4,1.019578955045525,1.080150161087592,2.6333469203151734,2.8971243900898287,0.060571206042067116,0.2637774697746553
7341,5,686,687,233.633,4,4,1.080150161087592,1.0679284946250998,2.8971243900898287,2.831424778965835,-0.012221666462492342,-0.06569961112399358
7371,5,687,688,242.315,4,4,1.0534659784553684,1.0647417834329231,2.7518707411525307,2.8087762042585216,0.01127580497755476,0.05690546310599087
7378,5,688,689,244.828,4,4,1.012178175436714,0.9597773205150489,2.5537541309672642,2.3540236458114814,-0.05240085492166513,-0.19973048515578284
7389,5,689,690,249.188,4,4,1.0796095229820395,1.0677853988694095,2.893005712210004,2.8230060148066607,-0.011824124112630008,-0.06999969740334322
7407,5,690,691,255.634,4,4,1.0389916785294446,1.0820332088312286,2.67256446779869,2.9065933179517094,0.043041530301783926,0.23402885015301944
7419,5,691,692,260.611,4,4,1.072063292410737,1.0807473719121035,2.848641803780453,2.8956782560124976,0.008684079501366515,0.04703645223204456
7439,5,692,693,266.428,4,3,1.0538164061748272,0.6464702307774975,2.741014373005436,1.8316828064537125,-0.40734617539732965,-0.9093315665517236
7442,5,693,694,267.626,3,4,0.6464702307774975,1.0668839672647823,1.8316828064537125,2.8245043149363758,0.42041373648728475,0.9928215084826633
7463,5,694,695,272.954,4,4,1.0807334866384155,1.0520889579725181,2.900420363716932,2.7652298861242306,-0.028644528665897395,-0.13519047759270153
7472,5,695,696,276.096,4,4,1.0213867244173258,1.0717515547824679,2.6141121856355434,2.8422265985616177,0.050364830365142055,0.22811441292607437
7485,5,696,697,280.158,4,4,1.0814913144925344,1.0124384899449632,2.9016195841754353,2.555236666457907,-0.06905282454757122,-0.3463829177175284
7491,5,697,698,282.671,4,4,1.042742879582545,1.0625120306740854,2.686197414827678,2.810573173721887,0.019769151091540316,0.12437575889420893
7497,5,698,699,286.154,4,4,0.9915286589388435,1.0339795761234631,2.4849928321003345,2.6570764849953745,0.042450917184619685,0.17208365289504002
7507,5,699,700,290.03,4,4,1.0194721391484522,1.0345453522476062,2.5847867701844005,2.664788033230561,0.015073213099153993,0.08000126304616062
7513,5,700,701,292.439,4,4,1.0402707135101577,1.0658272956728072,2.6925768466072517,2.8201558348533027,0.025556582162649555,0.12757898824605096
7520,5,701,702,294.397,4,4,1.0663007674741927,1.0139223399189823,2.8169599264255565,2.552285709707567,-0.05237842755521038,-0.26467421671798963
7535,5,702,703,299.783,4,4,0.9811134495067161,1.06944752368074,2.436100216604165,2.836365882425744,0.08833407417402384,0.40026566582157885
7565,5,703,704,308.643,4,4,1.0248251772383825,1.037935004346834,2.5973349188876025,2.6899267398893225,0.013109827108451544,0.09259182100172003
7579,5,704,705,313.894,4,4,0.9977584481967896,1.0814701647811757,2.466960470085342,2.9030532663055943,0.08371171658438614,0.4360927962202523
7596,5,705,706,319.35,4,4,1.036303634326147,1.0636288362322976,2.675559597525164,2.7955668439634143,0.02732520190615073,0.12000724643825045
7603,5,706,707,321.644,4,4,1.0268666557517658,1.0723902290682386,2.6603712383444518,2.857886148322207,0.04552357331647272,0.19751490997775534
7624,5,707,708,327.431,4,4,1.046706627514556,1.0876800388428678,2.713607539037119,2.9352711245094785,0.04097341132831178,0.22166358547235943
7639,5,708,709,331.668,4,4,1.0721263085310295,1.0305616441230303,2.8557921111591953,2.665891249514822,-0.04156466440799922,-0.18990086164437336
7644,5,709,710,333.372,4,4,0.9853309101200327,1.0508600858822272,2.450262195322238,2.750779380120238,0.06552917576219452,0.30051718479800016
7653,5,710,711,337.212,4,4,1.026560220543265,1.0703803049451222,2.6309572789605538,2.8490024975325827,0.04382008440185725,0.21804521857202896
7664,5,711,712,341.714,4,2,0.9757459043097134,-0.0,2.440382375323824,1.0,-0.9757459043097134,-1.440382375323824
7666,5,712,713,342.808,2,4,-0.0,1.0619205982395756,1.0,2.7934053371615506,1.0619205982395756,1.7934053371615506
7674,5,713,714,345.351,4,4,1.0448311659964007,1.0641070629094864,2.709548805574013,2.803910165308723,0.019275896913085733,0.09436135973470972
7681,5,714,715,347.914,4,2,1.0543852330416672,-0.0,2.745843012595497,1.0,-1.0543852330416672,-1.745843012595497
7683,5,715,716,349.187,2,4,-0.0,1.0651603489479298,1.0,2.807261406116662,1.0651603489479298,1.807261406116662
7687,5,716,717,350.541,4,4,1.0651603489479298,1.0557953826322728,2.807261406116662,2.753386475938881,-0.009364966315656975,-0.053874930177781
7693,5,717,718,351.94,4,2,1.0666924909001276,-0.0,2.8273829992801187,1.0,-1.0666924909001276,-1.8273829992801187
7695,5,718,719,352.829,2,4,-0.0,0.9862776619048533,1.0,2.426020010400587,0.9862776619048533,1.426020010400587
7700,5,719,720,354.551,4,4,1.0504755149261285,1.047834919774635,2.754027079647695,2.718446430157705,-0.0026405951514933967,-0.035580649489989735
7708,5,720,721,356.695,4,4,1.0305578752993352,1.0641070629094864,2.640056429418488,2.803910165308723,0.03354918761015124,0.163853735890235
7715,5,721,722,359.567,4,4,1.0543852330416672,0.9506491794451026,2.745843012595497,2.3635471476080347,-0.10373605359656457,-0.38229586498746215
7723,5,722,723,362.38,4,4,1.0391710512819503,1.0943180292880437,2.686864761298706,2.9739666793213515,0.05514697800609336,0.2871019180226453
7731,5,723,724,365.073,4,3,1.0575235288223093,0.6370796072507205,2.77111809654233,1.8017641138214058,-0.4204439215715887,-0.9693539827209243
7734,5,724,725,366.128,3,2,0.6370796072507205,-0.0,1.8017641138214058,1.0,-0.6370796072507205,-0.8017641138214058
7736,5,725,726,367.017,2,4,-0.0,1.0557777018998395,1.0,2.7577585355301917,1.0557777018998395,1.7577585355301917
7742,5,726,727,368.645,4,4,1.0553888555142181,1.0625739816498356,2.7707548368939636,2.805307805952542,0.007185126135617503,0.03455296905857841
7754,5,727,728,373.681,4,4,1.0479294735731393,1.024973266923903,2.7239778496793448,2.623119255123355,-0.022956206649236366,-0.10085859455598989
7759,5,728,729,375.395,4,4,0.9919120473031457,1.0445809434803772,2.479761081595468,2.6945705086952114,0.05266889617723147,0.21480942709974338
7766,5,729,730,377.424,4,4,1.0017314508193373,1.0154009444815624,2.554092074436052,2.577996276366113,0.01366949366222503,0.023904201930061042
7783,5,730,731,380.878,4,4,1.0635548648657343,1.0149829004371231,2.8128343941639335,2.5474389024843793,-0.048571964428611114,-0.26539549167955423
7800,5,731,732,385.229,4,4,1.0700740206748285,1.0870090374288977,2.8330743117282897,2.9304868866996094,0.016935016754069165,0.09741257497131972
7807,5,732,733,387.927,4,4,1.0685029853503523,1.0079416533262893,2.8362823925738447,2.5527400361901385,-0.060561332024063,-0.2835423563837063
7815,5,733,734,390.581,4,4,1.0708610703533585,1.0655529508205608,2.8428939262533315,2.826292722028778,-0.00530811953279775,-0.016601204224553356
7819,5,734,735,391.804,4,4,1.0655529508205608,1.060496815758519,2.826292722028778,2.7779820833407145,-0.005056135062041722,-0.04831063868806362
7834,5,735,736,397.176,4,4,1.0450261593297763,1.0793432478500025,2.7060856625808882,2.892170597367283,0.03431708852022619,0.18608493478639465
7841,5,736,737,400.012,4,4,1.0429180230195283,1.0895590788505434,2.707961814052994,2.946494727792056,0.04664105583101508,0.23853291373906194
7850,5,737,738,402.367,4,4,1.0954055409500496,1.0455397203583878,2.9809660909666427,2.7104349888639385,-0.04986582059166178,-0.27053110210270415
7858,5,738,739,404.816,4,4,1.0541990635710987,1.0769159904359065,2.7505237618052263,2.8725384716597584,0.02271692686480775,0.12201470985453211
7870,5,739,740,408.533,4,3,0.9944677530723796,0.6791550402534162,2.4722669912433966,1.945802559098838,-0.31531271281896334,-0.5264644321445586
7873,5,740,741,409.761,3,4,0.6791550402534162,1.0767278208918638,1.945802559098838,2.878801733284019,0.3975727806384476,0.9329991741851811
7882,5,741,742,412.555,4,4,1.0301755489866478,1.0189267716289574,2.638587527575604,2.6270355073452083,-0.011248777357690365,-0.011552020230395588
7891,5,742,743,415.264,4,4,1.0678892355592509,0.9626309410594573,2.8261894033011017,2.3402714362783974,-0.10525829449979351,-0.4859179670227043
7899,5,743,744,417.621,4,2,1.042381330372233,-0.0,2.7151901127069986,1.0,-1.042381330372233,-1.7151901127069986
7906,5,746,747,421.252,4,2,0.9196639292886339,-0.0,2.1663696162347112,1.0,-0.9196639292886339,-1.1663696162347112
7908,5,747,748,422.321,2,4,-0.0,1.0455723901315293,1.0,2.72019453442966,1.0455723901315293,1.7201945344296599
7914,5,748,749,424.673,4,4,1.0307413103814698,1.0624020385130513,2.640294978651822,2.804381653905952,0.031660728131581495,0.16408667525412968
7933,5,749,750,430.24,4,4,1.0623491316985518,1.0286329832497412,2.79228996171064,2.6344256909970096,-0.03371614844881066,-0.15786427071363018
7951,5,750,751,436.032,4,4,1.0704111421001212,1.0404258913964326,2.8360352779124334,2.69001242945671,-0.029985250703688626,-0.14602284845572333
7957,5,751,752,438.614,4,4,1.0178725468349672,1.0462106547004804,2.5636956451809967,2.7183353855533765,0.028338107865513162,0.15463974037237982
7969,5,752,753,442.67,4,4,1.0829953784010375,1.091095493968938,2.906653620914633,2.955821392717994,0.008100115567900357,0.04916777180336096
7976,5,753,754,445.533,4,4,1.0420137060458063,0.9820288447475718,2.6816900984011176,2.439167000515309,-0.05998486129823455,-0.24252309788580861
7990,5,754,755,450.075,4,4,1.0387033886340213,1.0735248696091761,2.6684669704685047,2.856811101970563,0.034821480975154806,0.18834413150205842
7995,5,755,756,452.147,4,4,1.031224207734745,1.0556029131622213,2.626157597902792,2.770959072508086,0.02437870542747622,0.14480147460529436
8010,5,756,757,457.005,4,4,1.0681195816149138,1.0844757906723104,2.831558275097144,2.9166259461088555,0.016356209057396542,0.08506767101171153
8029,5,757,758,462.728,4,4,1.0618592317859727,1.0630832853543448,2.788363919925817,2.814368713129579,0.0012240535683720744,0.026004793203762144
8042,5,758,759,466.659,4,4,1.084560959064265,1.0771241231377189,2.9196292794177676,2.8781982649024433,-0.007436835926546204,-0.04143101451532427
8052,5,759,760,469.446,4,4,1.068271651781802,1.071285895665147,2.834345916263822,2.8484061740302424,0.0030142438833449248,0.014060257766420392
8061,5,760,761,472.344,4,4,1.0757367850056052,1.0614710728892882,2.871995825210914,2.788416740658298,-0.014265712116316998,-0.08357908455261587
8069,5,761,762,475.006,4,4,1.0467211710520594,1.0812955847388552,2.7161169034953216,2.9000475182800316,0.03457441368679581,0.18393061478470996
8076,5,762,763,477.244,4,2,1.0855774980531243,-0.0,2.926154177985084,1.0,-1.0855774980531243,-1.926154177985084
8078,5,763,764,478.273,2,4,-0.0,1.0557777875525263,1.0,2.7577589795979427,1.0557777875525263,1.7577589795979427
8084,5,764,765,480.475,4,4,1.0553888552699273,1.087481204698107,2.7707548446894785,2.936005356591982,0.032092349428179734,0.1652505119025034
8122,5,765,766,492.498,4,4,1.064710960385316,1.0384326448917485,2.812216577259574,2.6776601685662067,-0.026278315493567517,-0.1345564086933675
8135,5,766,767,496.345,4,4,1.0652624817727292,1.0111586168228355,2.816045411358269,2.5667890261442277,-0.05410386494989372,-0.24925638521404148
8146,5,767,768,500.257,4,4,1.039507020281028,0.938147209615851,2.6679203626746575,2.246385478905473,-0.10135981066517696,-0.42153488376918435
8156,5,768,769,503.535,4,4,1.0824013532014085,1.0740420801499377,2.9093524442968626,2.865417076833543,-0.008359273051470772,-0.04393536746331961
8176,5,769,770,509.837,4,4,0.9487516451716471,1.0367420234678026,2.327149194760378,2.6660420468271675,0.08799037829615552,0.33889285206678954
8185,5,770,771,512.718,4,4,1.056530914344879,1.0212607523485304,2.7737635799949207,2.582168932085886,-0.03527016199634847,-0.1915946479090347
8227,6,772,773,3.849,4,4,1.040485193066986,1.0448663538120544,2.6758768730754725,2.6935447863332875,0.004381160745068335,0.017667913257815027
8238,6,773,774,9.025,4,4,1.078150981400077,1.0311066332514525,2.8818371695535125,2.6556380470626175,-0.04704434814862446,-0.22619912249089502
8244,6,774,775,11.663,4,4,1.0294591983609371,1.0087256142231746,2.6221468341892638,2.5826113944726448,-0.020733584137762495,-0.03953543971661899
8255,6,775,776,15.2,4,4,0.986745089211425,1.0577563246112072,2.455112720516275,2.77001812993756,0.07101123539978216,0.3149054094212853
8267,6,776,777,18.668,4,4,1.0571425371563372,1.031125016897375,2.7820890286301796,2.647281603351857,-0.026017520258962312,-0.13480742527832268
8273,6,777,778,21.211,4,4,1.0816723475864216,1.0448026764167582,2.9030890462582937,2.7316454589259016,-0.03686967116966344,-0.17144358733239207
8278,6,778,779,22.4,4,4,1.008297698700479,1.0677324948598126,2.537623743066419,2.82730481477982,0.05943479615933356,0.28968107171340085
8284,6,779,780,24.633,4,4,1.0906122452642077,1.0480229904340934,2.952763512700814,2.719903657839279,-0.04258925483011433,-0.23285985486153482
8293,6,780,781,27.121,4,4,1.0502661823377832,1.0581811095997984,2.7364339566849223,2.7827819539511234,0.007914927262015148,0.04634799726620109
8298,6,781,782,28.859,4,4,1.0429573731814752,0.9732294140387276,2.6940895380090524,2.3930549544393744,-0.06972795914274754,-0.30103458356967794
8306,6,782,783,31.866,4,4,1.0573773004939897,1.0449454892304757,2.774743570895882,2.7211287492842717,-0.012431811263514003,-0.05361482161161035
8310,6,783,784,33.679,4,4,1.0449454892304757,0.9691563446053513,2.7211287492842717,2.448034098069103,-0.07578914462512443,-0.27309465121516885
8330,6,784,785,39.846,4,4,1.0130341955891655,1.0382006269952166,2.5404558111135107,2.6960798738197362,0.025166431406051126,0.15562406270622553
8338,6,785,786,42.903,4,4,1.0483247697972584,1.074068519370636,2.7260503745500553,2.856833107107677,0.02574374957337766,0.13078273255762163
8346,6,786,787,45.935,4,4,1.035305665662491,1.037107270640641,2.6757277878134267,2.6663767886721406,0.0018016049781499621,-0.00935099914128612
8356,6,787,788,48.829,4,4,1.061751243984764,0.9963166255762588,2.7916758399292276,2.469561259448209,-0.06543461840850529,-0.3221145804810188
8365,6,788,789,52.955,4,4,0.9861951293086486,1.0000266793392325,2.453241134969601,2.5437978237429375,0.013831550030583895,0.09055668877333645
8372,6,789,790,55.733,4,3,1.0499245016892724,0.6669006773821065,2.7207056219742927,1.9010826382440622,-0.38302382430716597,-0.8196229837302305
8375,6,790,791,57.556,3,4,0.6669006773821065,1.0613581464308486,1.9010826382440622,2.8055284952960666,0.3944574690487421,0.9044458570520044
8388,6,793,794,63.22,4,2,1.0397943357901531,-0.0,2.6680189585139784,1.0,-1.0397943357901531,-1.6680189585139784
8390,6,794,795,64.668,2,4,-0.0,1.0613581464308486,1.0,2.8055284952960666,1.0613581464308486,1.8055284952960666
8397,6,795,796,67.405,4,4,1.0671209484623534,0.8527658769384351,2.8296901873606477,1.9868058826981627,-0.2143550715239183,-0.842884304662485
8403,6,796,797,70.188,4,4,0.62124133574062,1.0725130035974608,1.592144068349293,2.859518334119092,0.4512716678568408,1.267374265769799
8412,6,797,798,73.355,4,4,1.0686472475407054,1.043158247955902,2.8365184427953616,2.6959179635959947,-0.02548899958480333,-0.1406004791993669
8417,6,798,799,75.388,4,4,1.022629287363094,1.0841970847117304,2.600627859452224,2.9157338875722734,0.06156779734863638,0.3151060281200495
8423,6,799,800,77.821,4,4,1.0843175532492153,1.0056513634091846,2.914654582318199,2.5545814224223315,-0.07866618984003071,-0.3600731598958675
8429,6,800,801,79.589,4,4,0.9937180583449269,1.0266252568984924,2.463903299605159,2.64316266333681,0.0329071985535655,0.17925936373165108
8436,6,801,802,81.922,4,4,1.0073619322297656,1.0069327506114767,2.5363309701309027,2.5771607820134252,-0.00042918161828886525,0.04082981188252255
8457,6,802,803,88.165,4,4,1.0237654239547824,1.0492022036870599,2.5888189264189116,2.7319519807482866,0.025436779732277426,0.14313305432937495
8466,6,803,804,91.378,4,4,1.0126931079300459,1.0620377295457208,2.577802488788747,2.801508690182663,0.04934462161567499,0.22370620139391617
8477,6,804,805,94.783,4,4,1.061875864392834,1.0346719340530626,2.786237315219592,2.6432265055709725,-0.02720393033977153,-0.14301080964861956
8487,6,805,806,98.774,4,4,1.0776511346182924,1.0482767221801241,2.8783712423821584,2.7397321063095728,-0.029374412438168296,-0.1386391360725856
8508,6,806,807,106.289,4,3,1.0223987353127013,0.6895732956926977,2.5824157673645143,1.9858227140642224,-0.33282543962000366,-0.5965930533002919
8511,6,807,808,107.478,3,4,0.6895732956926977,1.0259676467481686,1.9858227140642224,2.6323398388662893,0.336394351055471,0.6465171248020669
8531,6,808,809,115.217,4,4,1.0869424275629864,1.0530027801761848,2.9295746492169754,2.7680101401069424,-0.033939647386801663,-0.16156450911003306
8538,6,809,810,118.004,4,4,1.0134278492290678,1.0516149685832696,2.5552341535693404,2.7466001959073147,0.038187119354201826,0.19136604233797438
8558,6,810,811,125.349,4,4,1.0243336835820314,1.039966059795291,2.603308211877012,2.676987078543922,0.015632376213259747,0.07367886666690993
8571,6,811,812,129.635,4,4,1.059879346856122,1.082083905886328,2.7792504330690346,2.9066919098089286,0.022204559030206017,0.12744147673989392
8594,6,812,813,138.422,4,4,1.075152318660187,1.0567039266356502,2.8626850816739506,2.765122804356324,-0.018448392024536853,-0.09756227731762657
8599,6,813,814,139.526,4,4,1.0252026016980522,1.0018346610037903,2.6005781920061106,2.487892482395381,-0.023367940694261957,-0.11268570961072966
8605,6,814,815,142.054,4,4,0.9920346812585559,1.0714808166524583,2.4582991304031676,2.847079364012198,0.07944613539390244,0.38878023360903047
8613,6,815,816,144.903,4,4,1.063509473964095,1.0789654109282705,2.8117370531993684,2.8910178030201887,0.015455936964175576,0.07928074982082034
8636,6,816,817,153.367,4,4,1.069732882560739,0.9781395948100671,2.8305787277558667,2.4635406343009323,-0.09159328775067199,-0.36703809345493443
8641,6,817,818,155.53,4,4,0.9685765535625717,0.9005547167120493,2.4608092366798506,2.236664664149408,-0.06802183685052232,-0.2241445725304425
8648,6,818,819,158.045,4,4,1.063933711766001,1.0481436585199806,2.8003128726899527,2.7455121050987525,-0.015790053246020452,-0.05480076759120012
8652,6,819,820,160.013,4,4,1.0481436585199806,1.0739838918682956,2.7455121050987525,2.8587040542506506,0.025840233348314978,0.11319194915189801
8659,6,820,821,162.526,4,4,1.0659069734461961,1.012268228004297,2.817369968133212,2.5359917046891267,-0.05363874544189917,-0.28137826344408534
8670,6,821,822,167.303,4,4,1.0868720996829366,0.9847098906361362,2.9307624240681895,2.4132960292512435,-0.1021622090468004,-0.517466394816946
8679,6,822,823,170.731,4,4,1.05202155271345,1.0334630327908993,2.738533322114009,2.6355165970655805,-0.018558519922550643,-0.10301672504842863
8692,6,823,824,175.608,4,4,1.0368998959406484,1.0736374868450986,2.6578805173734543,2.8548404951228306,0.03673759090445028,0.19695997774937624
8696,6,824,825,177.88,4,4,1.0736374868450986,1.0859303717857856,2.8548404951228306,2.9234711296662454,0.012292884940686921,0.06863063454341489
8704,6,825,826,180.754,4,4,1.0584224453359525,1.0231223136080083,2.775267598995121,2.592965402104118,-0.03530013172794422,-0.18230219689100302
8709,6,826,827,182.557,4,4,1.0366061668230437,1.0459408055090327,2.6678977148869367,2.737632220780189,0.009334638685988939,0.06973450589325214
8713,6,827,828,184.351,4,4,1.0459408055090327,1.0356523191391316,2.737632220780189,2.683227070782584,-0.010288486369901095,-0.05440514999760504
8724,6,828,829,188.655,4,4,1.0644780082561638,1.025140643842674,2.8172539133309704,2.6384064762128663,-0.039337364413489784,-0.17884743711810414
8728,6,829,830,190.347,4,4,1.025140643842674,1.0718929210092338,2.6384064762128663,2.853108622527213,0.04675227716655983,0.2147021463143468
8734,6,830,831,193.009,4,4,1.0642261342419268,1.0163639504961701,2.820088975119357,2.5549994090942842,-0.04786218374575668,-0.2650895660250727
8739,6,831,832,194.658,4,4,0.9795879375439269,0.9835175229104847,2.3953293891243566,2.496459564632343,0.003929585366557742,0.10113017550798631
8747,6,832,833,197.85,4,3,1.0677216436173593,0.6895732956926977,2.8240051989659247,1.9858227140642224,-0.3781483479246617,-0.8381824849017023
8750,6,833,834,198.794,3,4,0.6895732956926977,1.070333575041458,1.9858227140642224,2.84761502581876,0.38076027934876033,0.8617923117545374
8755,6,834,835,200.812,4,4,1.0643450174410236,0.9992282303292113,2.8119252283851988,2.479433697597229,-0.06511678711181235,-0.33249153078796967
8759,6,835,836,203.205,4,4,0.9992282303292113,1.064779861797949,2.479433697597229,2.8040481488924724,0.06555163146873766,0.32461445129524336
8764,6,836,837,206.002,4,4,1.0881248405031954,1.0345363998356278,2.9394918193852178,2.6683630865291903,-0.053588440667567516,-0.27112873285602745
8780,6,837,838,212.582,4,4,1.029719362547565,1.0606440232616294,2.624819807121591,2.8020119531425314,0.030924660714064522,0.17719214602094047
8785,6,838,839,214.954,4,4,1.0474191968178463,1.039919830176017,2.7297121161779154,2.7009347882149695,-0.007499366641829264,-0.028777327962945964
8794,6,839,840,218.425,4,4,1.0886257656069267,1.0271918644283682,2.9400001458619665,2.648702536579141,-0.061433901178558514,-0.29129760928282566
8806,6,840,841,222.44,4,4,1.0804364297663636,1.0657420859466054,2.8987908287274315,2.8221416829152073,-0.014694343819758204,-0.07664914581222426
8811,6,841,842,225.348,4,4,1.0509402245972526,1.0022673543575267,2.7260069842414896,2.494608280184498,-0.048672870239725885,-0.23139870405699137
8821,6,842,843,229.7,4,4,1.0394782403963854,1.0786033851988641,2.6898418322729887,2.8856950937614982,0.03912514480247875,0.19585326148850957
8825,6,843,844,232.436,4,4,1.0786033851988641,1.0295983013180543,2.8856950937614982,2.634008383597184,-0.04900508388080982,-0.2516867101643143
8840,6,844,845,238.008,4,4,1.070925061178454,1.013140937472488,2.844882057145849,2.574251747957359,-0.05778412370596597,-0.27063030918849007
8849,6,845,846,240.921,4,4,1.0418049366004394,1.0359809743713453,2.699702251923754,2.683112896020987,-0.005823962229094093,-0.016589355902767
8853,6,846,847,243.038,4,4,1.0359809743713453,1.0731582750638284,2.683112896020987,2.8561972642662097,0.03717730069248315,0.17308436824522255
8878,6,847,848,250.863,4,4,1.059142747021227,1.0355087588974679,2.7765697599964185,2.675884688058036,-0.023633988123759053,-0.10068507193838272
8887,6,848,849,255.668,4,4,1.059773423878903,1.0556902754977284,2.7795301872014204,2.760283453021109,-0.004083148381174517,-0.01924673418031153
8895,6,849,850,258.707,4,2,1.0431706973630095,-0.0,2.6955741638729434,1.0,-1.0431706973630095,-1.6955741638729434
8897,6,850,851,260.179,2,4,-0.0,1.0799252533466452,1.0,2.8962562087364576,1.0799252533466452,1.8962562087364576
8901,6,851,852,261.774,4,4,1.0799252533466452,1.0695284438018282,2.8962562087364576,2.830954092249689,-0.010396809544817032,-0.06530211648676865
8907,6,852,853,264.031,4,4,1.0865448732366163,1.0683513235917437,2.929684183509218,2.8282203014602922,-0.01819354964487263,-0.10146388204892576
8919,6,853,854,267.871,4,4,1.0693383706210984,1.0802528881497138,2.8408250654558036,2.893646717499552,0.010914517528615386,0.05282165204374856
8929,6,854,855,271.478,4,4,1.0495011678326658,1.0482821369723418,2.7200652034219455,2.736973817944402,-0.001219030860323933,0.0169086145224564
8942,6,855,856,276.653,4,4,1.0272479410166024,1.0515601040881177,2.6151258738383603,2.7375040418577994,0.02431216307151529,0.12237816801943913
8952,6,856,857,279.7,4,4,1.0477202616571468,1.014597220061448,2.7109104331326908,2.567919329942151,-0.0331230415956989,-0.14299110319053954
8958,6,857,858,282.213,4,4,1.0704532609757034,0.8930134445710811,2.836067714718958,2.1019305382267355,-0.17743981640462225,-0.7341371764922227
8963,6,858,859,284.481,4,4,0.9679118228849759,1.009512426298268,2.3794545474275166,2.564545939347226,0.04160060341329208,0.18509139191970947
8973,6,859,860,288.666,4,4,1.0635658486595156,1.0582412753913408,2.804507874149518,2.7714685616537125,-0.005324573268174815,-0.03303931249580572
8980,6,860,861,291.493,4,4,1.0654221948720723,1.0493816824973508,2.809649489750429,2.727066508017957,-0.016040512374721594,-0.08258298173247214
8988,6,861,862,294.541,4,4,1.059860101785002,1.047477267547603,2.78420422652976,2.7154781449882823,-0.012382834237399054,-0.06872608154147786
9004,6,862,863,300.033,4,3,1.07758315066323,0.6406224450300494,2.878155910303435,1.8129129347340134,-0.4369607056331807,-1.0652429755694215
9007,6,863,864,301.927,3,4,0.6406224450300494,0.8852058573521906,1.8129129347340134,2.1211168537041285,0.2445834123221412,0.3082039189701151
9011,6,864,865,303.702,4,4,0.8852058573521906,1.0324502050807014,2.1211168537041285,2.666028174422244,0.1472443477285108,0.5449113207181155
9018,6,865,866,306.992,4,4,0.951330175885577,1.0682602725646226,2.279077125652747,2.8353653319510697,0.11693009667904564,0.5562882062983228
9025,6,866,867,310.158,4,4,1.0588127210130827,1.0470256715722794,2.7886974879410884,2.7284337614302734,-0.011787049440803221,-0.06026372651081502
9033,6,867,868,313.964,4,4,1.0549388076404749,1.0274729842896366,2.7496227987735335,2.6065894434862384,-0.027465823350838248,-0.1430333552872951
9082,6,868,869,330.286,4,4,1.0487650301150753,1.0842063150894825,2.714978464732152,2.9136361534848043,0.03544128497440724,0.1986576887526521
9091,6,869,870,334.397,4,4,1.0187685684224919,1.0569057283457668,2.595264002672447,2.775813358827876,0.03813715992327493,0.18054935615542922
9104,6,870,871,338.9,4,4,0.9829379146444523,0.9859301345292926,2.4589805522465937,2.504359668681737,0.0029922198848402193,0.04537911643514336
9116,6,871,872,342.908,4,4,1.0043860837846956,1.0734975445188097,2.5743371978685285,2.853156197728059,0.06911146073411412,0.2788189998595305
9127,6,872,873,346.401,4,4,1.0326690898575457,1.001262545483567,2.6521144036603634,2.506641392401975,-0.03140654437397861,-0.1454730112583884
9143,6,873,874,351.778,4,4,1.0196957374712787,1.0821593877235052,2.5923682315628267,2.9032114542358523,0.062463650252226444,0.31084322267302555
9151,6,874,875,354.676,4,4,1.048173293993953,1.073157603134526,2.7247783983658382,2.8596890020704757,0.024984309140573036,0.13491060370463748
9163,6,875,876,358.824,4,4,1.0220089703139954,1.0373271174763437,2.607298763455572,2.6958797893866255,0.01531814716234825,0.08858102593105333
9169,6,876,877,361.327,4,4,0.98690216654131,1.0304843533082755,2.4301725181016325,2.672512369536118,0.04358218676696546,0.24233985143448544
9174,6,877,878,363.101,4,4,0.9864971594790763,1.0568766965829317,2.422406880632379,2.7844935247586053,0.07037953710385536,0.36208664412622626
9179,6,878,879,364.78,4,4,1.019768237569339,1.0761117997466654,2.5679706061183696,2.8722842102625155,0.05634356217732628,0.3043136041441459
9193,6,879,880,369.458,4,3,1.0863233751507764,0.6655976172793912,2.9273115604773197,1.8964693645692152,-0.4207257578713852,-1.0308421959081044
9196,6,880,881,372.23,3,4,0.6655976172793912,1.0560138972373467,1.8964693645692152,2.753202156508255,0.3904162799579556,0.85673279193904
9222,6,881,882,380.271,4,4,1.0734192534278466,1.0280729531038317,2.8506321342153416,2.6416628669304645,-0.04534630032401488,-0.20896926728487708
9227,6,882,883,382.889,4,4,1.0651164922095124,1.0546952087330212,2.810790486594523,2.7568963139196807,-0.010421283476491183,-0.05389417267484209
9243,6,883,884,387.816,4,4,1.0225287003587764,1.03133378862917,2.612811221645307,2.6456108627252695,0.008805088270393613,0.03279964107996225
9255,6,884,885,392.294,4,4,1.026181198425262,1.065383166823934,2.6278815034786382,2.807991902671801,0.03920196839867196,0.18011039919316296
9274,6,885,886,397.386,4,4,0.8956910378444205,0.9992722206250098,2.16639619940673,2.4787254353457895,0.10358118278058925,0.3123292359390595
9283,6,886,887,401.043,4,4,1.0692086384900745,1.0819226982434795,2.841407061290053,2.904671959521629,0.012714059753405005,0.063264898231576
9320,6,887,888,413.537,4,4,1.072953532839712,1.0696043308220853,2.8568715042558708,2.8369265920968165,-0.0033492020176266735,-0.01994491215905425
9331,6,888,889,418.578,4,4,1.0749759854613208,1.0434544448891288,2.8606472692505363,2.689799945011723,-0.03152154057219203,-0.17084732423881333
9339,6,889,890,421.036,4,4,0.9924973763456403,1.043862059921956,2.529220444298857,2.6977283530510543,0.05136468357631563,0.16850790875219746
9349,6,890,891,423.97,4,4,1.0164779872164849,1.0300852755452723,2.566956567140363,2.6534815208982856,0.013607288328787437,0.08652495375792268
9357,6,891,892,427.602,4,4,1.0684664978833363,1.079656618337564,2.82800334178093,2.8957651470569266,0.011190120454227737,0.06776180527599651
9366,6,892,893,430.146,4,4,1.052662954047379,1.0754905005516253,2.7404028979706774,2.867123437660781,0.022827546504246232,0.12672053969010344
9374,6,893,894,432.435,4,4,1.0625720931917018,0.9927619398864823,2.801804040924131,2.505633316829748,-0.06981015330521945,-0.2961707240943827
9383,6,894,895,434.43,4,4,1.0382948214048147,1.076045889835573,2.6644893128684104,2.8749091157123887,0.03775106843075826,0.21041980284397832
9387,6,895,896,435.35,4,3,1.076045889835573,0.6881431997679875,2.8749091157123887,1.9802151610206475,-0.3879026900675854,-0.8946939546917412
9390,6,896,897,437.605,3,4,0.6881431997679875,1.072711115635848,1.9802151610206475,2.8469878379092597,0.38456791586786043,0.8667726768886121
9404,6,897,898,442.098,4,4,1.0377723957321732,1.013361307512017,2.6853486538316402,2.551044300191643,-0.024411088220156252,-0.13430435363999704
9426,6,898,899,449.528,4,4,1.0134435369958734,1.0575452752695609,2.5934247441436424,2.7639359335675646,0.04410173827368746,0.17051118942392218
9433,6,899,900,452.8,4,4,1.0672013891318781,1.0669422506291564,2.824069070164149,2.813304830391534,-0.0002591385027217452,-0.010764239772615092
9438,6,900,901,455.627,4,4,1.0704092464962542,1.0670674338296806,2.845495408276629,2.820127445197211,-0.003341812666573629,-0.025367963079418132
9450,6,901,902,459.474,4,4,1.033570898378451,1.0704071311985255,2.651811144930669,2.8338410611234535,0.03683623282007442,0.1820299161927843
9457,6,902,903,462.761,4,4,1.0824209337251434,1.0423444260434938,2.903640962730951,2.681970367420348,-0.04007650768164961,-0.22167059531060307
9465,6,903,904,466.128,4,4,1.0428489825656295,1.0719481811429792,2.697335337446592,2.8467303499881234,0.02909919857734966,0.14939501254153154
9469,6,904,905,467.682,4,4,1.0719481811429792,1.0853238145661528,2.8467303499881234,2.9237556043271216,0.013375633423173605,0.0770252543389982
9476,6,905,906,469.561,4,4,1.0596243897130886,1.0336702457042033,2.793505866207853,2.681181194879845,-0.025954144008885294,-0.11232467132800794
9483,6,906,907,472.573,4,4,1.0807654146237669,1.0866458344984042,2.898383405585268,2.9315674639253753,0.005880419874637388,0.03318405834010729
9498,6,907,908,477.814,4,4,1.0524634139162232,1.029844883935516,2.7588163059495017,2.6442213074227308,-0.022618529980707125,-0.11459499852677091
9519,6,908,909,484.206,4,4,1.0746318434652284,1.0518870131296327,2.8650846558815877,2.7461607712964953,-0.02274483033559571,-0.1189238845850924
9523,6,909,910,485.854,4,4,1.0518870131296327,1.016308251191979,2.7461607712964953,2.6188791970996372,-0.03557876193765375,-0.12728157419685804
9529,6,910,911,487.578,4,4,0.9603596434238499,1.0720859263910194,2.382742855179044,2.847873473723694,0.11172628296716947,0.46513061854465
9535,6,911,912,489.85,4,4,1.0831827689738067,1.0626493974825437,2.9124471297724064,2.7902440243959443,-0.020533371491262997,-0.12220310537646206
9541,6,912,913,492.158,4,4,1.0702762717259278,1.0527683877146943,2.8362364454715694,2.7539648083874644,-0.017507884011233488,-0.08227163708410501
9546,6,913,914,494.605,4,4,1.078146209351221,1.0180401791850848,2.8880387336536195,2.5629508571539144,-0.06010603016613625,-0.32508787649970516
9559,6,914,915,498.472,4,4,1.0412510884772266,1.0616176935278223,2.6919581728305344,2.795273818246548,0.020366605050595732,0.10331564541601379
9563,6,915,916,500.715,4,4,1.0616176935278223,1.0693804715688495,2.795273818246548,2.833105545028025,0.007762778041027207,0.03783172678147695
9567,6,916,917,503.176,4,4,1.0693804715688495,1.0476947403844048,2.833105545028025,2.7303420102724147,-0.021685731184444723,-0.1027635347556104
9577,6,917,918,506.094,4,4,1.0585409892849238,0.9555980816057694,2.767541869483446,2.326814504693821,-0.10294290767915437,-0.44072736478962504
9585,6,918,919,509.046,4,4,0.9962033236059571,1.009624943705193,2.5096018162507754,2.5792566580579286,0.013421620099235865,0.0696548418071532
9594,6,919,920,513.282,4,4,1.082971146063256,1.075125369019907,2.9060398680558874,2.864159232067436,-0.0078457770433491,-0.0418806359884516
9604,6,920,921,516.61,4,4,1.015006992458255,1.0388224177950725,2.567171450437398,2.6993902531022935,0.023815425336817464,0.13221880266489539
9617,6,921,922,521.386,4,4,1.0634883971277156,0.9769926620871706,2.811875178784561,2.4892312775300343,-0.08649573504054497,-0.3226439012545268
9631,6,922,923,526.148,4,4,1.0830844093348513,1.0696979058562082,2.9104284384355914,2.84060740701733,-0.01338650347864312,-0.06982103141826146
9635,6,923,924,528.182,4,4,1.0696979058562082,0.985677187641631,2.84060740701733,2.4385763430340637,-0.08402071821457713,-0.40203106398326627
9640,6,924,925,529.767,4,4,1.0532868119209227,1.0342436353289237,2.7681517837028693,2.652371204573659,-0.019043176591998945,-0.11578057912921036
9647,6,925,926,532.197,4,4,0.996435790234182,1.0298990154941636,2.5248772028163162,2.6431796736001485,0.03346322525998158,0.11830247078383227
9652,6,926,927,534.387,4,4,1.0376403739641646,1.0489204952433882,2.679857604564023,2.7472484280312166,0.01128012127922351,0.0673908234671936
9663,6,927,928,538.239,4,4,1.0732235136684527,0.9244686672990666,2.8602049386794413,2.1833034155451942,-0.14875484636938607,-0.676901523134247
9676,6,928,929,543.585,4,4,1.033581271023876,0.9601425751223468,2.657896192447463,2.388407609968956,-0.0734386959015293,-0.2694885824785067
9690,6,929,930,548.182,4,2,1.0807276146412945,-0.0,2.8934570211795942,1.0,-1.0807276146412945,-1.8934570211795942
9692,6,930,931,549.326,2,4,-0.0,1.046547439769435,1.0,2.731201493669954,1.046547439769435,1.7312014936699538
9702,6,931,932,553.442,4,4,1.0348466845814062,1.0760531479306739,2.6521490443715345,2.8713917306249432,0.0412064633492677,0.2192426862534087
9708,6,932,933,556.279,4,4,1.0537350448201406,0.9667246275234666,2.75047617944883,2.3641158264044653,-0.08701041729667403,-0.38636035304436467
9721,6,933,934,561.245,4,4,1.023032080836355,1.0461232444409954,2.611561185828721,2.7084150680407757,0.023091163604640252,0.09685388221205482
9734,6,934,935,565.882,4,2,1.06118932740254,-0.0,2.79108251992153,1.0,-1.06118932740254,-1.7910825199215301
9736,6,935,936,567.85,2,4,-0.0,1.0502902171174795,1.0,2.757273221026322,1.0502902171174795,1.7572732210263222
9744,6,936,937,570.893,4,4,1.058449263621659,1.0171307294428868,2.7838608186835434,2.590505975060827,-0.04131853417877207,-0.19335484362271638
9752,6,937,938,574.249,4,4,1.0928105972693596,1.0438555147942243,2.966343789257392,2.7271631899717037,-0.04895508247513525,-0.23918059928568836
9759,6,938,939,577.281,4,4,1.0757751011058136,1.0693804872545505,2.8651733558901853,2.833105667347724,-0.0063946138512631645,-0.03206768854246134
9763,6,939,940,579.32,4,4,1.0693804872545505,1.0722973885904177,2.833105667347724,2.855471590610726,0.0029169013358671947,0.02236592326300224
9787,6,940,941,588.674,4,4,1.0710496055692116,1.0635612104640968,2.8455435630791093,2.7946843694568373,-0.007488395105114787,-0.05085919362227198
9793,6,941,942,591.032,4,4,1.0519634275598468,1.070458964812502,2.736208143917015,2.833172467285145,0.01849553725265518,0.09696432336812988
9798,6,942,943,593.375,4,4,1.082376159765247,1.038619349350626,2.9064437675951065,2.681263157606865,-0.043756810414621095,-0.22518060998824163
9807,6,943,944,596.946,4,4,1.0082583003150352,1.0148335102446002,2.532003437219126,2.569231488785906,0.006575209929565062,0.037228051566779996
9815,6,944,945,599.83,4,4,1.0069050155273487,1.0565815642523788,2.550659245551871,2.762202662140808,0.049676548725030134,0.21154341658893694
9825,6,945,946,603.497,4,4,1.0688866035883486,1.0400727653243078,2.8366365037713015,2.6885223732809242,-0.028813838264040825,-0.14811413049037725
9830,6,946,947,604.846,4,4,1.0598471207335627,1.0078884155685484,2.7753324347310824,2.531795356046692,-0.05195870516501433,-0.24353707868439045
9838,6,947,948,606.825,4,4,1.0755774205618134,1.033130571950714,2.8640550384844192,2.642447276491773,-0.042446848611099375,-0.22160776199264642
9847,6,948,949,609.11,4,3,1.0283161970403938,0.657037287778646,2.642013579184575,1.8668101437402895,-0.3712789092617478,-0.7752034354442854
9850,6,949,950,610.48,3,4,0.657037287778646,1.0384499993996306,1.8668101437402895,2.6641548439899423,0.38141271162098456,0.7973447002496528
9857,6,950,951,613.365,4,4,1.0795491237516357,1.063360565327909,2.887508017881355,2.8045685747048648,-0.016188558423726684,-0.08293944317649027
9862,6,951,952,615.473,4,4,1.0313732492713261,1.0735899062727152,2.6395368498741787,2.8522890331433732,0.0422166570013891,0.21275218326919454
9866,6,952,953,618.156,4,4,1.0735899062727152,1.0725434008676267,2.8522890331433732,2.8456214173583807,-0.0010465054050885492,-0.006667615784992531
9873,6,953,954,620.989,4,4,1.0428219763127387,1.0768279094485134,2.7108550780128975,2.8805027839549435,0.03400593313577471,0.16964770594204603
9899,6,954,955,629.848,4,4,0.9131230921322829,1.0537700355683635,2.2409265370894134,2.758290659424,0.14064694343608053,0.5173641223345866
9927,6,955,956,638.028,4,4,1.067072456922792,1.0333421390352677,2.8259718196711576,2.6735905051707887,-0.03373031788752434,-0.15238131450036896
9936,6,956,957,641.739,4,4,1.0539802120177286,1.0723049270882492,2.7437266957593756,2.849121637106574,0.01832471507052058,0.1053949413471984
9941,6,957,958,644.287,4,4,1.0873657169217033,0.3659202576002754,2.935622709999548,1.231697442137668,-0.7214454593214279,-1.70392526786188
9950,6,958,959,648.303,4,4,1.0588571424985502,1.0333830483395465,2.7714095385033795,2.6605343762869187,-0.025474094159003702,-0.11087516221646077
9957,6,959,960,650.866,4,4,1.043456698267697,1.0602457052449468,2.698632996702598,2.7801769484378482,0.016789006977249832,0.08154395173525009
9969,6,960,961,654.907,4,3,1.0596217140377056,0.6915082656582427,2.7726369626484364,1.9934693173352314,-0.3681134483794628,-0.779167645313205
9972,6,961,962,655.972,3,4,0.6915082656582427,1.0667494981150674,1.9934693173352314,2.814172000834279,0.3752412324568246,0.8207026834990476
9978,6,962,963,658.105,4,4,1.0475535819466184,1.0194532859217367,2.7115921655902864,2.5706701833937315,-0.028100296024881732,-0.14092198219655483
9989,6,963,964,662.95,4,4,1.073020030491094,1.0551947308352538,2.852152913337013,2.7502025864851896,-0.01782529965584012,-0.10195032685182337
9995,6,964,965,665.412,4,4,1.0515523492451704,1.0555296099230411,2.7415711020710987,2.7525096622982113,0.003977260677870742,0.010938560227112593
10011,6,965,966,671.313,4,4,1.0414548363282754,1.0818436179705946,2.708994831770049,2.906344471501221,0.04038878164231918,0.19734963973117203
10018,6,966,967,674.2,4,4,1.0823753501122053,1.094940517054074,2.9072899048846574,2.9782568469114485,0.01256516694186871,0.0709669420267911
10025,6,967,968,676.104,4,4,1.028820459254649,0.9961349584247052,2.6353238424362595,2.4681542172797957,-0.032685500829943814,-0.16716962515646383
10066,7,969,970,12.527,4,4,1.0205277403465889,1.0705239705556095,2.6096372621245565,2.8460067226795447,0.049996230209020665,0.2363694605549882
10070,7,970,971,14.39,4,4,1.0705239705556095,0.9757414814961307,2.8460067226795447,2.4559438510176803,-0.09478248905947884,-0.3900628716618644
10077,7,971,972,16.793,4,4,1.0374169144931116,1.0726179952820982,2.669733256740051,2.848667047174773,0.03520108078898665,0.1789337904347219
10082,7,972,973,19.575,4,2,1.07858261362899,-0.0,2.883153785260807,1.0,-1.07858261362899,-1.8831537852608071
10084,7,973,974,21.073,2,2,-0.0,-0.0,1.0,1.0,0.0,0.0
10086,7,974,975,22.411,2,2,-0.0,-0.0,1.0,1.0,0.0,0.0
10088,7,975,976,24.628,2,4,-0.0,1.082540490645526,1.0,2.90473186727174,1.082540490645526,1.9047318672717402
10094,7,976,977,26.716,4,4,1.0280774319659485,1.053722542561925,2.660542403201587,2.7460219897710423,0.025645110595976517,0.08547958656945509
10101,7,977,978,29.528,4,4,0.9965539507274687,1.0105546975134554,2.489137744361831,2.5601623335219754,0.014000746785986729,0.0710245891601442
10108,7,978,979,32.271,4,4,1.0846072852610273,1.0804143663383754,2.9157825386015146,2.897752397109195,-0.004192918922651945,-0.01803014149231963
10114,7,979,980,35.123,4,3,0.9788249043415685,0.6653424118785111,2.4466898165091795,1.895568953439873,-0.3134824924630575,-0.5511208630693065
10117,7,980,981,36.537,3,3,0.6653424118785111,0.6653424118785111,1.895568953439873,1.895568953439873,0.0,0.0
10120,7,981,982,37.936,3,3,0.6653424118785111,0.6653424118785111,1.895568953439873,1.895568953439873,0.0,0.0
10123,7,982,983,40.138,3,4,0.6653424118785111,1.0585787059063896,1.895568953439873,2.7752722895710007,0.3932362940278785,0.8797033361311277
10128,7,983,984,42.511,4,4,1.0246795286099144,1.0498750246987067,2.598863461115323,2.7525602217690865,0.025195496088792346,0.1536967606537636
10134,7,984,985,45.473,4,4,1.0134172430021955,1.0407595767648865,2.544500232606349,2.6911752364895216,0.027342333762691018,0.14667500388317256
10164,7,985,986,55.749,4,4,0.888588196590323,0.9862644954855837,2.1212561054292904,2.4558871984386377,0.09767629889526075,0.33463109300934724
10177,7,986,987,60.115,4,4,1.072866587550493,1.0832403044776528,2.848351740578002,2.9128516324478846,0.010373716927159826,0.06449989186988248
10219,7,987,988,73.361,4,4,1.0756754506617652,1.0491899089741787,2.868187543173929,2.716712695253186,-0.026485541687586434,-0.15147484792074328
10246,7,988,989,81.67,4,4,1.0249549394723942,1.08215475715287,2.6235540858119393,2.9020946700925925,0.05719981768047577,0.2785405842806532
10257,7,989,990,84.825,4,4,1.0275976730392655,0.9886866312375573,2.64207201182672,2.4334745646602856,-0.038911041801708235,-0.20859744716643425
10263,7,990,991,87.816,4,4,1.0469935549465947,1.0783251366130047,2.7130315691529763,2.8869828301333635,0.031331581666409924,0.17395126098038727
10281,7,991,992,94.73,4,4,1.0721323411437562,1.0239601772503597,2.8533579351907927,2.640468107538957,-0.048172163893396514,-0.21288982765183562
10288,7,992,993,97.288,4,4,1.0524241200919622,1.0684027152847353,2.753922319288489,2.8241130574436837,0.015978595192773115,0.0701907381551945
10293,7,993,994,99.67,4,4,1.071605064528832,1.062318507645243,2.851051363015916,2.7889700901390784,-0.009286556883588926,-0.06208127287683762
10307,7,994,995,105.615,4,4,1.0716021303211525,1.072099291128168,2.8501288246318435,2.845471585227873,0.000497160807015451,-0.004657239403970337
10318,7,995,996,109.541,4,4,1.0866282593294623,1.0353902731576108,2.927925367338209,2.6551464305236308,-0.05123798617185149,-0.2727789368145781
10325,7,996,997,111.959,4,4,1.034411732092843,1.0293792676233438,2.65147558877324,2.665584219256592,-0.0050324644694992315,0.01410863048335198
10329,7,997,998,113.672,4,4,1.0293792676233438,1.027267425529466,2.665584219256592,2.6169078087591546,-0.002111842093877714,-0.04867641049743732
10336,7,998,999,116.213,4,4,0.9355441648952245,0.9742996955996497,2.32761368243796,2.3827791364257975,0.03875553070442517,0.055165453987837676
10345,7,999,1000,118.673,4,4,1.0529254848308818,1.016522409097059,2.7470091042685234,2.584600988034286,-0.03640307573382273,-0.16240811623423745
10349,7,1000,1001,120.83,4,4,1.016522409097059,1.0337115208055239,2.584600988034286,2.6532303759094953,0.01718911170846482,0.06862938787520934
10358,7,1001,1002,122.898,4,4,1.076990168685616,1.0050571020624735,2.872882281407855,2.5611273468517455,-0.07193306662314258,-0.3117549345561095
10362,7,1002,1003,124.471,4,4,1.0050571020624735,1.0464038336015657,2.5611273468517455,2.733213392608062,0.041346731539092296,0.1720860457563167
10370,7,1003,1004,127.388,4,4,1.0307231686722884,1.0107704345250634,2.632659420574879,2.5514382803157076,-0.019952734147224982,-0.08122114025917115
10381,7,1004,1005,131.799,4,4,1.0759508363928003,0.992665789360685,2.8703508997487273,2.4948077890895037,-0.08328504703211537,-0.3755431106592235
10389,7,1005,1006,134.121,4,4,1.0794022368829386,1.051971788043728,2.888172145737226,2.7331287332493273,-0.02743044883921053,-0.15504341248789855
10397,7,1006,1007,136.294,4,4,1.0177805860764866,0.8765639936687399,2.562983834000599,2.0263864923733226,-0.14121659240774664,-0.5365973416272762
10406,7,1007,1008,138.787,4,4,1.0542961691405464,1.0845765400378955,2.7703300375431072,2.916245830771419,0.03028037089734914,0.14591579322831194
10410,7,1008,1009,141.459,4,4,1.0845765400378955,1.0770754051124918,2.916245830771419,2.881793221910857,-0.0075011349254037185,-0.03445260886056234
10420,7,1009,1010,145.39,4,4,1.034311164190887,1.0494738503056475,2.669281466430211,2.7487229855271367,0.01516268611476046,0.07944151909692554
10424,7,1010,1011,146.904,4,4,1.0494738503056475,1.0556566921500319,2.7487229855271367,2.765227971625762,0.006182841844384335,0.016504986098625274
10428,7,1011,1012,148.942,4,4,1.0556566921500319,1.0951004519052496,2.765227971625762,2.9794103109377628,0.039443759755217744,0.2141823393120008
10433,7,1012,1013,150.491,4,4,1.0762645167289728,1.0150007378616508,2.8758457747429067,2.558687682943,-0.06126377886732204,-0.31715809179990684
10438,7,1013,1014,152.384,4,4,1.0421269513897655,1.0738440625792012,2.7200800943613594,2.8549902801201634,0.031717111189435654,0.13491018575880398
10443,7,1014,1015,154.217,4,4,1.0533200484698966,0.9970921605631812,2.747128042559647,2.474189411177318,-0.0562278879067154,-0.272938631382329
10448,7,1015,1016,155.966,4,4,1.028528413532738,1.0845765400378955,2.6573506816459385,2.916245830771419,0.05604812650515756,0.25889514912548073
10452,7,1016,1017,158.174,4,4,1.0845765400378955,1.0530175193670028,2.916245830771419,2.7431160347645758,-0.03155902067089267,-0.17312979600684342
10463,7,1017,1018,161.491,4,4,1.068103917482332,1.0621433845088575,2.838276476769072,2.7995396568279953,-0.0059605329734744306,-0.03873681994107647
10468,7,1018,1019,164.578,4,3,1.067567135798362,0.6771186744796935,2.8298283243325506,1.9381997879600654,-0.3904484613186685,-0.8916285363724852
10471,7,1019,1020,166.332,3,4,0.6771186744796935,1.0531023344071004,1.9381997879600654,2.7517307748925437,0.3759836599274069,0.8135309869324783
10477,7,1020,1021,168.18,4,4,1.0795386268213893,1.0250352006430907,2.89512753933533,2.600664867119396,-0.05450342617829862,-0.29446267221593425
10494,7,1021,1022,173.06,4,4,1.0399265037206857,0.9878828805159257,2.67465097188866,2.4826482278813855,-0.05204362320476008,-0.19200274400727446
10507,7,1022,1023,176.58,4,4,1.0798239564249792,1.0111866174659276,2.891347638431359,2.573676403502622,-0.06863733895905155,-0.31767123492873717
10521,7,1023,1024,181.022,4,4,0.8771195841231051,1.0878027644022217,2.1224500629436536,2.937013288080271,0.2106831802791166,0.8145632251366175
10531,7,1024,1025,184.029,4,4,1.0442804566963364,1.0498007922750474,2.725644106938487,2.728722736391264,0.005520335578711011,0.0030786294527769265
10541,7,1025,1026,187.377,4,4,1.0339594240102723,1.0480417345700843,2.6688539075007442,2.7411974573617774,0.014082310559812017,0.0723435498610332
10551,7,1026,1027,190.894,4,4,1.041532766052862,1.0210424766925668,2.6981613053409506,2.5950427322479594,-0.020490289360295177,-0.1031185730929911
10560,7,1027,1028,194.156,4,4,1.045552305494867,0.9679922463209658,2.720236747195014,2.429199811808711,-0.07756005917390119,-0.29103693538630315
10564,7,1028,1029,195.401,4,4,0.9679922463209658,1.0700480045318082,2.429199811808711,2.8325692838274232,0.10205575821084234,0.4033694720187122
10570,7,1029,1030,197.443,4,4,1.068254654527967,1.0440321387601883,2.8236286755473112,2.71781870673454,-0.024222515767778674,-0.10580996881277116
10576,7,1030,1031,199.421,4,4,1.0868553325683865,1.0914693732212233,2.9299511242997665,2.9586589824974263,0.0046140406528367706,0.028707858197659863
10584,7,1031,1032,202.539,4,4,1.0462880795485772,1.051144504501043,2.7239515111991475,2.7366414387283706,0.004856424952465854,0.012689927529223155
10595,7,1032,1033,206.126,4,4,1.0467843339654628,1.0054607538637934,2.719162197024471,2.5116541206149643,-0.041323580101669366,-0.20750807640950653
10600,7,1033,1034,208.244,4,3,1.0202469463536956,0.6567155876009123,2.6349252946218034,1.8657169772560114,-0.3635313587527833,-0.769208317365792
10614,7,1038,1039,216.859,3,2,0.6770140985148282,-0.0,1.9378112391740239,1.0,-0.6770140985148282,-0.9378112391740239
10623,7,1041,1042,223.665,4,4,1.0871011258207193,0.9589884348360995,2.9342252562810605,2.3128754919187657,-0.12811269098461975,-0.6213497643622947
10631,7,1042,1043,226.707,4,4,0.9869036707059612,1.0190744758518462,2.45351885219314,2.6173370618702676,0.032170805145884995,0.16381820967712768
10636,7,1043,1044,228.821,4,3,1.0377882155258173,,2.6772231088467775,,,
10639,7,1044,1045,230.01,3,3,,0.6928047042389833,,1.9986311885739678,,
10642,7,1045,1046,231.428,3,4,0.6928047042389833,1.0425300563841329,1.9986311885739678,2.7006765780919033,0.34972535214514955,0.7020453895179355
10653,7,1046,1047,234.784,4,4,1.0629612712784478,0.981361718876475,2.805008922026605,2.4013772962363866,-0.0815995524019727,-0.40363162579021816
10659,7,1047,1048,236.474,4,4,1.0262783550407233,1.0876435658244719,2.609124751963611,2.934906769090889,0.06136521078374857,0.32578201712727806
10672,7,1048,1049,240.866,4,4,1.0686126786214944,1.0926379686948482,2.82322577347484,2.963928130723574,0.024025290073353744,0.1407023572487338
10681,7,1049,1050,243.031,4,4,1.0309496998957013,0.6809281833194799,2.642204436453967,1.7698971872038662,-0.3500215165762214,-0.872307249250101
10701,7,1050,1051,251.364,4,4,1.0801026425647018,1.03691531625471,2.8888711127692166,2.656488267401793,-0.04318732630999178,-0.23238284536742349
10711,7,1051,1052,254.896,4,4,0.97593729569685,0.9797738117754594,2.411477372395185,2.464419232417753,0.0038365160786094643,0.052941860022567955
10716,7,1052,1053,256.2,4,4,0.9650034756295702,0.900509601766073,2.4137915004380655,2.1003081191157142,-0.06449387386349725,-0.3134833813223512
10723,7,1053,1054,258.013,4,4,1.0536705323310211,1.0176516114040948,2.7426705409325884,2.583134808323903,-0.03601892092692638,-0.15953573260868525
10734,7,1054,1055,261.54,4,4,1.0688658498344275,1.0533101188744456,2.8283161271456008,2.739898476939331,-0.015555730959981862,-0.0884176502062699
10752,7,1055,1056,266.737,4,4,1.047374830945493,1.0236428378721394,2.7137472772860995,2.5983985378453576,-0.02373199307335372,-0.11534873944074198
10775,7,1056,1057,274.675,4,4,1.0696629980560635,1.0618827179298909,2.829079183007701,2.787815208755734,-0.007780280126172601,-0.04126397425196693
10789,7,1057,1058,279.232,4,4,1.0220563289957647,1.0722658450877949,2.6035815797466517,2.8488458904523672,0.05020951609203017,0.24526431070571553
10794,7,1058,1059,282.678,4,4,1.08967711998505,1.073866979414726,2.945862713347287,2.85483750627019,-0.015810140570323927,-0.09102520707709694
10802,7,1059,1060,285.092,4,4,1.069585016009451,0.980449016143885,2.8339556959824486,2.455443450068977,-0.08913599986556608,-0.37851224591347155
10809,7,1060,1061,287.619,4,4,1.040372917519473,1.0798604024347385,2.6998970025421496,2.8883419901797978,0.03948748491526555,0.18844498763764816
10819,7,1061,1062,291.611,4,4,1.0858664770970259,1.0574004248278386,2.9284108438508416,2.7681843501447476,-0.028466052269187303,-0.160226493706094
10830,7,1062,1063,296.239,4,4,1.0662584743354355,0.8781978447090859,2.809325732401839,2.06643778818572,-0.18806062962634962,-0.7428879442161191
10841,7,1063,1064,299.827,4,4,1.053668668079573,0.9962887426013737,2.7406488370465594,2.4732952514667055,-0.05737992547819937,-0.2673535855798539
10849,7,1064,1065,302.469,4,4,1.0664481633650094,1.0677550407262035,2.82956084975061,2.828540145410803,0.0013068773611941698,-0.0010207043398073878
10865,7,1065,1066,307.671,4,4,1.0312773432631896,1.0735060381521593,2.642770270805149,2.8525424504391923,0.04222869488896963,0.20977217963404327
10872,7,1066,1067,311.002,4,4,1.0544559989683728,1.0716162387717565,2.7673609138530164,2.840386519818466,0.01716023980338366,0.07302560596544971
10880,7,1067,1068,314.178,4,4,1.0253320749146453,1.0614388445794494,2.6241002068795254,2.804487541550131,0.036106769664804084,0.18038733467060553
10889,7,1068,1069,317.355,4,4,1.0767252151832314,1.0668007970698097,2.876068189710271,2.817430843552384,-0.009924418113421707,-0.05863734615788729
10905,7,1069,1070,321.813,4,4,1.0611553162992875,1.0569792875058674,2.802079291840841,2.7790531516019725,-0.00417602879342005,-0.023026140238868287
10922,7,1070,1071,325.979,4,4,1.0215201847666284,0.7814601531262194,2.5912249965285143,1.8339928754859398,-0.240060031640409,-0.7572321210425745
10928,7,1071,1072,328.558,4,4,1.0296357762031578,1.0695746683218705,2.639081848490569,2.829038671894827,0.03993889211871271,0.18995682340425812
10940,7,1072,1073,333.028,4,4,1.0717390190012241,1.0193493024972555,2.843938864560263,2.6113652246063492,-0.05238971650396862,-0.23257363995391378
10948,7,1073,1074,335.915,4,4,1.04037823671971,1.0610962732550613,2.6849128803470403,2.79613706040203,0.020718036535351203,0.11122418005498957
10965,7,1074,1075,340.167,4,4,1.0722788355903032,1.0625822840528272,2.8556738518004945,2.8050986385539716,-0.009696551537476061,-0.05057521324652292
10992,7,1075,1076,347.858,4,4,1.0434030571689101,1.0747718736554104,2.6928795365404654,2.8638762871321184,0.03136881648650025,0.17099675059165298
11003,7,1076,1077,351.591,4,4,1.0795989616121608,1.0627225889460221,2.893071602352909,2.806097917807233,-0.016876372666138728,-0.08697368454567567
11011,7,1077,1078,354.164,4,4,1.0625065419796602,1.0771311667830936,2.802426849623047,2.872383366596749,0.014624624803433406,0.06995651697370198
11020,7,1078,1079,357.506,4,4,0.9970220751542093,1.0824218102255072,2.5099100150470197,2.9038771255985454,0.08539973507129794,0.39396711055152567
11043,7,1079,1080,362.933,4,4,1.0314556609673464,1.0810802137195779,2.6324438901384855,2.897572312834823,0.04962455275223143,0.26512842269633774
11048,7,1080,1081,365.34,4,4,1.0767537778019334,0.9989141096617649,2.870976450742985,2.4994087777306153,-0.07783966814016852,-0.3715676730123696
11056,7,1081,1082,368.557,4,4,1.0192868159861186,1.0712035371586386,2.5839399721890484,2.848742941794181,0.05191672117252,0.2648029696051326
11066,7,1082,1083,372.733,4,4,1.0611051262997568,1.0162010194967561,2.8047349488987336,2.5695341890108767,-0.04490410680300072,-0.23520075988785694
11082,7,1083,1084,378.445,4,4,1.082454628397264,0.9908174473034772,2.904265513458966,2.5100144531700024,-0.09163718109378682,-0.39425106028896373
11091,7,1084,1085,381.828,4,4,1.0360784934800709,1.0822315815696433,2.652886569714886,2.90343443838837,0.046153088089572414,0.2505478686734839
11107,7,1085,1086,387.724,4,4,0.9367658697593381,0.9967762865877854,2.3080436342070487,2.4776567996676415,0.06001041682844732,0.1696131654605928
11118,7,1086,1087,390.483,4,4,1.0250488769611557,1.0570770498719853,2.606958706881204,2.7659870594896323,0.0320281729108296,0.1590283526084284
11139,7,1087,1088,397.597,4,4,1.0652077932266042,1.0315468482310195,2.812290262784762,2.6488218567515283,-0.033660944995584696,-0.16346840603323365
11146,7,1088,1089,400.295,4,4,1.0534331204751273,1.0611966909391342,2.75863581093058,2.781543600296511,0.007763570464006886,0.022907789365930853
11161,7,1089,1090,406.579,4,4,1.0407976970584458,1.0795556691357795,2.686031029851877,2.8924609093841624,0.03875797207733367,0.20642987953228564
11169,7,1090,1091,409.024,4,4,1.0360494451813633,1.0641053768308648,2.669831097005572,2.809153942668793,0.028055931649501487,0.13932284566322117
11182,7,1091,1092,413.344,4,4,1.0696996158301313,1.0797532591477959,2.8430556362006247,2.889086042396051,0.010053643317664562,0.0460304061954262
11187,7,1092,1093,415.667,4,4,1.0728925740534656,1.0713509524307985,2.8605868481661694,2.8525401615037573,-0.001541621622667133,-0.00804668666241204
11197,7,1093,1094,418.849,4,4,1.0524645176669014,1.0797532591477959,2.7390840847102185,2.889086042396051,0.02728874148089444,0.15000195768583247
11202,7,1094,1095,421.011,4,4,1.0728925740534656,1.0756524838488848,2.8605868481661694,2.8684231281786405,0.00275990979541918,0.007836280012471164
11212,7,1095,1096,424.319,4,4,1.0813590123998036,1.060403377892638,2.8977900018056544,2.77759483152871,-0.020955634507165533,-0.12019517027694437
11220,7,1096,1097,427.141,4,4,1.0684244907779878,0.9340018578382155,2.8250478235593066,2.3429123548138904,-0.1344226329397723,-0.48213546874541624
11227,7,1097,1098,429.703,4,4,0.9645980547888924,1.0350197461175321,2.3920224452929304,2.6586132440811574,0.07042169132863974,0.266590798788227
11237,7,1098,1099,433.455,4,4,0.9838839188964196,1.0581091932649869,2.432088740573251,2.7649804084096306,0.0742252743685673,0.3328916678363796
11248,7,1099,1100,437.433,4,4,1.0524970116883057,1.0480251958390008,2.7494794527251987,2.7130514059758095,-0.004471815849304894,-0.036428046749389154
11266,7,1100,1101,443.432,4,4,1.0487921415974584,1.0813466505880627,2.724704356542931,2.896248002963989,0.0325545089906043,0.1715436464210578
11276,7,1101,1102,446.929,4,4,1.0363181601177012,1.0526646219612332,2.662778156822958,2.748295927008732,0.016346461843532056,0.08551777018577411
11284,7,1102,1103,448.988,4,4,1.034290573759797,1.0266963511024647,2.639959903098498,2.636022318130098,-0.007594222657332228,-0.003937584968400021
11291,7,1103,1104,451.306,4,4,1.0817688813455892,1.0721052940115756,2.903278804219601,2.843620453274707,-0.009663587334013624,-0.0596583509448938
11302,7,1104,1105,454.745,4,4,1.0440262674780505,1.0643195164623076,2.7102910761854138,2.819270451248811,0.020293248984257106,0.10897937506339739
11310,7,1105,1106,457.137,4,4,1.0205484116689145,1.063812636941224,2.615227576909721,2.7997476068516556,0.04326422527230944,0.18452002994193473
11337,7,1106,1107,466.317,4,4,1.0205970176351031,1.0400778377426605,2.5893882307271308,2.684468108574802,0.01948082010755736,0.09507987784767113
11343,7,1107,1108,469.03,4,4,1.0160293370761388,1.0526797669170358,2.608089172653667,2.754433477465489,0.03665042984089695,0.14634430481182203
11353,7,1108,1109,472.652,4,4,1.0551844824377332,1.0274845010642077,2.7621889215718687,2.6238550305419883,-0.027699981373525473,-0.13833389102988036
11359,7,1109,1110,475.164,4,4,1.0807912598850107,0.9839953862096519,2.9000437690655443,2.430175927739879,-0.0967958736753588,-0.4698678413256654
11374,7,1110,1111,479.647,4,4,1.0019353303818024,1.0813055801806037,2.497199775867456,2.903836626084595,0.07937024979880136,0.40663685021713913
11391,7,1111,1112,485.14,4,4,1.066488308041484,1.0480077622797934,2.827531768904999,2.735341895015839,-0.01848054576169056,-0.09218987388916
11402,7,1112,1113,488.012,4,4,1.0595049906737026,1.0819213076541405,2.783743278154944,2.905692124501143,0.02241631698043789,0.12194884634619907
11412,7,1113,1114,490.841,4,4,1.048900431210075,1.066054974417024,2.7363350564096396,2.8267287171461315,0.01715454320694909,0.09039366073649191
11429,7,1114,1115,496.846,4,4,1.05998430928878,1.0882422499367987,2.787315179094715,2.940908602422361,0.028257940648018787,0.15359342332764614
11447,7,1115,1116,502.698,4,4,1.074494492741139,1.073233361013362,2.8684495356918944,2.8607063786292013,-0.0012611317277770873,-0.007743157062693129
11452,7,1116,1117,505.251,4,4,1.0500442258274827,1.060000831355786,2.7465602692576034,2.7767282841837964,0.009956605528303353,0.03016801492619292
11459,7,1117,1118,507.528,4,3,0.9644688132949824,0.6887144733494357,2.383627865490722,1.9824507366807735,-0.27575433994554666,-0.4011771288099484
11462,7,1118,1119,509.745,3,4,0.6887144733494357,1.0719945369620545,1.9824507366807735,2.848989638939562,0.3832800636126188,0.8665389022587886
11466,7,1119,1120,512.012,4,4,1.0719945369620545,1.0848782224631215,2.848989638939562,2.9188374461583186,0.012883685501067,0.0698478072187565
11470,7,1120,1121,513.41,4,4,1.0848782224631215,1.0082552600156731,2.9188374461583186,2.5439731157803753,-0.07662296244744837,-0.3748643303779433
11474,7,1121,1122,515.382,4,4,1.0082552600156731,0.97948332222323,2.5439731157803753,2.3910335723000196,-0.028771937792443136,-0.15293954348035577
11481,7,1122,1123,518.45,4,4,1.0735265053870449,1.0090241103252748,2.850920944365262,2.586731179071632,-0.06450239506177002,-0.2641897652936298
11489,7,1123,1124,522.017,4,4,1.0852514197056884,0.9687120286722649,2.922302153436378,2.419921790958706,-0.11653939103342348,-0.5023803624776719
11505,7,1124,1125,528.088,4,4,0.9365881979913904,1.0355461123854557,2.228867762305974,2.6533351260994222,0.09895791439406532,0.4244673637934482
11521,7,1125,1126,534.018,4,4,1.0868859154507478,1.0679564970264543,2.933791455894907,2.8289481410800073,-0.01892941842429341,-0.10484331481489972
11540,7,1126,1127,539.839,4,4,0.9913173488902782,1.0659739018073324,2.441947830137867,2.8165092388990134,0.0746565529170542,0.3745614087611462
11555,7,1127,1128,545.669,4,4,1.0081123110371362,1.0718693810175517,2.5463729906700023,2.8438272576458954,0.06375706998041553,0.29745426697589306
11565,7,1128,1129,549.796,4,4,1.0878488357779803,1.0402446655628221,2.935332437656488,2.6719336569655012,-0.04760417021515817,-0.263398780690987
11571,7,1129,1130,552.844,4,4,1.0692568648304228,0.9931096986659338,2.835522100070113,2.466529255286708,-0.07614716616448902,-0.368992844783405
11585,7,1130,1131,558.456,4,4,0.983589634979851,1.0635611735322092,2.4066411852224427,2.794684164806604,0.07997153855235828,0.38804297958416134
11591,7,1131,1132,560.919,4,4,1.051963366902606,1.0783716998982869,2.736207793638166,2.8798497737127104,0.026408332995680794,0.14364198007454432
11597,7,1132,1133,563.881,4,4,1.0345694036657895,1.054698092984022,2.6497575166139717,2.7619163232986628,0.020128689318232418,0.11215880668469103
11606,7,1133,1134,566.763,4,4,1.0535733786195163,1.088031713275609,2.7509055969773666,2.9367720955429513,0.034458334656092715,0.18586649856558468
11617,7,1134,1135,570.575,4,4,1.073080426522417,1.0776948943376254,2.853927502519852,2.874909221169189,0.004614467815208467,0.020981718649336845
11632,7,1135,1136,575.496,4,4,1.0802316805802934,1.0171315389979636,2.8963234130522024,2.560046593941642,-0.0631001415823298,-0.3362768191105605
11646,7,1136,1137,581.807,4,4,1.025558868055864,1.0320872265114962,2.652243739928052,2.6696284171655407,0.006528358455632155,0.0173846772374886
11656,7,1137,1138,585.19,4,4,1.0447950367883017,1.0619940529292513,2.7096907559273067,2.7887205557032484,0.017199016140949652,0.07902979977594171
11664,7,1138,1139,587.288,4,4,1.0308658744458425,1.0085984625996,2.625187959327455,2.516555642133707,-0.02226741184624248,-0.10863231719374822
11674,7,1139,1140,591.514,4,4,1.0515971194249254,1.024666956806639,2.7349033854565614,2.5974863789575315,-0.02693016261828629,-0.13741700649902988
11685,7,1140,1141,596.526,4,4,1.0661465086169526,1.0525694817232143,2.824098407505752,2.7431500071649184,-0.013577026893738298,-0.08094840034083362
11693,7,1141,1142,599.568,4,4,1.0223031619815761,1.0759349794679376,2.605014573284617,2.8681542979143106,0.05363181748636148,0.2631397246296938
11702,7,1142,1143,602.156,4,4,1.0756595023443194,1.053800357969775,2.869051988218679,2.7544588345677026,-0.021859144374544393,-0.11459315365097655
11706,7,1143,1144,603.964,4,4,1.053800357969775,0.9601150066144026,2.7544588345677026,2.3285688064111283,-0.09368535135537237,-0.4258900281565743
11713,7,1144,1145,606.282,4,4,1.0806271957768143,1.0767424836750534,2.8997847615171,2.870694715847557,-0.00388471210176089,-0.029090045669542874
11724,7,1145,1146,609.884,4,4,1.0863683983730936,1.0294454974869276,2.930358547183309,2.6294584517424315,-0.05692290088616603,-0.30090009544087737
11731,7,1146,1147,613.536,4,4,1.0624046952744672,1.0114019256243776,2.7981969523159433,2.545912207819657,-0.05100276965008965,-0.25228474449628635
11742,7,1147,1148,617.838,4,4,1.0181676171644016,1.0465553612482053,2.576930993528352,2.724251042990107,0.028387744083803623,0.1473200494617548
11753,7,1148,1149,621.12,4,4,1.0716147365483715,1.0668150425487597,2.8443495263975307,2.81383828871288,-0.004799693999611776,-0.030511237684650805
11764,7,1149,1150,624.363,4,4,1.0789790463719804,1.0797839974795267,2.889751929707043,2.887328941799242,0.0008049511075463034,-0.002422987907801044
11775,7,1150,1151,628.56,4,4,1.063484205940893,1.0472178790375393,2.795659516200222,2.7056884441123934,-0.016266326903353834,-0.0899710720878284
11787,7,1151,1152,632.093,4,4,0.9874451580633303,1.0330418775037216,2.4509594886932033,2.636115230124697,0.04559671944039123,0.1851557414314935
11802,7,1152,1153,636.905,4,4,1.0744662645121723,1.0487632723013924,2.8578810640690513,2.7152613777746426,-0.025702992210779874,-0.1426196862944087
11812,7,1153,1154,640.103,4,4,0.9605658546947728,1.063009842069183,2.4348112702869007,2.793598497314207,0.10244398737441007,0.35878722702730625
11824,8,1155,1156,2.592,4,4,1.0519634275598468,1.058415229293988,2.736208143917015,2.767599666078601,0.0064518017341410605,0.031391522161585694
11829,8,1156,1157,4.955,4,4,1.0692517652353641,0.9882786754877481,2.8405280556391594,2.505061672350536,-0.08097308974761608,-0.3354663832886233
11843,8,1157,1158,9.562,4,4,0.9918486390099583,1.076909026703968,2.4550330715059006,2.8713846073837175,0.0850603876940097,0.4163515358778169
11860,8,1158,1159,14.554,4,4,1.0641821094068884,1.0112704549680587,2.8082627687770088,2.5638987425732673,-0.052911654438829725,-0.24436402620374142
11869,8,1159,1160,17.826,4,4,1.004306402288126,1.049136414360535,2.511497330787511,2.747642604720838,0.044830012072409,0.23614527393332718
11878,8,1160,1161,20.39,4,4,1.0649381908971263,1.0181977981526296,2.819284833323338,2.614675029973515,-0.046740392744496706,-0.20460980334982315
11882,8,1161,1162,22.563,4,4,1.0181977981526296,1.0265436377150912,2.614675029973515,2.630194950034037,0.008345839562461599,0.015519920060522274
11889,8,1162,1163,25.515,4,4,1.08524281040367,0.9741634774437721,2.9237804804978085,2.4270706842634597,-0.11107933295989791,-0.49670979623434874
11899,8,1163,1164,28.402,4,4,1.0692287755702674,1.0803822931990217,2.842030864460027,2.893267797395791,0.011153517628754273,0.051236932935764035
11907,8,1164,1165,30.904,4,4,1.0822961503288229,0.9492404913077155,2.9038441753481004,2.282683033612272,-0.1330556590211074,-0.6211611417358283
11936,8,1165,1166,41.394,4,4,1.0564393839344874,1.08182050541179,2.765190979191749,2.9019564037261953,0.025381121477302537,0.1367654245344463
11968,8,1166,1167,50.758,4,4,1.068034646544371,1.0654726572107949,2.835693021522214,2.820394491031622,-0.002561989333576209,-0.015298530490591933
11982,8,1167,1168,55.795,4,4,0.9959312730213545,1.0341858622689934,2.5321256051482464,2.6666385003872604,0.038254589247638915,0.134512895239014
11992,8,1168,1169,58.523,4,4,1.0493766759234993,0.9811800001819891,2.7218205241906945,2.4044407290248038,-0.06819667574151012,-0.31737979516589077
12015,8,1169,1170,66.068,4,4,1.064896638006454,1.0875039827978297,2.8081532175988233,2.935740483729705,0.022607344791375716,0.1275872661308819
12023,8,1170,1171,68.81,4,4,1.0916553743334085,1.0426299203642742,2.9599512022286767,2.698553770264315,-0.04902545396913438,-0.2613974319643617
12036,8,1171,1172,73.612,4,2,1.0351417950049402,-0.0,2.682846184487079,1.0,-1.0351417950049402,-1.682846184487079
12038,8,1172,1173,74.915,2,4,-0.0,1.0792587527559838,1.0,2.884116977530165,1.0792587527559838,1.884116977530165
12044,8,1173,1174,77.358,4,4,1.0847902082976475,1.0060368304008858,2.921450230032293,2.5686066063167208,-0.07875337789676173,-0.3528436237155721
12054,8,1174,1175,80.591,4,4,1.0868211472617002,1.0521853469174494,2.931051867446101,2.7345169060451266,-0.034635800344250844,-0.19653496140097415
12069,8,1175,1176,84.468,4,4,1.0783749881687852,0.902183569843164,2.8889705144016804,2.185662129201553,-0.17619141832562124,-0.7033083852001276
12081,8,1176,1177,88.454,4,4,1.057375199874785,1.0207930696213472,2.7759919890819904,2.602688120613871,-0.036582130253437706,-0.1733038684681194
12090,8,1177,1178,91.567,4,4,1.072105367520109,1.0304129494790795,2.847297187094653,2.6503510888304853,-0.04169241804102963,-0.19694609826416754
12097,8,1178,1179,93.816,4,4,1.069418102571315,1.056440451989073,2.8309041451191788,2.7818422509778777,-0.012977650582241873,-0.04906189414130102
12104,8,1179,1180,96.489,4,4,1.047757893470209,1.0396164667523857,2.7455914331812186,2.685077535015448,-0.008141426717823252,-0.06051389816577046
12114,8,1180,1181,99.152,4,4,1.058396242528203,1.0424947803570044,2.7783869612231022,2.7203963635897264,-0.015901462171198588,-0.057990597633375884
12118,8,1181,1182,100.696,4,4,1.0424947803570044,0.9720814980294685,2.7203963635897264,2.392546302723022,-0.07041328232753585,-0.3278500608667043
12124,8,1182,1183,102.624,4,4,0.9836270431810434,1.0169236705878637,2.4380308259239234,2.5646318477728447,0.03329662740682027,0.1266010218489213
12130,8,1183,1184,104.633,4,4,1.0316479144305135,1.0942558940324425,2.6386626149667607,2.974418040790038,0.06260797960192899,0.33575542582327733
12151,8,1184,1185,112.496,4,4,1.0585525866211487,1.055627742287661,2.7810964911423084,2.7582821083579594,-0.0029248443334877194,-0.022814382784348997
12168,8,1185,1186,118.058,4,4,1.0712128727590722,1.0660158301886593,2.8513782963841834,2.8227618653761493,-0.005197042570412869,-0.028616431008034127
12183,8,1186,1187,122.869,4,4,1.094461621690482,1.060209768218604,2.9753766974481324,2.7850325075666866,-0.03425185347187787,-0.19034418988144575
12192,8,1187,1188,126.032,4,4,1.031381795603711,1.0654888434630694,2.6500430342529104,2.8213002889850953,0.034107047859358364,0.1712572547321849
12200,8,1188,1189,129.06,4,4,1.082763340393873,0.9657523318660832,2.911240160172962,2.386279441045588,-0.11701100852778978,-0.5249607191273737
12208,8,1189,1190,131.138,4,4,1.0790286541862197,1.0644618985620584,2.8829743950228006,2.803911034516109,-0.01456675562416132,-0.07906336050669172
12219,8,1190,1191,135.813,4,4,1.0531942842687927,1.0079445004029521,2.7552695033944548,2.574499274617893,-0.045249783865840554,-0.18077022877656157
12229,8,1191,1192,139.346,4,4,1.0738357968755583,1.0498291743686976,2.855208053790064,2.7252340933551973,-0.024006622506860698,-0.12997396043486686
12237,8,1192,1193,142.283,4,3,1.0502971381906239,0.6780595804420015,2.7286161785563086,1.9417039597744963,-0.3722375577486223,-0.7869122187818123
12240,8,1193,1194,143.412,3,3,0.6780595804420015,0.6224731151511942,1.9417039597744963,1.757491677171855,-0.05558646529080735,-0.18421228260264133
12243,8,1194,1195,144.805,3,4,0.6224731151511942,0.8435073121500108,1.757491677171855,1.9518259503867217,0.22103419699881666,0.19433427321486674
12255,8,1195,1196,150.18,4,4,1.0784565798429535,1.0432468031133026,2.8847131920505107,2.7239715269924907,-0.035209776729650866,-0.16074166505802
12268,8,1196,1197,154.297,4,4,1.041760145975211,1.0207429489904263,2.687214050820004,2.602733412303411,-0.02101719698478477,-0.08448063851659304
12273,8,1197,1198,156.783,4,4,1.0397754604573382,1.0611687058023438,2.6932841252034905,2.795978051431141,0.02139324534500564,0.1026939262276505
12287,8,1198,1199,162.394,4,4,1.0507509174170602,1.0603019310983592,2.745491280960308,2.7823268388546274,0.00955101368129907,0.03683555789431958
12295,8,1199,1200,166.03,4,4,1.0638801568519636,1.006865651927066,2.807175085175816,2.5599391472057973,-0.05701450492489757,-0.24723593797001886
12299,8,1200,1201,167.174,4,4,1.006865651927066,1.0290353923039124,2.5599391472057973,2.620885719065817,0.02216974037684638,0.06094657186001973
12305,8,1201,1202,169.581,4,4,1.0285665584096346,0.8920297559848869,2.6214619278399383,2.1076708301759624,-0.13653680242474775,-0.5137910976639759
12312,8,1202,1203,171.52,4,3,1.0398298793467058,0.6715011435742884,2.6692611761695724,1.9175845307289958,-0.3683287357724174,-0.7516766454405766
12315,8,1203,1204,172.809,3,4,0.6715011435742884,1.0569406048653371,1.9175845307289958,2.774005021406495,0.3854394612910488,0.8564204906774993
12326,8,1204,1205,179.088,4,4,1.0465080764688062,1.0176949109791025,2.723093745974672,2.5658027717642686,-0.028813165489703696,-0.15729097421040317
12342,8,1205,1206,186.486,4,4,1.0496862501911932,1.056826819044665,2.7367526438856147,2.759053056256192,0.007140568853471807,0.022300412370577227
12354,8,1206,1207,192.407,4,4,0.9773789805950707,1.0218661459245362,2.427510687213315,2.6237694215663407,0.044487165329465506,0.19625873435302577
12375,8,1207,1208,198.824,4,4,1.0425881871140301,0.9803077265811585,2.703388499337745,2.4314514585163454,-0.06228046053287162,-0.27193704082139947
12395,8,1208,1209,204.69,4,4,1.0410245438214352,1.0271433111234047,2.702180319330162,2.6161666116674627,-0.013881232698030432,-0.08601370766269945
12403,8,1209,1210,208.107,4,4,1.0773649703420365,1.0897011038558877,2.8819315025404393,2.9460726816228586,0.01233613351385121,0.06414117908241934
12415,8,1210,1211,212.369,4,4,1.0340498169441288,1.0874094409183144,2.6433295590727743,2.934706362162097,0.05335962397418559,0.2913768030893227
12422,8,1211,1212,215.181,4,4,1.0068998195569607,0.9461580234943007,2.5592452728190183,2.4018945389842177,-0.06074179606266006,-0.15735073383480058
12438,8,1212,1213,221.765,4,4,1.0385842217974321,1.0457124022401858,2.6916821400282873,2.7121964765828377,0.007128180442753651,0.020514336554550372
12449,8,1213,1214,226.36,4,4,0.9636725848924713,0.9893981525232916,2.330887308697683,2.4655684612424094,0.025725567630820234,0.13468115254472623
12466,8,1214,1215,231.657,4,4,1.0057729124337627,1.0432063583403124,2.5319497119612606,2.720622142733427,0.037433445906549734,0.18867243077216633
12470,8,1215,1216,233.615,4,4,1.0432063583403124,1.0450316379892248,2.720622142733427,2.6967714067515005,0.0018252796489124368,-0.02385073598192644
12482,8,1216,1217,237.823,4,4,1.0395319345633411,1.035953350896501,2.68499677869372,2.6704239223853605,-0.0035785836668400517,-0.014572856308359583
12495,8,1217,1218,242.784,4,4,1.082595208858303,0.9762003651135298,2.904137578553707,2.400367827250312,-0.10639484374477326,-0.5037697513033952
12516,8,1218,1219,250.095,4,4,1.0301817829949986,1.0308862828657865,2.6563189573932062,2.6318402877906855,0.0007044998707879113,-0.024478669602520764
12529,8,1219,1220,254.701,4,4,1.0416351170921498,1.0690735955965425,2.6795193043252823,2.825890644741396,0.027438478504392627,0.14637134041611377
12536,8,1220,1221,258.208,4,4,1.0705898979701025,0.9866553108653457,2.8395017496931825,2.453453010943114,-0.08393458710475676,-0.3860487387500684
12566,8,1221,1222,269.94,4,4,1.0434215359919226,1.0542834827410354,2.7141821678556455,2.7526696130926913,0.010861946749112894,0.038487445237045836
12588,8,1222,1223,275.961,4,4,1.0273263869767564,1.0811637754755887,2.6117868476281094,2.896395469465537,0.05383738849883235,0.28460862183742774
12599,8,1223,1224,279.953,4,4,1.0471578740245753,1.045929199638169,2.7244630463333475,2.72960388608804,-0.001228674386406281,0.005140839754692372
12605,8,1224,1225,282.116,4,4,1.0195430965704437,1.0042236117634311,2.5882951496969486,2.4994852029068717,-0.015319484807012618,-0.08880994679007692
12613,8,1225,1226,284.779,4,4,1.0818623553725433,1.0664575080239491,2.9032810230106443,2.8104617670596443,-0.015404847348594153,-0.09281925595099993
12623,8,1226,1227,289.676,4,4,1.0526982376154206,1.0034061400461936,2.74734161949907,2.509273567527713,-0.049292097569227034,-0.23806805197135672
12643,8,1227,1228,296.541,4,4,1.0155856302250348,1.043080608224877,2.558297112889322,2.714524819584527,0.02749497799984213,0.15622770669520492
12659,8,1228,1229,303.369,4,4,1.0177594820312552,1.058982052177471,2.619350013906311,2.769196472139369,0.04122257014621589,0.14984645823305787
12673,8,1229,1230,307.476,4,4,0.9977058929949528,1.0129679484739982,2.52003232213195,2.5837437915238475,0.015262055479045356,0.06371146939189742
12685,8,1230,1231,311.305,4,4,1.0146373089950116,1.009009069849442,2.566609766043751,2.518692988234295,-0.005628239145569536,-0.0479167778094558
12704,8,1231,1232,318.158,4,4,1.0552688711364109,1.0646704246900933,2.753292038542618,2.8197963482506623,0.00940155355368244,0.06650430970804422
12713,8,1232,1233,320.896,4,4,1.0099798542831386,1.0241129135325524,2.5621344407398348,2.6261370569909266,0.01413305924941377,0.06400261625109183
12724,8,1233,1234,324.843,4,4,1.034163582341129,1.07336673890213,2.640427247279253,2.8501660173262935,0.03920315656100093,0.20973877004704056
12735,8,1234,1235,328.748,4,4,1.0385529577445094,1.0271379222505401,2.697166261524943,2.6481816610136453,-0.011415035493969272,-0.04898460051129794
12750,8,1235,1236,334.165,4,4,0.9858431694348466,1.0796380224055624,2.4320242558249605,2.8886950860688576,0.09379485297071577,0.4566708302438971
12758,8,1236,1237,336.658,4,4,1.0209988827447194,1.0537628254403426,2.607306187052645,2.744468402970562,0.032763942695623216,0.13716221591791733
12768,8,1237,1238,339.73,4,4,1.0236851967511555,1.038472734985305,2.603798597555931,2.6897207573868065,0.014787538234149356,0.0859221598308757
12777,8,1238,1239,342.293,4,4,1.0756399816969586,1.0725163482051625,2.8696055259701545,2.850656037616742,-0.0031236334917961184,-0.01894948835341248
12783,8,1239,1240,343.962,4,4,1.035011934904646,1.0541229771249208,2.6720059190281016,2.747941504836913,0.01911104222027471,0.07593558580881155
12789,8,1240,1241,345.974,4,4,1.073732509671345,1.0679445901295974,2.852436424801675,2.8209792218128937,-0.0057879195417476215,-0.03145720298878141
12807,8,1241,1242,351.276,4,4,1.0729641703004988,1.0143461084848786,2.853548390844172,2.5464510736073143,-0.05861806181562024,-0.30709731723685785
12828,8,1242,1243,359.041,4,4,1.0698927800426452,0.9680858935478378,2.8424346963543288,2.392796741156303,-0.1018068864948074,-0.44963795519802563
12838,8,1243,1244,362.189,4,4,1.0410277301364996,1.0796475442629816,2.688022814985158,2.891687132719821,0.038619814126481966,0.20366431773466287
12843,8,1244,1245,364.221,4,4,1.090856928020154,1.0815605991520498,2.9539968458433856,2.9005392931956577,-0.009296328868104276,-0.05345755264772789
12853,8,1245,1246,367.134,4,4,1.0173139220480985,1.07323934953143,2.591320284945315,2.8609870525939227,0.055925427483331625,0.26966676764860775
12860,8,1246,1247,369.537,4,2,1.0834934064872115,-0.0,2.9140865726462444,1.0,-1.0834934064872115,-1.9140865726462444
12862,8,1247,1248,370.312,2,3,-0.0,0.6775992793095496,1.0,1.9399878209254056,0.6775992793095496,0.9399878209254056
12865,8,1248,1249,372.015,3,4,0.6775992793095496,1.0618805647422906,1.9399878209254056,2.787852276742074,0.3842812854327411,0.8478644558166686
12874,8,1249,1250,376.007,4,4,1.0165484683066102,1.078285810861501,2.5816194012040223,2.8846446914243566,0.06173734255489083,0.3030252902203343
12883,8,1250,1251,380.3,4,4,1.0809173767526765,1.054853762041055,2.89737250774978,2.7653703259388793,-0.026063614711621552,-0.1320021818109005
12904,8,1251,1252,386.331,4,4,1.0760709184633843,1.043921557532955,2.8722326984048103,2.7118472994389076,-0.032149360930429305,-0.16038539896590276
12913,8,1252,1253,389.548,4,4,1.0664488685787075,1.0116864998815502,2.825298800334183,2.6045386198862595,-0.05476236869715723,-0.22076018044792356
12949,8,1253,1254,402.453,4,4,1.066591777502723,1.049672722613129,2.8144823087125235,2.7196031073803395,-0.016919054889593887,-0.09487920133218397
12978,8,1254,1255,411.782,4,4,1.0084464144941612,0.9912780181873637,2.551737644031895,2.525414580946416,-0.01716839630679745,-0.02632306308547916
12985,8,1255,1256,414.199,4,4,1.025249649357309,1.085883859599867,2.595036929593858,2.927474397666048,0.060634210242558106,0.33243746807219
13004,8,1256,1257,420.525,4,4,1.0101862923944476,1.0796444748504073,2.5625814356157552,2.889733449093819,0.0694581824559597,0.3271520134780639
13009,8,1257,1258,422.762,4,4,1.0744085136904724,1.0442547796659645,2.864074859753622,2.700717216118702,-0.03015373402450794,-0.16335764363492
13019,8,1258,1259,426.289,4,4,1.0497565962867565,1.0491499542438851,2.7303894508915647,2.7276399909978473,-0.0006066420428714192,-0.002749459893717443
13026,8,1259,1260,429.29,4,4,1.0822460599554393,1.073610593621639,2.9070100803486394,2.8560603344037525,-0.008635466333800412,-0.05094974594488688
13031,8,1260,1261,430.968,4,3,1.0595238362699706,0.6909823473003855,2.785427883258343,1.9913841940784411,-0.36854148896958505,-0.7940436891799016
13034,8,1261,1262,432.717,3,4,0.6909823473003855,1.0798055279033703,1.9913841940784411,2.89161078904878,0.3888231806029847,0.900226594970339
13043,8,1262,1263,435.82,4,4,0.956510108678887,1.0395675694489475,2.3566934009793945,2.668647082344211,0.08305746077006049,0.3119536813648165
13052,8,1263,1264,439.767,4,4,1.0927670144798391,1.0859402720907505,2.9655572540365367,2.9280987508961274,-0.006826742389088647,-0.03745850314040933
13063,8,1264,1265,443.828,4,4,1.0471178531856806,1.0475568673154247,2.716187402460532,2.7374097261480648,0.0004390141297441197,0.02122232368753263
13081,8,1265,1266,450.688,4,2,0.9511246610656002,-0.0,2.300971109252767,1.0,-0.9511246610656002,-1.300971109252767
13083,8,1266,1267,452.051,2,4,-0.0,1.0340179385284014,1.0,2.654170472560519,1.0340179385284014,1.6541704725605189
13090,8,1267,1268,455.038,4,4,1.082573096705998,1.0638288605491737,2.910760594310227,2.8004217242311733,-0.018744236156824412,-0.11033887007905374
13096,8,1268,1269,458.129,4,4,1.0610018504726697,1.04466646982574,2.782906022933934,2.698131232752417,-0.016335380646929742,-0.08477479018151701
13104,8,1269,1270,460.687,4,4,1.0161538359427125,1.065904278675811,2.5736427452179997,2.8099193379815097,0.04975044273309859,0.23627659276350998
13122,8,1270,1271,467.477,4,4,1.060622542428378,1.0904889146777081,2.7941604977081775,2.9535094159594286,0.029866372249330198,0.15934891825125108
13132,8,1271,1272,471.542,4,4,1.0663614736865632,0.9411861082213198,2.81933643847753,2.277394441900227,-0.12517536546524344,-0.5419419965773029
13147,8,1272,1273,476.918,4,4,1.017985560493963,1.0351797919143935,2.6207199815885307,2.652811254122339,0.017194231420430528,0.03209127253380828
13152,8,1273,1274,478.931,4,4,1.0655643428589827,1.0068676372525907,2.8131564869312258,2.532617241245743,-0.05869670560639206,-0.2805392456854827
13160,8,1274,1275,481.17,4,4,1.0724853500662588,0.9590866475296009,2.857595093829304,2.3622391252023243,-0.11339870253665785,-0.49535596862697995
13174,8,1275,1276,486.441,4,4,1.0177563997421286,0.9957971335083196,2.6269797226855585,2.4666970908705195,-0.02195926623380906,-0.160282631815039
13181,8,1276,1277,488.649,4,2,1.0692777239244027,-0.0,2.826659749418742,1.0,-1.0692777239244027,-1.826659749418742
13183,8,1277,1278,490.881,2,4,-0.0,0.9701369965909594,1.0,2.3818790926458124,0.9701369965909594,1.3818790926458124
13206,8,1278,1279,497.361,4,4,1.0493912621933388,1.0306883581057429,2.7182836264126164,2.624230107711806,-0.018702904087595895,-0.09405351870081047
13215,8,1279,1280,500.184,4,4,0.9098263405038258,0.9408909825572203,2.1742448989371668,2.316357403939617,0.03106464205339443,0.1421125050024501
13220,8,1280,1281,501.907,4,4,0.9681297911370712,1.0464795326415197,2.4410958316278695,2.7072789198846183,0.07834974150444851,0.26618308825674886
13235,8,1281,1282,509.358,4,4,0.9977696468152787,0.9943432675548861,2.528435425859103,2.479612068724078,-0.003426379260392576,-0.04882335713502517
13242,8,1282,1283,512.231,4,4,1.0575401954372512,1.0635678696985749,2.7829436613320686,2.80489647607889,0.006027674261323668,0.021952814746821314
13248,8,1283,1284,514.784,4,3,1.0765463255032226,0.6902719968509492,2.874261562431701,1.9885759213047935,-0.3862743286522734,-0.8856856411269074
13251,8,1284,1285,516.646,3,4,0.6902719968509492,0.9880672319948389,1.9885759213047935,2.5084082315314293,0.2977952351438897,0.5198323102266358
13270,8,1285,1286,525.58,4,4,0.9864209442542583,0.9711065544799407,2.460928103196675,2.3978074100217976,-0.01531438977431765,-0.06312069317487756
13286,8,1286,1287,530.298,4,4,1.0930962623003408,1.0434100872183223,2.966946530100483,2.6967355469819347,-0.04968617508201856,-0.2702109831185484
13301,8,1287,1288,536.284,4,4,1.068018567098731,1.0301669511659073,2.8351651007015146,2.644167208663961,-0.03785161593282371,-0.19099789203755346
13311,8,1288,1289,539.546,4,4,1.004356281632302,1.0762698514166653,2.5442961516942004,2.874139261459792,0.07191356978436336,0.3298431097655916
13316,8,1289,1290,541.749,4,4,1.04612256712104,1.0442377068229431,2.7091488600536424,2.6913560678214985,-0.0018848602980967577,-0.017792792232143917
13325,8,1290,1291,547.218,4,4,0.9720281729504874,1.0779964200267804,2.4618723555157116,2.8829064352800406,0.10596824707629304,0.42103407976432905
13331,8,1291,1292,549.752,4,4,1.079698685690484,1.018717165884591,2.889003119622587,2.575297455365438,-0.06098151980589295,-0.31370566425714896
13342,8,1292,1293,553.96,4,3,1.090112458292166,0.6458472618631773,2.9496783691114907,1.8296610541929528,-0.44426519642898865,-1.120017314918538
13345,8,1293,1294,555.566,3,4,0.6458472618631773,1.0809790379466817,1.8296610541929528,2.8967397615455357,0.4351317760835044,1.067078707352583
13350,8,1294,1295,557.385,4,3,1.0897580365153106,0.665981509927913,2.9469297164118906,1.8978257179664735,-0.4237765265873975,-1.0491039984454171
13353,8,1295,1296,558.524,3,4,0.665981509927913,1.0787031123669966,1.8978257179664735,2.888648365628567,0.4127216024390835,0.9908226476620934
13360,8,1296,1297,561.83,4,4,1.0641417821232855,1.0564897503055675,2.803742184233967,2.776866718782907,-0.007652031817718008,-0.0268754654510599
13367,8,1297,1298,563.808,4,4,1.0088104874056274,1.0215958318441105,2.540363981149173,2.5878591370687962,0.012785344438483115,0.047495155919623055
13373,8,1298,1299,565.382,4,4,1.0405396921645442,1.0763210717765612,2.705559151145154,2.868921636945651,0.035781379612016995,0.16336248580049695
13377,8,1299,1300,567.71,4,4,1.0763210717765612,1.0438015871972406,2.868921636945651,2.716806225836556,-0.032519484579320634,-0.152115411109095
13382,8,1300,1301,569.653,4,4,1.027661111048086,1.0665339342559101,2.64065843507451,2.8162374291010615,0.03887282320782415,0.17557899402655153
13386,8,1301,1302,571.65,4,4,1.0665339342559101,1.0587808803881016,2.8162374291010615,2.7767703704854787,-0.007753053867808557,-0.03946705861558275
13414,9,1303,1304,5.462,4,4,1.0013447131357625,1.0303012441425456,2.5113679589650095,2.667466243498335,0.028956531006783193,0.15609828453332542
13437,9,1304,1305,12.023,4,4,1.0394238359445829,1.0834491912398674,2.681048351519883,2.9146377779779002,0.04402535529528451,0.23358942645801717
13441,9,1305,1306,14.061,4,4,1.0834491912398674,1.0476423005741438,2.9146377779779002,2.7167550978519226,-0.03580689066572362,-0.19788268012597765
13450,9,1306,1307,16.555,4,4,1.0386930506406178,1.0532108392659223,2.6904681348775843,2.7522199909360623,0.014517788625304506,0.061751856058477994
13457,9,1307,1308,19.721,4,4,1.077556505964927,1.0358245296921018,2.878012437915812,2.647818911915253,-0.04173197627282521,-0.23019352600055898
13480,9,1308,1309,28.409,4,4,1.079372114748602,1.0469186735872402,2.8886627764862123,2.70698992152172,-0.03245344116136173,-0.18167285496449237
13487,9,1309,1310,30.983,4,4,1.0318779387508363,1.0363877903924912,2.643680556202585,2.6823311987389205,0.0045098516416548495,0.03865064253633532
13496,9,1310,1311,33.648,4,4,1.0608419038873036,1.0889445643205167,2.7852694940342975,2.943842237588136,0.028102660433213078,0.15857274355383844
13504,9,1311,1312,36.928,4,4,1.0678699428582554,1.0250151915465762,2.830469184800156,2.5945011712160957,-0.04285475131167926,-0.23596801358406028
13514,9,1312,1313,39.472,4,4,1.028911386360484,1.0080619728854754,2.666022340930566,2.5135133592685364,-0.02084941347500857,-0.15250898166202953
13522,9,1313,1314,41.59,4,4,1.0570250641027406,1.0442323043027373,2.759043230984438,2.700778439273006,-0.012792759800003273,-0.05826479171143184
13527,9,1314,1315,43.703,4,4,1.0704859296536933,1.0703172391761293,2.849009413955253,2.838731377768259,-0.00016869047756395972,-0.010278036186993855
13539,9,1315,1316,48.005,4,4,1.0788097723557122,1.080826342627505,2.8838890579026506,2.8944742823195355,0.002016570271792917,0.01058522441688492
13547,9,1316,1317,51.037,4,4,1.0602303343628716,0.9955694709575587,2.796569733348748,2.4706263515874296,-0.06466086340531296,-0.3259433817613182
13552,9,1317,1318,53.115,4,4,1.0358601043215143,0.9650363512525485,2.687994916753753,2.4478311924516327,-0.07082375306896582,-0.2401637243021204
13563,9,1318,1319,56.347,4,2,1.09515506237214,-0.0,2.979748596825477,1.0,-1.09515506237214,-1.9797485968254769
13565,9,1319,1320,57.591,2,4,-0.0,1.0226321622233763,1.0,2.6096071720541434,1.0226321622233763,1.6096071720541434
13576,9,1320,1321,62.266,4,4,1.0466336569966996,1.0575323762145534,2.7181678384104573,2.775600193628286,0.010898719217853792,0.05743235521782886
13581,9,1321,1322,64.469,4,4,1.0292695129380256,1.005380801018245,2.624015125630104,2.5085681640798896,-0.023888711919780592,-0.1154469615502145
13588,9,1322,1323,67.021,4,4,1.0767011660078327,1.0507191721029097,2.8800949657845827,2.7462121151271477,-0.025981993904923062,-0.133882850657435
13603,9,1323,1324,71.403,4,4,1.0420924590434104,1.007826096597199,2.6865613445116305,2.559194393891244,-0.034266362446211396,-0.12736695062038672
13623,9,1324,1325,78.945,4,4,0.9823900820212731,1.0783025145559972,2.4183226607206443,2.8784045470448825,0.09591243253472415,0.4600818863242382
13642,9,1325,1326,85.55,4,4,1.0614265453740002,1.0818630132061133,2.7940621532171384,2.9016083026530355,0.02043646783211317,0.10754614943589713
13678,9,1326,1327,99.136,4,4,1.086419133617459,1.073734606732479,2.930495760911044,2.865625456717817,-0.012684526884980007,-0.06487030419322704
13698,9,1327,1328,105.297,4,4,1.0603008275106434,0.9701497044856627,2.7920584155182135,2.404200238340713,-0.09015112302498063,-0.3878581771775007
13703,9,1328,1329,106.397,4,4,0.9241783651704111,1.0312567079056603,2.2602673945899014,2.667300939116573,0.10707834273524919,0.4070335445266715
13709,9,1329,1330,109.149,4,4,1.0777605219666408,1.0721689583089067,2.876105292152211,2.848177782076716,-0.0055915636577341665,-0.027927510075494766
13719,9,1330,1331,112.337,4,4,1.0822901459498189,1.0849874172141991,2.9076998146275277,2.9217837629998002,0.002697271264380241,0.014083948372272559
13728,9,1331,1332,115.151,4,4,1.0602742877159788,1.0870125231075147,2.7896807984052496,2.931143006262695,0.02673823539153597,0.14146220785744523
13738,9,1332,1333,118.932,4,4,1.0694451875133621,1.011725659615499,2.832223434396797,2.601291460635917,-0.057719527897863054,-0.23093197376087993
13750,9,1333,1334,122.43,4,4,1.0136597388121635,1.0786189966014108,2.5624621386978106,2.8862942356573558,0.06495925778924727,0.3238320969595452
13767,9,1334,1335,127.487,4,4,1.035078681727418,1.000174717839272,2.6646780348003047,2.4897021275029494,-0.034903963888146095,-0.17497590729735535
13784,9,1335,1336,131.738,4,4,1.0443766783621449,1.0545591009030786,2.695265559551759,2.7649516171524002,0.010182422540933711,0.06968605760064106
13793,9,1336,1337,134.121,4,4,1.0128401146186046,1.0878533678070281,2.555066270842994,2.938743902066231,0.07501325318842356,0.3836776312232373
13797,9,1337,1338,135.56,4,4,1.0878533678070281,0.997833003010139,2.938743902066231,2.5334014566867866,-0.09002036479688913,-0.4053424453794445
13813,9,1338,1339,140.866,4,4,1.0701941073315353,0.9498822681960747,2.843267333848949,2.2992293218967945,-0.12031183913546062,-0.5440380119521544
13830,9,1339,1340,146.916,4,4,0.940575198722019,1.0499496952929175,2.279645698468544,2.720533620743233,0.10937449657089848,0.4408879222746891
13839,9,1340,1341,150.178,4,4,0.9980374202925621,1.0488753119542584,2.50127476927481,2.7390859121516145,0.05083789166169628,0.23781114287680438
13844,9,1341,1342,152.855,4,4,1.0507684434483724,1.0464242969601436,2.7498332437651354,2.701935722114591,-0.004344146488228784,-0.047897521650544395
13853,9,1342,1343,157.122,4,4,1.0780610524496392,1.038547141261887,2.88766585051742,2.693005967390424,-0.03951391118775227,-0.1946598831269961
13864,9,1343,1344,160.431,4,4,0.9577031083324392,1.0808532132821789,2.301753983648451,2.896151543318508,0.12315010494973966,0.5943975596700573
13887,9,1344,1345,167.586,4,4,1.0737947906945022,0.9919966964865193,2.8589010942802795,2.507069028558078,-0.0817980942079829,-0.3518320657222014
13897,9,1345,1346,171.637,4,4,1.0092113146641024,1.080711926069132,2.5288421106207744,2.894142936381659,0.07150061140502961,0.3653008257608845
13914,9,1346,1347,177.247,4,4,1.04042344955047,1.066934465821738,2.6780785535053058,2.8303428102946113,0.02651101627126784,0.15226425678930555
13918,9,1347,1348,179.734,4,4,1.066934465821738,0.9384681518047742,2.8303428102946113,2.266111134103092,-0.12846631401696373,-0.5642316761915191
13923,9,1348,1349,181.807,4,4,1.046296311678976,1.019703402615494,2.7284454471435446,2.5842891870855467,-0.026592909063481995,-0.14415626005799798
13933,9,1349,1350,185.28,4,4,0.9937374518849851,1.043489206335513,2.5319101849854957,2.712595739164846,0.04975175445052793,0.1806855541793504
13940,9,1350,1351,187.628,4,3,1.0572884016154633,0.6795162748827135,2.7713569850117112,1.94715856263819,-0.37777212673274985,-0.8241984223735213
13943,9,1351,1352,189.32,3,4,0.6795162748827135,1.046835092624225,1.94715856263819,2.7238962149627435,0.3673188177415114,0.7767376523245535
13952,9,1352,1353,193.127,4,4,1.0739582691304412,1.0427649879063539,2.8667369792076687,2.6952023267489,-0.031193281224087377,-0.17153465245876864
13960,9,1353,1354,195.989,4,4,1.0806046632104385,0.992389949139471,2.892287847636225,2.532155657599498,-0.08821471407096748,-0.3601321900367269
13987,9,1354,1355,206.867,4,4,1.0555709797274337,1.0039371245141724,2.753215178515797,2.543242192151494,-0.05163385521326136,-0.20997298636430273
14000,9,1355,1356,211.638,4,4,1.0576239913306928,1.0628395323050117,2.7798227409993537,2.7912960900358064,0.005215540974318866,0.011473349036452696
14011,9,1356,1357,216.223,4,4,1.0887600599922749,1.0439945949426084,2.943578861327058,2.6996711206612014,-0.0447654650496665,-0.24390774066585674
14022,9,1357,1358,219.819,4,4,1.0345074347813978,1.0483218953662843,2.6695241918700354,2.733970737677575,0.013814460584886445,0.06444654580753939
14039,9,1358,1359,225.03,4,4,1.0816074728695604,1.0260753199919452,2.90457536030439,2.606277884619802,-0.05553215287761515,-0.298297475684588
14059,9,1359,1360,231.995,4,4,1.0781589828718403,0.9968427072368415,2.88001735878931,2.4998945581627123,-0.08131627563499877,-0.38012280062659753
14066,9,1360,1361,234.442,4,4,1.0501162079567634,1.0303921885987206,2.737464594442134,2.650110586639696,-0.0197240193580428,-0.08735400780243774
14078,9,1361,1362,239.137,4,2,0.942090077123618,-0.0,2.2455466824183157,1.0,-0.942090077123618,-1.2455466824183157
14080,9,1362,1363,240.47,2,4,-0.0,0.9954780687293632,1.0,2.4752862816155514,0.9954780687293632,1.4752862816155514
14086,9,1363,1364,242.288,4,4,1.0456987206485286,1.0774375341463376,2.7101577156386285,2.8741948129500345,0.03173881349780894,0.16403709731140603
14106,9,1364,1365,247.54,4,4,1.0401540718609443,0.9894667741203316,2.702051817745744,2.4756340106986334,-0.05068729774061276,-0.22641780704711056
14113,9,1365,1366,250.502,4,2,1.0315181469026045,-0.0,2.6485828425072313,1.0,-1.0315181469026045,-1.6485828425072313
14115,9,1366,1367,251.756,2,4,-0.0,1.045905740294164,1.0,2.7174778331370644,1.045905740294164,1.7174778331370644
14121,9,1367,1368,253.324,4,4,1.0339677818115705,1.0749653746806325,2.6741041211398198,2.8658673149260676,0.040997592869062016,0.19176319378624784
14138,9,1368,1369,258.451,4,2,1.0446023185153652,-0.0,2.695739935714079,1.0,-1.0446023185153652,-1.6957399357140792
14140,9,1369,1370,259.724,2,3,-0.0,0.6612477816599688,1.0,1.8812596412201992,0.6612477816599688,0.8812596412201992
14143,9,1370,1371,261.347,3,2,0.6612477816599688,-0.0,1.8812596412201992,1.0,-0.6612477816599688,-0.8812596412201992
14145,9,1371,1372,262.859,2,4,-0.0,1.0678771399750209,1.0,2.8210737233360907,1.0678771399750209,1.8210737233360907
14153,9,1372,1373,264.903,4,4,0.9891328394307841,1.0954922905321551,2.4724385656722823,2.98133648882181,0.10635945110137102,0.5088979231495276
14171,9,1373,1374,270.295,4,4,1.0944885640672242,1.0750260258905497,2.975220388917769,2.861419336460296,-0.019462538176674427,-0.11380105245747307
14176,9,1374,1375,271.843,4,4,1.0806582396432916,1.0321749293617182,2.89766867438552,2.680124733600822,-0.04848331028157338,-0.21754394078469774
14187,9,1375,1376,275.446,4,4,1.0046642306740767,1.08620061470877,2.5720125772983065,2.92838289482974,0.08153638403469321,0.35637031753143367
14198,9,1376,1377,278.124,4,4,0.9592433502690446,1.0819065347324732,2.3615336082953284,2.90249628134666,0.12266318446342861,0.5409626730513315
14204,9,1377,1378,279.897,4,4,1.0205761741470023,1.0339192653504194,2.573405112791251,2.6374616604029097,0.013343091203417146,0.06405654761165858
14214,9,1378,1379,283.524,4,3,1.065303266888598,0.6895976841873355,2.8176230676827654,1.9859186660012926,-0.37570558270126253,-0.8317044016814727
14217,9,1379,1380,285.451,3,4,0.6895976841873355,1.0758817465241841,1.9859186660012926,2.8645129138382917,0.38628406233684864,0.878594247836999
14229,9,1380,1381,290.647,4,4,1.0368943784098354,1.090827696680793,2.6631548553824556,2.9529525739803106,0.0539333182709576,0.2897977185978551
14233,9,1381,1382,292.16,4,4,1.090827696680793,1.0493112160152702,2.9529525739803106,2.7287598168983034,-0.041516480665522826,-0.22419275708200725
14242,9,1382,1383,296.11,4,4,1.0558854609287138,1.04673120949575,2.773900622887573,2.738669890644568,-0.009154251432963889,-0.03523073224300477
14248,9,1383,1384,298.487,4,4,1.065678880616987,0.991658113732557,2.825648695076303,2.4608206963332875,-0.07402076688443004,-0.3648279987430154
14261,9,1384,1385,303.773,4,4,1.060852632189552,0.9724980473408043,2.7907786059157687,2.3698389584550412,-0.0883545848487477,-0.42093964746072743
14270,9,1385,1386,307.471,4,4,1.0728706321804558,1.0237691903812416,2.8519418380298323,2.6069523380689996,-0.04910144179921416,-0.24498949996083264
14278,9,1386,1387,310.942,4,4,0.9599121458591808,1.0342252020558684,2.341040880405707,2.6392312926353436,0.0743130561966876,0.2981904122296366
14286,9,1387,1388,313.841,4,4,1.0305683958662464,1.0788423829810807,2.6481413555536415,2.889394643512689,0.04827398711483433,0.24125328795904766
14292,9,1388,1389,316.464,4,4,1.0387943341613168,1.0552568816632097,2.688631067674874,2.7751351737548524,0.01646254750189291,0.08650410607997827
14300,9,1389,1390,319.966,4,4,1.0702587753280657,1.0713284759329753,2.845380388717936,2.8398424261328046,0.0010697006049096291,-0.005537962585131506
14311,9,1390,1391,323.883,4,4,0.9277210476654699,1.04673120949575,2.2838923706194043,2.738669890644568,0.11901016183028001,0.4547775200251638
14317,9,1391,1392,326.504,4,4,1.065678880616987,1.0325517106217905,2.825648695076303,2.652220526295446,-0.03312716999519649,-0.17342816878085676
14354,9,1392,1393,337.597,4,4,1.0580448318129974,1.0471353287008471,2.779749625279349,2.7298870233191264,-0.01090950311215022,-0.04986260196022263
14363,9,1393,1394,342.307,4,4,1.0267816617802534,1.0686678379739836,2.6428065790314252,2.8385652566473527,0.04188617619373014,0.19575867761592747
14367,9,1394,1395,344.774,4,4,1.0686678379739836,1.0713362806579076,2.8385652566473527,2.8502387221865675,0.002668442683924077,0.011673465539214778
14385,9,1395,1396,351.139,4,4,1.0162992045132908,1.0603430204671889,2.593350624229854,2.790070612363781,0.04404381595389806,0.196719988133927
14391,9,1396,1397,352.988,4,4,1.0265369199554029,1.0713162293454124,2.6082733171755184,2.840430735002861,0.044779309390009514,0.23215741782734245
14398,9,1397,1398,355.041,4,4,1.0637686428087818,1.079252974831029,2.8077663953158467,2.8862914508638626,0.015484332022247305,0.07852505554801592
14410,9,1398,1399,359.348,4,4,0.9974797988722004,0.9956405193840279,2.4865437528706495,2.4601860051913076,-0.0018392794881725294,-0.02635774767934196
14425,9,1399,1400,364.585,4,4,1.0785720994912518,1.0710979893583916,2.884799922930914,2.840791759861168,-0.007474110132860146,-0.044008163069745976
14444,9,1400,1401,371.085,4,4,1.066364315376736,1.0741276780606888,2.829213906561718,2.857694806973661,0.007763362683952835,0.02848090041194329
14453,9,1401,1402,373.767,4,4,1.0207075179872047,1.0686678379739836,2.6003378072644017,2.8385652566473527,0.047960319986778854,0.23822744938295104
14457,9,1402,1403,375.925,4,4,1.0686678379739836,1.0633562154733813,2.8385652566473527,2.809390304181164,-0.005311622500602242,-0.02917495246618884
14478,9,1403,1404,382.411,4,4,1.0656693220039632,1.050460717026497,2.8213728933089666,2.729922034399279,-0.015208604977466234,-0.0914508589096874
14483,9,1404,1405,384.918,4,4,1.0452802361839766,1.009235200028448,2.722069684264086,2.575320350420061,-0.036045036155528676,-0.1467493338440251
14489,9,1405,1406,388.45,4,4,0.9778090046232413,1.0330493705435266,2.4639175040693786,2.642704121528432,0.05524036592028536,0.17878661745905333
14495,9,1406,1407,392.399,4,4,1.0233731575497118,0.9355628945281251,2.5998196402894784,2.3378658901655176,-0.08781026302158668,-0.2619537501239608
14500,9,1407,1408,394.326,4,4,0.967295566149944,1.0869625595994719,2.435272403317336,2.9306947914426082,0.1196669934495278,0.4954223881252724
14508,9,1408,1409,396.684,4,4,1.05158728727625,1.083632563741136,2.7588944243124143,2.9164846972519056,0.032045276464885974,0.15759027293949135
14518,9,1409,1410,398.937,4,4,1.0476173404375513,1.090649854819817,2.7409527365788104,2.95229488869242,0.04303251438226563,0.2113421521136094
14522,9,1410,1411,400.455,4,4,1.090649854819817,1.024397782986302,2.95229488869242,2.5937011505508907,-0.06625207183351489,-0.3585937381415292
14528,9,1411,1412,402.014,4,4,1.0418455741917028,1.0271858269334249,2.6830739540551916,2.65327114765582,-0.0146597472582779,-0.029802806399371384
14533,9,1412,1413,403.991,4,4,1.0145031728410512,0.9355628945281251,2.6114066214436162,2.3378658901655176,-0.07894027831292605,-0.27354073127809864
14538,9,1413,1414,405.909,4,4,0.967295566149944,1.070284662170364,2.435272403317336,2.840169006256288,0.10298909602042006,0.404896602938952
14542,9,1414,1415,407.771,4,4,1.070284662170364,1.0883683922573986,2.840169006256288,2.940692530720298,0.018083730087034455,0.10052352446400992
14554,9,1415,1416,411.459,4,4,1.0015273256849913,1.069754677744164,2.555496782070604,2.8365575208272364,0.06822735205917274,0.2810607387566324
14559,9,1416,1417,413.467,4,3,1.074270599711674,0.6861812590164793,2.863514632321777,1.9725821661013896,-0.38808934069519463,-0.8909324662203875
14562,9,1417,1418,414.896,3,4,0.6861812590164793,1.0681002978555987,1.9725821661013896,2.826395236698204,0.3819190388391194,0.8538130705968143
14569,9,1418,1419,417.653,4,4,1.0548964899282733,0.9355628945281251,2.7756793689915646,2.3378658901655176,-0.1193335954001482,-0.43781347882604704
14574,9,1419,1420,419.715,4,4,0.967295566149944,1.0891638246955027,2.435272403317336,2.943451301950836,0.1218682585455586,0.5081788986335001
14578,9,1420,1421,422.442,4,4,1.0891638246955027,0.9993911716501105,2.943451301950836,2.4797043306650384,-0.08977265304539217,-0.46374697128579756
14591,9,1421,1422,426.679,4,4,1.043229926298297,1.0899236477852177,2.7039224786701554,2.9486032847127803,0.04669372148692075,0.24468080604262488
14600,9,1422,1423,429.577,4,4,1.0869350750451354,1.0582121599512615,2.9300244397011,2.7924521809700913,-0.028722915093873924,-0.13757225873100865
14607,9,1423,1424,432.359,4,4,0.9805745672498388,0.9793549287349599,2.4260967608957222,2.4910863106669088,-0.0012196385148789401,0.06498954977118654
14623,9,1424,1425,438.15,4,4,0.9358797454189177,1.060097715168345,2.2542186403196496,2.787242363943364,0.12421796974942734,0.5330237236237143
14631,9,1425,1426,442.066,4,4,1.0690118718151376,1.0848422931560326,2.826168555833545,2.9214801766143945,0.015830421340895073,0.09531162078084954
14643,9,1426,1427,446.576,4,4,0.9638700365669216,1.0187308079088466,2.3530629474025475,2.5718447525267263,0.05486077134192502,0.21878180512417877
14648,9,1427,1428,448.049,4,3,1.0664336986495786,0.680693344479143,2.8238276228193735,1.9515925034234103,-0.3857403541704356,-0.8722351193959632
14651,9,1428,1429,449.183,3,4,0.680693344479143,1.0824413867355833,1.9515925034234103,2.904108543389026,0.40174804225644034,0.9525160399656158
14665,9,1429,1430,452.895,4,3,1.05458376036834,0.6916624832497786,2.7537630098642354,1.9940817154664545,-0.36292127711856126,-0.7596812943977809
14668,9,1430,1431,454.717,3,4,0.6916624832497786,0.9591303558619833,1.9940817154664545,2.3664106941292675,0.2674678726122046,0.372328978662813
14674,9,1431,1432,457.509,4,4,0.9583094459644117,1.0090854904939772,2.3181886867904233,2.5885847506794626,0.05077604452956552,0.27039606388903925
14682,9,1432,1433,459.324,4,4,1.0709077362603543,1.0665773477652474,2.8515903072553255,2.8154466519224757,-0.004330388495106918,-0.0361436553328498
14686,9,1433,1434,461.391,4,3,1.0665773477652474,0.6916624832497786,2.8154466519224757,1.9940817154664545,-0.37491486451546874,-0.8213649364560212
14689,9,1434,1435,463.722,3,4,0.6916624832497786,1.0050948436892786,1.9940817154664545,2.565966401538715,0.31343236043949996,0.5718846860722606
14698,9,1435,1436,466.46,4,4,0.98920891735389,1.047486937491942,2.4691390548806402,2.72419263718008,0.058278020138051945,0.25505358229944
14705,9,1436,1437,469.702,4,3,1.0630380222376106,0.6916624832497786,2.795745047346549,1.9940817154664545,-0.37137553898783193,-0.8016633318800945
14708,9,1437,1438,471.54,3,4,0.6916624832497786,0.9509065499759892,1.9940817154664545,2.286351436453941,0.2592440667262106,0.29226972098748627
14719,9,1438,1439,475.511,4,4,1.0682674917524613,1.036513063953858,2.835861078920776,2.6639896890032246,-0.03175442779860327,-0.17187138991755146
14725,9,1439,1440,478.044,4,4,1.0292059075686306,0.9884594179856073,2.6667534904015615,2.4479386341608644,-0.04074648958302329,-0.21881485624069708
14732,9,1440,1441,480.262,4,4,0.9734708451061939,1.082614102880111,2.4221736926141744,2.910255428558251,0.1091432577739172,0.48808173594407656
14742,9,1441,1442,483.49,4,4,1.0496530650856621,1.0756688207856202,2.733832924943696,2.87424361745969,0.026015755699958065,0.14041069251599403
14754,9,1442,1443,488.106,4,3,1.0764480020606384,0.6916624832497786,2.879455714120613,1.9940817154664545,-0.38478551881085976,-0.8853739986541584
14757,9,1443,1444,490.143,3,4,0.6916624832497786,1.081395472985707,1.9940817154664545,2.901505278243847,0.3897329897359283,0.9074235627773923
14763,9,1444,1445,492.077,4,4,1.0459637469688796,1.0616414481275194,2.7330631624269186,2.787396466386466,0.015677701158639756,0.054333303959547496
14782,9,1445,1446,499.727,4,4,1.08405767894761,1.0618393862670796,2.9129994684428517,2.791355788266768,-0.022218292680530327,-0.12164368017608362
14792,9,1446,1447,504.138,4,4,1.0311210861195033,1.0704402358872824,2.635529344497248,2.8446377547657526,0.03931914976777917,0.20910841026850457
14796,9,1447,1448,505.586,4,4,1.0704402358872824,0.9814554162386686,2.8446377547657526,2.44259432206077,-0.08898481964861382,-0.40204343270498244
14802,9,1448,1449,507.983,4,4,1.0322806623629392,0.9529549846669914,2.67025279283499,2.310357165371512,-0.0793256776959479,-0.35989562746347836
14810,9,1449,1450,510.896,4,4,1.006233629523362,1.053384580764351,2.5261870549286627,2.7390699881145024,0.04715095124098889,0.21288293318583973
14821,9,1450,1451,516.239,4,4,1.0685091605747425,1.0874672267418177,2.827762843786937,2.935408294941565,0.018958066167075183,0.10764545115462809
14826,9,1451,1452,517.858,4,4,1.0826387518444025,1.0871159990452721,2.9080462943749086,2.9336284188194797,0.004477247200869616,0.025582124444571086
14831,9,1452,1453,519.946,4,4,1.081287214073089,1.067870298197557,2.9015696544877954,2.8303989213053002,-0.013416915875531954,-0.07117073318249512
14847,9,1453,1454,526.76,4,4,1.0273428443321002,0.9683127388747778,2.652207607921479,2.4151350909352676,-0.05903010545732246,-0.23707251698621157
14859,9,1454,1455,531.551,4,4,0.9378583457786398,1.0342706335234453,2.337112612179543,2.6418669330974356,0.09641228774480548,0.3047543209178927
14864,9,1455,1456,536.214,4,4,1.0831059698343064,0.977519705661192,2.908506151001719,2.4314044313355856,-0.10558626417311445,-0.4771017196661336
14873,9,1456,1457,539.954,4,4,1.0659119420142136,1.0313885261875884,2.8232098397246386,2.632988390878902,-0.034523415826625214,-0.19022144884573677
14877,9,1457,1458,541.702,4,4,1.0313885261875884,1.0273359249964757,2.632988390878902,2.651916834121597,-0.004052601191112615,0.01892844324269527
14881,9,1458,1459,543.629,4,4,1.0273359249964757,1.0264528834598634,2.651916834121597,2.6289095914695757,-0.000883041536612339,-0.023007242652021365
14892,9,1459,1460,547.667,4,4,1.0367537229774757,1.0176531233762094,2.659140172591096,2.571523707541691,-0.01910059960126631,-0.0876164650494049
14898,9,1460,1461,550.645,4,4,0.9641457740730229,1.0090938404276688,2.444617718687267,2.589968915882093,0.04494806635464588,0.14535119719482603
14903,9,1461,1462,552.503,4,4,1.0228159779265589,1.0715690878565391,2.6270474336308838,2.8458928404587214,0.048753109929980276,0.2188454068278376
14911,9,1462,1463,555.466,4,4,0.9873778348925637,1.007304575098,2.496516528013839,2.51854968367907,0.01992674020543639,0.022033155665230897
14921,9,1463,1464,559.565,4,4,0.9689755285754205,1.0952346613711705,2.435652710243905,2.9802030687554053,0.12625913279575007,0.5445503585115001
14931,9,1464,1465,563.222,4,4,1.066035703380448,1.025762555617476,2.8237758787253204,2.596895625182728,-0.04027314776297186,-0.22688025354259223
14938,9,1465,1466,566.08,4,4,1.070638860655945,1.0848370807218184,2.835812117326466,2.922228664711899,0.014198220065873457,0.08641654738543281
14951,9,1466,1467,570.193,4,4,1.0893839433177142,1.074292667871892,2.9446384107035994,2.866867660172296,-0.015091275445822117,-0.07777075053130345
14964,9,1467,1468,574.638,4,4,1.0528265649727793,1.0452532667881305,2.7609399263429504,2.7198760414316436,-0.007573298184648802,-0.04106388491130675
14971,9,1468,1469,577.192,4,4,1.0350769139284006,1.0577633333969736,2.6445487231327296,2.7861661545344,0.02268641946857297,0.1416174314016705
14995,9,1469,1470,585.654,4,4,1.0651348118201338,1.0436214706101836,2.8055767952903694,2.7006579151308574,-0.021513341209950188,-0.104918880159512
15002,9,1470,1471,587.918,4,4,1.031193048271305,1.0348825416149303,2.645141008185713,2.6456365468555396,0.0036894933436253385,0.0004955386698264341
15012,9,1471,1472,590.811,4,4,1.0412409383889492,1.0572698710819166,2.7064573576010136,2.7835277991158787,0.016028932692967457,0.07707044151486508
15021,9,1472,1473,594.818,4,4,0.9871419745987596,1.020434569241314,2.4758796948337753,2.6024232071368956,0.033292594642554296,0.12654351230312022
15027,9,1473,1474,597.9,4,4,1.0619945929847043,1.0767646712762668,2.7942038435428005,2.8705417976194205,0.014770078291562516,0.07633795407662003
15045,9,1474,1475,603.471,4,4,1.0290267568706923,1.062610384589167,2.652080692900953,2.8082730883361386,0.03358362771847467,0.15619239543518582
15057,9,1475,1476,606.663,4,4,1.0539228987559155,1.0555408930044468,2.743131532645682,2.7750752493078505,0.0016179942485312626,0.03194371666216833
15065,9,1476,1477,610.13,4,4,1.0319411581622533,1.0449888336038347,2.6296926151793603,2.7126002581176625,0.013047675441581363,0.08290764293830222
15074,9,1477,1478,613.227,4,4,1.0584573496634317,1.0350458281420738,2.7890434089096288,2.6723046167765174,-0.023411521521357948,-0.11673879213311134
15100,9,1478,1479,623.101,4,4,1.0910415351370988,1.0617516865689824,2.954648189144896,2.8046234072048075,-0.02928984856811634,-0.1500247819400884
15110,9,1479,1480,627.192,4,4,1.0616543847012359,1.0579973973396353,2.786105105227727,2.7638649385708236,-0.0036569873616005832,-0.022240166656903426
15128,9,1480,1481,633.398,4,4,1.0657641896830157,1.0823809623450202,2.8163319752913343,2.9081215824215434,0.016616772662004564,0.09178960713020912
15147,9,1481,1482,640.178,4,4,1.0775485218423244,1.0154149825552166,2.8808938601891483,2.556871413815596,-0.06213353928710785,-0.32402244637355215
15155,9,1482,1483,643.795,4,4,1.0843250439036098,0.9974015480487701,2.9192817009076104,2.531032957982935,-0.08692349585483972,-0.3882487429246755
15172,9,1483,1484,650.505,4,4,1.057361388070395,1.0431255806322661,2.7843979587521885,2.7211936804443453,-0.0142358074381288,-0.06320427830784325
15196,9,1484,1485,661.091,4,4,1.0279628184614962,1.0000212439976117,2.618402508255085,2.5338133110744403,-0.027941574463884455,-0.0845891971806445
15200,9,1485,1486,662.574,4,4,1.0000212439976117,1.0742813797335724,2.5338133110744403,2.8657715223507187,0.07426013573596069,0.33195821127627845
15211,9,1486,1487,668.218,4,4,1.0642807025982783,1.0726063259265866,2.819322423679761,2.8476193371956717,0.008325623328308218,0.02829691351591057
15218,9,1487,1488,670.966,4,4,1.0686799284976523,1.0630267717836286,2.8259477538680122,2.796602762925914,-0.005653156714023666,-0.029344990942098192
15232,9,1488,1489,677.58,4,4,1.0579400515708004,1.050160027876974,2.7831696427999506,2.7518512977900342,-0.0077800236938263545,-0.03131834500991637
15246,9,1489,1490,683.251,4,4,0.9684919001312631,1.0058118877643605,2.43099108308728,2.5160036649818616,0.03731998763309741,0.08501258189458172
15258,9,1490,1491,686.884,4,4,1.0254794900493618,1.0538482767160415,2.605209434457898,2.762484241218745,0.028368786666679746,0.15727480676084715
15270,9,1491,1492,690.137,4,4,1.0702238647038123,1.045205595375643,2.8342099784165047,2.717770334272096,-0.025018269328169307,-0.11643964414440866
15283,9,1492,1493,695.232,4,4,1.0662665821054191,1.038680295718964,2.827719770810218,2.6638732904989175,-0.027586286386455106,-0.16384648031130045
15306,9,1493,1494,703.227,4,4,1.0692133170938056,0.9777343857690344,2.826313986216485,2.3955310994246486,-0.09147893132477125,-0.43078288679183663
15321,9,1494,1495,708.243,4,4,0.9151135741399734,1.0766523632814187,2.2745316907800253,2.8772160279684362,0.16153878914144526,0.602684337188411
15328,9,1495,1496,711.125,4,4,1.0912259991240532,1.0493502038527405,2.956356463661322,2.7389749804130474,-0.04187579527131269,-0.21738148324827478
15357,9,1496,1497,721.418,4,4,1.0301188464962068,1.0610233309515218,2.619755687230895,2.803910154042503,0.030904484455315018,0.18415446681160796
15361,9,1497,1498,722.767,4,4,1.0610233309515218,1.061391878773433,2.803910154042503,2.782994440636618,0.00036854782191131363,-0.02091571340588505
15366,9,1498,1499,724.7,4,4,1.0808799480355273,1.0688650610739008,2.8937437989074257,2.8262783297789382,-0.012014886961626559,-0.0674654691284875
