subject,run,hemi,K,r2
sub-EN057,15,L,1,0.8417412297930186
sub-EN057,15,L,2,0.8442722082689033
sub-EN057,15,L,3,0.8625394449526287
sub-EN057,15,L,5,0.9102421604648165
sub-EN057,15,L,10,0.9295101613594261
sub-EN057,15,L,20,0.9553559987370732
sub-EN057,15,L,40,0.9701270023560215
sub-EN057,15,L,60,0.9824077868411969
sub-EN057,15,L,80,0.990727331500868
sub-EN057,15,L,100,0.995642901159896
sub-EN057,15,L,120,1.0
sub-EN057,15,R,1,0.8211343273712748
sub-EN057,15,R,2,0.8230948941497026
sub-EN057,15,R,3,0.8329976503881711
sub-EN057,15,R,5,0.8988772125157056
sub-EN057,15,R,10,0.9211594547038884
sub-EN057,15,R,20,0.951906116622813
sub-EN057,15,R,40,0.9696711952398963
sub-EN057,15,R,60,0.9809440426712493
sub-EN057,15,R,80,0.9899229547576417
sub-EN057,15,R,100,0.9954833046216663
sub-EN057,15,R,120,1.0
sub-EN057,16,L,1,0.8082121143215726
sub-EN057,16,L,2,0.8096443547126911
sub-EN057,16,L,3,0.8312141690306176
sub-EN057,16,L,5,0.8888003527675438
sub-EN057,16,L,10,0.9112248931450024
sub-EN057,16,L,20,0.9432555989323118
sub-EN057,16,L,40,0.9625153587515558
sub-EN057,16,L,60,0.9767222343291129
sub-EN057,16,L,80,0.9864994154355703
sub-EN057,16,L,100,0.9928689930281875
sub-EN057,16,L,120,1.0
sub-EN057,16,R,1,0.7952860391293198
sub-EN057,16,R,2,0.797086675864112
sub-EN057,16,R,3,0.8070348458966753
sub-EN057,16,R,5,0.8832626141466017
sub-EN057,16,R,10,0.9120018722654314
sub-EN057,16,R,20,0.9447210215771489
sub-EN057,16,R,40,0.9656769246282167
sub-EN057,16,R,60,0.9780760425603032
sub-EN057,16,R,80,0.9877323943480257
sub-EN057,16,R,100,0.99393827882701
sub-EN057,16,R,120,1.0
sub-EN057,17,L,1,0.8025015978335015
sub-EN057,17,L,2,0.8087064275508821
sub-EN057,17,L,3,0.8330273576685935
sub-EN057,17,L,5,0.8858689215810047
sub-EN057,17,L,10,0.907124333560187
sub-EN057,17,L,20,0.9410270058168686
sub-EN057,17,L,40,0.9616808732892282
sub-EN057,17,L,60,0.9765223277589916
sub-EN057,17,L,80,0.9869342012993235
sub-EN057,17,L,100,0.9938999775447372
sub-EN057,17,L,120,1.0
sub-EN057,17,R,1,0.7791083038965272
sub-EN057,17,R,2,0.7846518448379377
sub-EN057,17,R,3,0.80841991172217
sub-EN057,17,R,5,0.8773914214791299
sub-EN057,17,R,10,0.905166801910002
sub-EN057,17,R,20,0.9417992257242613
sub-EN057,17,R,40,0.9633425638349724
sub-EN057,17,R,60,0.9770553770190409
sub-EN057,17,R,80,0.9875359186767979
sub-EN057,17,R,100,0.994207938195058
sub-EN057,17,R,120,1.0
sub-EN057,18,L,1,0.8287799826065362
sub-EN057,18,L,2,0.8317220832174415
sub-EN057,18,L,3,0.8520162796033366
sub-EN057,18,L,5,0.9010494081566806
sub-EN057,18,L,10,0.9206339645668137
sub-EN057,18,L,20,0.9480261955917881
sub-EN057,18,L,40,0.9646789622226568
sub-EN057,18,L,60,0.9782181234854146
sub-EN057,18,L,80,0.9875236044130203
sub-EN057,18,L,100,0.9936111148337009
sub-EN057,18,L,120,1.0
sub-EN057,18,R,1,0.8076819541456474
sub-EN057,18,R,2,0.8100193869061414
sub-EN057,18,R,3,0.8226978921706893
sub-EN057,18,R,5,0.8888867711320756
sub-EN057,18,R,10,0.9125974450712896
sub-EN057,18,R,20,0.945729500278753
sub-EN057,18,R,40,0.9659702120236213
sub-EN057,18,R,60,0.9782310974301556
sub-EN057,18,R,80,0.9881710230079016
sub-EN057,18,R,100,0.9946176956951321
sub-EN057,18,R,120,1.0
sub-EN057,19,L,1,0.824200383340685
sub-EN057,19,L,2,0.8288255540313997
sub-EN057,19,L,3,0.8478467105036382
sub-EN057,19,L,5,0.8984026514443075
sub-EN057,19,L,10,0.9192755950589869
sub-EN057,19,L,20,0.9484949055215498
sub-EN057,19,L,40,0.9652067307377276
sub-EN057,19,L,60,0.9789349886597362
sub-EN057,19,L,80,0.988297715224312
sub-EN057,19,L,100,0.9941775623095261
sub-EN057,19,L,120,1.0
sub-EN057,19,R,1,0.8107469171783274
sub-EN057,19,R,2,0.8151290451947234
sub-EN057,19,R,3,0.8241256876598552
sub-EN057,19,R,5,0.891732937389144
sub-EN057,19,R,10,0.9188886654537634
sub-EN057,19,R,20,0.9503763476444865
sub-EN057,19,R,40,0.9678218759683372
sub-EN057,19,R,60,0.9791812931577836
sub-EN057,19,R,80,0.9884088956065318
sub-EN057,19,R,100,0.9944855507839314
sub-EN057,19,R,120,1.0
sub-EN057,20,L,1,0.8002164617377763
sub-EN057,20,L,2,0.8063729155419809
sub-EN057,20,L,3,0.8308160150083899
sub-EN057,20,L,5,0.8889522348949098
sub-EN057,20,L,10,0.9111352116312946
sub-EN057,20,L,20,0.9431644674554063
sub-EN057,20,L,40,0.9615691347435784
sub-EN057,20,L,60,0.9763913176071325
sub-EN057,20,L,80,0.9863232595778103
sub-EN057,20,L,100,0.9931824154715704
sub-EN057,20,L,120,1.0
sub-EN057,20,R,1,0.7802069369904555
sub-EN057,20,R,2,0.7892409255280856
sub-EN057,20,R,3,0.8036475140840517
sub-EN057,20,R,5,0.8796297777252486
sub-EN057,20,R,10,0.9053287678965969
sub-EN057,20,R,20,0.9416619282615286
sub-EN057,20,R,40,0.9637627181990839
sub-EN057,20,R,60,0.9764544317753259
sub-EN057,20,R,80,0.9872012248824217
sub-EN057,20,R,100,0.9938494583806196
sub-EN057,20,R,120,1.0
sub-EN057,21,L,1,0.8097061535447124
sub-EN057,21,L,2,0.8123951607755382
sub-EN057,21,L,3,0.833563453505235
sub-EN057,21,L,5,0.891411704506658
sub-EN057,21,L,10,0.9116016865846756
sub-EN057,21,L,20,0.943580668413457
sub-EN057,21,L,40,0.9615272646289965
sub-EN057,21,L,60,0.9748265179548088
sub-EN057,21,L,80,0.9857249090228134
sub-EN057,21,L,100,0.9926371127000875
sub-EN057,21,L,120,1.0
sub-EN057,21,R,1,0.7979667539974039
sub-EN057,21,R,2,0.8001964228925779
sub-EN057,21,R,3,0.8107674339848023
sub-EN057,21,R,5,0.8839911023257737
sub-EN057,21,R,10,0.9093575140941389
sub-EN057,21,R,20,0.943353276228372
sub-EN057,21,R,40,0.9632645218567719
sub-EN057,21,R,60,0.9764948349265286
sub-EN057,21,R,80,0.9870582843195217
sub-EN057,21,R,100,0.9936706544057784
sub-EN057,21,R,120,1.0
sub-EN057,22,L,1,0.8106888669347821
sub-EN057,22,L,2,0.8184167934295187
sub-EN057,22,L,3,0.839734296088334
sub-EN057,22,L,5,0.8955848276936431
sub-EN057,22,L,10,0.9165718729042076
sub-EN057,22,L,20,0.945885940533022
sub-EN057,22,L,40,0.9629713117817429
sub-EN057,22,L,60,0.9769192748597657
sub-EN057,22,L,80,0.9865627446374275
sub-EN057,22,L,100,0.9932757754983478
sub-EN057,22,L,120,1.0
sub-EN057,22,R,1,0.8016161623708661
sub-EN057,22,R,2,0.8093896009565692
sub-EN057,22,R,3,0.8229297786483676
sub-EN057,22,R,5,0.8911170219538328
sub-EN057,22,R,10,0.9161991118432323
sub-EN057,22,R,20,0.9478877954672899
sub-EN057,22,R,40,0.9665451796631827
sub-EN057,22,R,60,0.9787623971121783
sub-EN057,22,R,80,0.9882105338565732
sub-EN057,22,R,100,0.9942886661582293
sub-EN057,22,R,120,1.0
sub-EN057,23,L,1,0.7670173347910659
sub-EN057,23,L,2,0.7882692918379207
sub-EN057,23,L,3,0.8363848394918835
sub-EN057,23,L,5,0.8903746698850721
sub-EN057,23,L,10,0.9119846926183678
sub-EN057,23,L,20,0.9447750316181658
sub-EN057,23,L,40,0.9621981848808203
sub-EN057,23,L,60,0.9753591541637463
sub-EN057,23,L,80,0.9864321519051852
sub-EN057,23,L,100,0.9946599784427146
sub-EN057,23,L,120,1.0
sub-EN057,23,R,1,0.7554085384705195
sub-EN057,23,R,2,0.7693158233858193
sub-EN057,23,R,3,0.8103885500113912
sub-EN057,23,R,5,0.8810361367002086
sub-EN057,23,R,10,0.9082666710209631
sub-EN057,23,R,20,0.9416905667327679
sub-EN057,23,R,40,0.9626958873096546
sub-EN057,23,R,60,0.9757654512935465
sub-EN057,23,R,80,0.9870497026833377
sub-EN057,23,R,100,0.9936245429253335
sub-EN057,23,R,120,1.0
sub-EN058,10,L,1,0.813336286756572
sub-EN058,10,L,2,0.8192730620866454
sub-EN058,10,L,3,0.84172550753534
sub-EN058,10,L,5,0.8907717252027495
sub-EN058,10,L,10,0.9128759718326945
sub-EN058,10,L,20,0.943947432334715
sub-EN058,10,L,40,0.9645056888846245
sub-EN058,10,L,60,0.9788650828440723
sub-EN058,10,L,80,0.9890114505370325
sub-EN058,10,L,100,0.9949404075960897
sub-EN058,10,L,120,1.0
sub-EN058,10,R,1,0.7961089954754976
sub-EN058,10,R,2,0.8019165512219248
sub-EN058,10,R,3,0.8120601417741034
sub-EN058,10,R,5,0.8800169506561094
sub-EN058,10,R,10,0.9084625803298241
sub-EN058,10,R,20,0.94044597124707
sub-EN058,10,R,40,0.9625108878443286
sub-EN058,10,R,60,0.9764544360353505
sub-EN058,10,R,80,0.9871524129290336
sub-EN058,10,R,100,0.9943592731386864
sub-EN058,10,R,120,1.0
sub-EN058,11,L,1,0.8226037331346563
sub-EN058,11,L,2,0.8260322451921005
sub-EN058,11,L,3,0.8463171656086379
sub-EN058,11,L,5,0.8976427377478027
sub-EN058,11,L,10,0.9182017879284247
sub-EN058,11,L,20,0.9464850276971992
sub-EN058,11,L,40,0.9654125224276172
sub-EN058,11,L,60,0.9789758805335913
sub-EN058,11,L,80,0.989115319288439
sub-EN058,11,L,100,0.9949173380547734
sub-EN058,11,L,120,1.0
sub-EN058,11,R,1,0.7950106164342328
sub-EN058,11,R,2,0.799621429631237
sub-EN058,11,R,3,0.8105083201181298
sub-EN058,11,R,5,0.8837925172275733
sub-EN058,11,R,10,0.9132713884702738
sub-EN058,11,R,20,0.9441410773254508
sub-EN058,11,R,40,0.9657413456780577
sub-EN058,11,R,60,0.9779182962315488
sub-EN058,11,R,80,0.9880722633249315
sub-EN058,11,R,100,0.9948070180344883
sub-EN058,11,R,120,1.0
sub-EN058,12,L,1,0.8363407898480862
sub-EN058,12,L,2,0.839075820251104
sub-EN058,12,L,3,0.8563599721869227
sub-EN058,12,L,5,0.9053847025813019
sub-EN058,12,L,10,0.9248308176589661
sub-EN058,12,L,20,0.9509651029833568
sub-EN058,12,L,40,0.967340728104565
sub-EN058,12,L,60,0.980393442698731
sub-EN058,12,L,80,0.9902366629045881
sub-EN058,12,L,100,0.9953040883925253
sub-EN058,12,L,120,1.0
sub-EN058,12,R,1,0.8227288330462132
sub-EN058,12,R,2,0.8248659363187957
sub-EN058,12,R,3,0.8325831198059176
sub-EN058,12,R,5,0.89783411837364
sub-EN058,12,R,10,0.9235376253391129
sub-EN058,12,R,20,0.9526467220180457
sub-EN058,12,R,40,0.9695139406061055
sub-EN058,12,R,60,0.9808703519948216
sub-EN058,12,R,80,0.9903061041043054
sub-EN058,12,R,100,0.9953418036698419
sub-EN058,12,R,120,1.0
sub-EN058,13,L,1,0.8208755457210712
sub-EN058,13,L,2,0.8251677021153646
sub-EN058,13,L,3,0.8457625929335556
sub-EN058,13,L,5,0.8937807500872739
sub-EN058,13,L,10,0.9144268541645886
sub-EN058,13,L,20,0.9426955275170307
sub-EN058,13,L,40,0.9630839858335305
sub-EN058,13,L,60,0.977412142542079
sub-EN058,13,L,80,0.9884038245157838
sub-EN058,13,L,100,0.9947175591845224
sub-EN058,13,L,120,1.0
sub-EN058,13,R,1,0.8106359406808283
sub-EN058,13,R,2,0.8139665157346299
sub-EN058,13,R,3,0.8228674938450542
sub-EN058,13,R,5,0.8885483848677855
sub-EN058,13,R,10,0.9137291319298168
sub-EN058,13,R,20,0.9432206851436631
sub-EN058,13,R,40,0.9637289918121915
sub-EN058,13,R,60,0.9771114967428913
sub-EN058,13,R,80,0.9876877307155985
sub-EN058,13,R,100,0.994181516653152
sub-EN058,13,R,120,1.0
sub-EN058,14,L,1,0.8311274954676657
sub-EN058,14,L,2,0.8345558112229705
sub-EN058,14,L,3,0.8523424136553442
sub-EN058,14,L,5,0.9007041832296732
sub-EN058,14,L,10,0.9198026904893223
sub-EN058,14,L,20,0.9463794447771429
sub-EN058,14,L,40,0.9647828689088946
sub-EN058,14,L,60,0.9788614601598352
sub-EN058,14,L,80,0.988746738867127
sub-EN058,14,L,100,0.9947482873404008
sub-EN058,14,L,120,1.0
sub-EN058,14,R,1,0.8104933570225419
sub-EN058,14,R,2,0.8145354281559548
sub-EN058,14,R,3,0.8234085170448657
sub-EN058,14,R,5,0.892197097111426
sub-EN058,14,R,10,0.9180389887769143
sub-EN058,14,R,20,0.9476290242557137
sub-EN058,14,R,40,0.9667407616755822
sub-EN058,14,R,60,0.978752348858431
sub-EN058,14,R,80,0.9886013481698915
sub-EN058,14,R,100,0.9948576437420945
sub-EN058,14,R,120,1.0
sub-EN058,15,L,1,0.8330983673234548
sub-EN058,15,L,2,0.8360664553568203
sub-EN058,15,L,3,0.8540121373841278
sub-EN058,15,L,5,0.901931747982792
sub-EN058,15,L,10,0.9218145401139682
sub-EN058,15,L,20,0.9482486471835999
sub-EN058,15,L,40,0.9659669217187099
sub-EN058,15,L,60,0.9798643714935789
sub-EN058,15,L,80,0.9902253719518104
sub-EN058,15,L,100,0.9954054521483348
sub-EN058,15,L,120,1.0
sub-EN058,15,R,1,0.8028115474535884
sub-EN058,15,R,2,0.8081906513288646
sub-EN058,15,R,3,0.8181208766937795
sub-EN058,15,R,5,0.8909185313546961
sub-EN058,15,R,10,0.91726644408103
sub-EN058,15,R,20,0.9472074310477666
sub-EN058,15,R,40,0.9677235574243698
sub-EN058,15,R,60,0.9794360112195939
sub-EN058,15,R,80,0.9890283872032123
sub-EN058,15,R,100,0.9948383033253982
sub-EN058,15,R,120,1.0
sub-EN058,16,L,1,0.8350831736770942
sub-EN058,16,L,2,0.8388743516441564
sub-EN058,16,L,3,0.8576682692470917
sub-EN058,16,L,5,0.9046352271350139
sub-EN058,16,L,10,0.9239747731862915
sub-EN058,16,L,20,0.9487234275107163
sub-EN058,16,L,40,0.9660682645560023
sub-EN058,16,L,60,0.9798148014430007
sub-EN058,16,L,80,0.9897592153907997
sub-EN058,16,L,100,0.9952660751329869
sub-EN058,16,L,120,1.0
sub-EN058,16,R,1,0.7946259647534357
sub-EN058,16,R,2,0.8042698037474091
sub-EN058,16,R,3,0.8166910576647997
sub-EN058,16,R,5,0.8918356740579585
sub-EN058,16,R,10,0.9186961503458941
sub-EN058,16,R,20,0.9471671122919061
sub-EN058,16,R,40,0.9691418399668025
sub-EN058,16,R,60,0.9803847963294152
sub-EN058,16,R,80,0.9894625877145528
sub-EN058,16,R,100,0.9950904834797343
sub-EN058,16,R,120,1.0
sub-EN058,8,L,1,0.8457553226957187
sub-EN058,8,L,2,0.8480566266449695
sub-EN058,8,L,3,0.8651977786511281
sub-EN058,8,L,5,0.9123811405954425
sub-EN058,8,L,10,0.9309754687391257
sub-EN058,8,L,20,0.9550280514600334
sub-EN058,8,L,40,0.969763349820323
sub-EN058,8,L,60,0.9825170880262151
sub-EN058,8,L,80,0.9912928516366004
sub-EN058,8,L,100,0.9959179254965361
sub-EN058,8,L,120,1.0
sub-EN058,8,R,1,0.8310294919979562
sub-EN058,8,R,2,0.8323340027426661
sub-EN058,8,R,3,0.840161736096214
sub-EN058,8,R,5,0.9033374236201229
sub-EN058,8,R,10,0.9263701375497349
sub-EN058,8,R,20,0.954544618554122
sub-EN058,8,R,40,0.9710739873942591
sub-EN058,8,R,60,0.9815850448287384
sub-EN058,8,R,80,0.9904854798456951
sub-EN058,8,R,100,0.9956145128814923
sub-EN058,8,R,120,1.0
sub-EN058,9,L,1,0.8273775489870867
sub-EN058,9,L,2,0.8314265934806645
sub-EN058,9,L,3,0.8497380673536543
sub-EN058,9,L,5,0.8976976906961814
sub-EN058,9,L,10,0.9183044587933068
sub-EN058,9,L,20,0.947223538931432
sub-EN058,9,L,40,0.966176928499111
sub-EN058,9,L,60,0.9795428949890888
sub-EN058,9,L,80,0.9899775626218659
sub-EN058,9,L,100,0.9952946016706825
sub-EN058,9,L,120,1.0
sub-EN058,9,R,1,0.8092247090150205
sub-EN058,9,R,2,0.8129215442402675
sub-EN058,9,R,3,0.8215450137841624
sub-EN058,9,R,5,0.8885186586440758
sub-EN058,9,R,10,0.9141621485307735
sub-EN058,9,R,20,0.9463003636829462
sub-EN058,9,R,40,0.9655155662003038
sub-EN058,9,R,60,0.9783879221950432
sub-EN058,9,R,80,0.9889939260605595
sub-EN058,9,R,100,0.9949066350759292
sub-EN058,9,R,120,1.0
sub-EN059,10,L,1,0.8351580002966112
sub-EN059,10,L,2,0.8436832650617051
sub-EN059,10,L,3,0.8607531835660515
sub-EN059,10,L,5,0.9085174477278196
sub-EN059,10,L,10,0.9269143324883584
sub-EN059,10,L,20,0.9539706593315447
sub-EN059,10,L,40,0.968115151152082
sub-EN059,10,L,60,0.9804351866519894
sub-EN059,10,L,80,0.9902375730190492
sub-EN059,10,L,100,0.9955338256519316
sub-EN059,10,L,120,1.0
sub-EN059,10,R,1,0.8146237709730016
sub-EN059,10,R,2,0.8221793665419551
sub-EN059,10,R,3,0.8310063504956379
sub-EN059,10,R,5,0.8957943327129481
sub-EN059,10,R,10,0.9185083822557083
sub-EN059,10,R,20,0.9510113048691571
sub-EN059,10,R,40,0.968444403699707
sub-EN059,10,R,60,0.9799004433010716
sub-EN059,10,R,80,0.9900973911345302
sub-EN059,10,R,100,0.9953731123514244
sub-EN059,10,R,120,1.0
sub-EN059,11,L,1,0.8399550708027187
sub-EN059,11,L,2,0.8425901008650861
sub-EN059,11,L,3,0.8607204882155857
sub-EN059,11,L,5,0.9087890169252283
sub-EN059,11,L,10,0.9278285659456569
sub-EN059,11,L,20,0.9559506158240013
sub-EN059,11,L,40,0.9700148264146433
sub-EN059,11,L,60,0.9818374135396294
sub-EN059,11,L,80,0.9909612267487168
sub-EN059,11,L,100,0.9956042038349181
sub-EN059,11,L,120,1.0
sub-EN059,11,R,1,0.820651881318793
sub-EN059,11,R,2,0.822872153676211
sub-EN059,11,R,3,0.8316629746001918
sub-EN059,11,R,5,0.8971030955409834
sub-EN059,11,R,10,0.9192597129657725
sub-EN059,11,R,20,0.9527645733632065
sub-EN059,11,R,40,0.9701841583572856
sub-EN059,11,R,60,0.980744934158869
sub-EN059,11,R,80,0.9909301822277194
sub-EN059,11,R,100,0.995624204738958
sub-EN059,11,R,120,1.0
sub-EN059,12,L,1,0.8319428858861652
sub-EN059,12,L,2,0.8351944804926091
sub-EN059,12,L,3,0.8541820217829489
sub-EN059,12,L,5,0.9034488159914775
sub-EN059,12,L,10,0.9230927180641634
sub-EN059,12,L,20,0.9516500415011829
sub-EN059,12,L,40,0.9672949685746368
sub-EN059,12,L,60,0.9805529623808664
sub-EN059,12,L,80,0.9902796129616922
sub-EN059,12,L,100,0.9953254006762227
sub-EN059,12,L,120,1.0
sub-EN059,12,R,1,0.8238012795296541
sub-EN059,12,R,2,0.8263050690667245
sub-EN059,12,R,3,0.8348816307238273
sub-EN059,12,R,5,0.8988720513333462
sub-EN059,12,R,10,0.9208326899342962
sub-EN059,12,R,20,0.9509058897758998
sub-EN059,12,R,40,0.9674915711070972
sub-EN059,12,R,60,0.9796513071874091
sub-EN059,12,R,80,0.9899456643402227
sub-EN059,12,R,100,0.9953166594345136
sub-EN059,12,R,120,1.0
sub-EN059,13,L,1,0.8253392678309217
sub-EN059,13,L,2,0.8301403973726783
sub-EN059,13,L,3,0.8497252865538282
sub-EN059,13,L,5,0.8991838007071908
sub-EN059,13,L,10,0.9215319907228131
sub-EN059,13,L,20,0.95040344862765
sub-EN059,13,L,40,0.9670682601344276
sub-EN059,13,L,60,0.9802163345930159
sub-EN059,13,L,80,0.9900333692772684
sub-EN059,13,L,100,0.9952089628044981
sub-EN059,13,L,120,1.0
sub-EN059,13,R,1,0.822336055538741
sub-EN059,13,R,2,0.8241348322017507
sub-EN059,13,R,3,0.83171330739338
sub-EN059,13,R,5,0.897741914692366
sub-EN059,13,R,10,0.9200008381049684
sub-EN059,13,R,20,0.9514466715877907
sub-EN059,13,R,40,0.9676144173037095
sub-EN059,13,R,60,0.9790287495621073
sub-EN059,13,R,80,0.9896220649882186
sub-EN059,13,R,100,0.994901021378074
sub-EN059,13,R,120,1.0
sub-EN059,14,L,1,0.8093943354052524
sub-EN059,14,L,2,0.8140145027018656
sub-EN059,14,L,3,0.831362755676752
sub-EN059,14,L,5,0.8795565708441647
sub-EN059,14,L,10,0.9067759562556585
sub-EN059,14,L,20,0.942698683833419
sub-EN059,14,L,40,0.9619430945325302
sub-EN059,14,L,60,0.9772755031294376
sub-EN059,14,L,80,0.9886499176654533
sub-EN059,14,L,100,0.9943656938251266
sub-EN059,14,L,120,1.0
sub-EN059,14,R,1,0.7957376220756535
sub-EN059,14,R,2,0.8014897464215744
sub-EN059,14,R,3,0.8101240597359731
sub-EN059,14,R,5,0.8758964414687094
sub-EN059,14,R,10,0.8987388695881209
sub-EN059,14,R,20,0.9357579404479361
sub-EN059,14,R,40,0.9589767701749017
sub-EN059,14,R,60,0.9727803710704841
sub-EN059,14,R,80,0.9852530820961131
sub-EN059,14,R,100,0.9929038307377401
sub-EN059,14,R,120,1.0
sub-EN059,15,L,1,0.8809292441262551
sub-EN059,15,L,2,0.8818781148661072
sub-EN059,15,L,3,0.8950732124342081
sub-EN059,15,L,5,0.9398707467950471
sub-EN059,15,L,10,0.9551232503671272
sub-EN059,15,L,20,0.9746950455649804
sub-EN059,15,L,40,0.9826539273778907
sub-EN059,15,L,60,0.9907486593423991
sub-EN059,15,L,80,0.9960310841103452
sub-EN059,15,L,100,0.9979472552283175
sub-EN059,15,L,120,1.0
sub-EN059,15,R,1,0.8676010246710184
sub-EN059,15,R,2,0.8677107326022189
sub-EN059,15,R,3,0.872287335598567
sub-EN059,15,R,5,0.9318365468758079
sub-EN059,15,R,10,0.9514803485330069
sub-EN059,15,R,20,0.9743957560877126
sub-EN059,15,R,40,0.9840777865742105
sub-EN059,15,R,60,0.9902542133321874
sub-EN059,15,R,80,0.9960331657819408
sub-EN059,15,R,100,0.9981024540826873
sub-EN059,15,R,120,1.0
sub-EN059,17,L,1,0.8360606338922044
sub-EN059,17,L,2,0.8393020402292329
sub-EN059,17,L,3,0.8574100460894478
sub-EN059,17,L,5,0.9060087547127709
sub-EN059,17,L,10,0.9255475233425664
sub-EN059,17,L,20,0.9536989421492073
sub-EN059,17,L,40,0.9679845630424353
sub-EN059,17,L,60,0.9806707164729533
sub-EN059,17,L,80,0.9899209671492266
sub-EN059,17,L,100,0.9950572161925019
sub-EN059,17,L,120,1.0
sub-EN059,17,R,1,0.8191865155376468
sub-EN059,17,R,2,0.8215010347466556
sub-EN059,17,R,3,0.8302049686943154
sub-EN059,17,R,5,0.8961481356223193
sub-EN059,17,R,10,0.9184229385887384
sub-EN059,17,R,20,0.9503446469365248
sub-EN059,17,R,40,0.9671584352678825
sub-EN059,17,R,60,0.9783874246552245
sub-EN059,17,R,80,0.989316871853499
sub-EN059,17,R,100,0.9951624059793583
sub-EN059,17,R,120,1.0
sub-EN059,7,L,1,0.8535777343716724
sub-EN059,7,L,2,0.8552665658230094
sub-EN059,7,L,3,0.8716116797094259
sub-EN059,7,L,5,0.9181483992153822
sub-EN059,7,L,10,0.9359304672076314
sub-EN059,7,L,20,0.9610642051258668
sub-EN059,7,L,40,0.9737129884636863
sub-EN059,7,L,60,0.9845581501942505
sub-EN059,7,L,80,0.9924367594749909
sub-EN059,7,L,100,0.9962966784935308
sub-EN059,7,L,120,1.0
sub-EN059,7,R,1,0.8408722962384665
sub-EN059,7,R,2,0.8423154111811252
sub-EN059,7,R,3,0.8486246192286377
sub-EN059,7,R,5,0.9109600806711344
sub-EN059,7,R,10,0.9323010342727891
sub-EN059,7,R,20,0.9598169114370807
sub-EN059,7,R,40,0.9738298119534566
sub-EN059,7,R,60,0.9834221371943273
sub-EN059,7,R,80,0.9919170271411323
sub-EN059,7,R,100,0.9960741719315385
sub-EN059,7,R,120,1.0
sub-EN059,8,L,1,0.8254357840459297
sub-EN059,8,L,2,0.8376520366093173
sub-EN059,8,L,3,0.8550901231424678
sub-EN059,8,L,5,0.9068583259038598
sub-EN059,8,L,10,0.9258161732552376
sub-EN059,8,L,20,0.953773084291967
sub-EN059,8,L,40,0.9682494162698261
sub-EN059,8,L,60,0.9808202874064068
sub-EN059,8,L,80,0.9902925160842906
sub-EN059,8,L,100,0.9954680103481848
sub-EN059,8,L,120,1.0
sub-EN059,8,R,1,0.8114452688208799
sub-EN059,8,R,2,0.8214349263097378
sub-EN059,8,R,3,0.8300146449454955
sub-EN059,8,R,5,0.896505705319143
sub-EN059,8,R,10,0.9196326140605305
sub-EN059,8,R,20,0.9509728875693313
sub-EN059,8,R,40,0.9679078734070446
sub-EN059,8,R,60,0.9791116133714514
sub-EN059,8,R,80,0.9892330832383498
sub-EN059,8,R,100,0.994875978089905
sub-EN059,8,R,120,1.0
sub-EN059,9,L,1,0.8207799275639655
sub-EN059,9,L,2,0.8378576750571058
sub-EN059,9,L,3,0.8571892689820032
sub-EN059,9,L,5,0.9073590153923385
sub-EN059,9,L,10,0.9259042359634959
sub-EN059,9,L,20,0.9523982791542653
sub-EN059,9,L,40,0.9677771244023928
sub-EN059,9,L,60,0.9801566547245125
sub-EN059,9,L,80,0.9895112256691011
sub-EN059,9,L,100,0.9949558664032393
sub-EN059,9,L,120,1.0
sub-EN059,9,R,1,0.807366397131751
sub-EN059,9,R,2,0.8196662636186915
sub-EN059,9,R,3,0.8320601107860282
sub-EN059,9,R,5,0.8998177563205708
sub-EN059,9,R,10,0.9220555008835976
sub-EN059,9,R,20,0.9531198918665801
sub-EN059,9,R,40,0.9695939467455578
sub-EN059,9,R,60,0.9804452075451413
sub-EN059,9,R,80,0.9900080941095452
sub-EN059,9,R,100,0.9953222548354661
sub-EN059,9,R,120,1.0
sub-EN061,11,L,1,0.8440806687176401
sub-EN061,11,L,2,0.8470970600981027
sub-EN061,11,L,3,0.8663994353001041
sub-EN061,11,L,5,0.9118624616001718
sub-EN061,11,L,10,0.9297691804203713
sub-EN061,11,L,20,0.9546400107864254
sub-EN061,11,L,40,0.9688478719097569
sub-EN061,11,L,60,0.9811987697187485
sub-EN061,11,L,80,0.98917868862651
sub-EN061,11,L,100,0.9950300124823658
sub-EN061,11,L,120,1.0
sub-EN061,11,R,1,0.83297346446583
sub-EN061,11,R,2,0.8344754088401954
sub-EN061,11,R,3,0.8414306371257937
sub-EN061,11,R,5,0.9031118189279238
sub-EN061,11,R,10,0.9267599440259501
sub-EN061,11,R,20,0.9539569558160527
sub-EN061,11,R,40,0.9701211919859872
sub-EN061,11,R,60,0.9809564931679876
sub-EN061,11,R,80,0.9898332940580103
sub-EN061,11,R,100,0.9949594670324535
sub-EN061,11,R,120,1.0
sub-EN061,12,L,1,0.8369386645134768
sub-EN061,12,L,2,0.839325084867693
sub-EN061,12,L,3,0.8601988270448558
sub-EN061,12,L,5,0.904257954205434
sub-EN061,12,L,10,0.9224543155560476
sub-EN061,12,L,20,0.9496410408198251
sub-EN061,12,L,40,0.9656895180481743
sub-EN061,12,L,60,0.9795521767790415
sub-EN061,12,L,80,0.9878238203799611
sub-EN061,12,L,100,0.9942453779951371
sub-EN061,12,L,120,1.0
sub-EN061,12,R,1,0.823133120106047
sub-EN061,12,R,2,0.8253925524817993
sub-EN061,12,R,3,0.8339521858187642
sub-EN061,12,R,5,0.8981146915859939
sub-EN061,12,R,10,0.9228647507365713
sub-EN061,12,R,20,0.9511140248704699
sub-EN061,12,R,40,0.9679107024031909
sub-EN061,12,R,60,0.9797632279262282
sub-EN061,12,R,80,0.9897329697104537
sub-EN061,12,R,100,0.9951853464659045
sub-EN061,12,R,120,1.0
sub-EN061,13,L,1,0.8287092656730926
sub-EN061,13,L,2,0.8326859074634633
sub-EN061,13,L,3,0.8568344086945048
sub-EN061,13,L,5,0.9024017476345944
sub-EN061,13,L,10,0.9205648281075348
sub-EN061,13,L,20,0.9484014901134634
sub-EN061,13,L,40,0.9658034498958634
sub-EN061,13,L,60,0.9794992110396765
sub-EN061,13,L,80,0.9886064808841265
sub-EN061,13,L,100,0.995041099080749
sub-EN061,13,L,120,1.0
sub-EN061,13,R,1,0.8141168081463761
sub-EN061,13,R,2,0.8221264413422467
sub-EN061,13,R,3,0.833768886326443
sub-EN061,13,R,5,0.8985396796774734
sub-EN061,13,R,10,0.9217447223075639
sub-EN061,13,R,20,0.9511578322623311
sub-EN061,13,R,40,0.9680866495412034
sub-EN061,13,R,60,0.9797368508126325
sub-EN061,13,R,80,0.9899365408760694
sub-EN061,13,R,100,0.9956329909948565
sub-EN061,13,R,120,1.0
sub-EN061,14,L,1,0.8466264551617326
sub-EN061,14,L,2,0.8477960340814438
sub-EN061,14,L,3,0.8661893719319701
sub-EN061,14,L,5,0.910713479008532
sub-EN061,14,L,10,0.9287015262584513
sub-EN061,14,L,20,0.9537047377271374
sub-EN061,14,L,40,0.968954082565815
sub-EN061,14,L,60,0.9816254631661925
sub-EN061,14,L,80,0.9897303470287475
sub-EN061,14,L,100,0.9949035819810218
sub-EN061,14,L,120,1.0
sub-EN061,14,R,1,0.8185610751304144
sub-EN061,14,R,2,0.8243935655546132
sub-EN061,14,R,3,0.8333083686658769
sub-EN061,14,R,5,0.9011545656817549
sub-EN061,14,R,10,0.9252796450426067
sub-EN061,14,R,20,0.9534976403171002
sub-EN061,14,R,40,0.9712771411710417
sub-EN061,14,R,60,0.9815816052651869
sub-EN061,14,R,80,0.9904782081256468
sub-EN061,14,R,100,0.9957180043235918
sub-EN061,14,R,120,1.0
sub-EN061,19,L,1,0.8273920726585774
sub-EN061,19,L,2,0.8301061395110287
sub-EN061,19,L,3,0.8524858199729086
sub-EN061,19,L,5,0.8961051001651592
sub-EN061,19,L,10,0.9145418490666263
sub-EN061,19,L,20,0.9443883881490466
sub-EN061,19,L,40,0.9621887008518075
sub-EN061,19,L,60,0.9758587130798185
sub-EN061,19,L,80,0.9860653389992986
sub-EN061,19,L,100,0.9940408373304784
sub-EN061,19,L,120,1.0
sub-EN061,19,R,1,0.8165827122401392
sub-EN061,19,R,2,0.8201743446339892
sub-EN061,19,R,3,0.8307791231613446
sub-EN061,19,R,5,0.8925109426157597
sub-EN061,19,R,10,0.9170376102008869
sub-EN061,19,R,20,0.9450004956581743
sub-EN061,19,R,40,0.9636247705653743
sub-EN061,19,R,60,0.9762645531883426
sub-EN061,19,R,80,0.9865257344631161
sub-EN061,19,R,100,0.9939397364835783
sub-EN061,19,R,120,1.0
sub-EN061,20,L,1,0.8375527710591598
sub-EN061,20,L,2,0.8414121971317657
sub-EN061,20,L,3,0.8621009867311428
sub-EN061,20,L,5,0.9051860403061979
sub-EN061,20,L,10,0.9239187362093504
sub-EN061,20,L,20,0.9490721162454016
sub-EN061,20,L,40,0.9657968661615683
sub-EN061,20,L,60,0.979153510931768
sub-EN061,20,L,80,0.9883212396037464
sub-EN061,20,L,100,0.9945850104702368
sub-EN061,20,L,120,1.0
sub-EN061,20,R,1,0.8227850551839326
sub-EN061,20,R,2,0.825114079299991
sub-EN061,20,R,3,0.833529865720152
sub-EN061,20,R,5,0.8968394702758833
sub-EN061,20,R,10,0.9211989768152955
sub-EN061,20,R,20,0.9492584929937677
sub-EN061,20,R,40,0.9673849234124724
sub-EN061,20,R,60,0.97889179371741
sub-EN061,20,R,80,0.988929548281445
sub-EN061,20,R,100,0.9951437152454284
sub-EN061,20,R,120,1.0
sub-EN061,21,L,1,0.8393737080542887
sub-EN061,21,L,2,0.8413253103349172
sub-EN061,21,L,3,0.8602406247229392
sub-EN061,21,L,5,0.9042390427085253
sub-EN061,21,L,10,0.9228394567100509
sub-EN061,21,L,20,0.9505244504630816
sub-EN061,21,L,40,0.9668296581740646
sub-EN061,21,L,60,0.9797500662365672
sub-EN061,21,L,80,0.9887577841294922
sub-EN061,21,L,100,0.9945954439074278
sub-EN061,21,L,120,1.0
sub-EN061,21,R,1,0.8302381783904333
sub-EN061,21,R,2,0.8319092406391931
sub-EN061,21,R,3,0.8388457220737175
sub-EN061,21,R,5,0.8997144449442401
sub-EN061,21,R,10,0.9229694797726843
sub-EN061,21,R,20,0.951609545369611
sub-EN061,21,R,40,0.9679901786576375
sub-EN061,21,R,60,0.9797822755902128
sub-EN061,21,R,80,0.989483315691291
sub-EN061,21,R,100,0.9954461162400452
sub-EN061,21,R,120,1.0
sub-EN061,22,L,1,0.8055664802605556
sub-EN061,22,L,2,0.8102304146012501
sub-EN061,22,L,3,0.8420592459598109
sub-EN061,22,L,5,0.8854510434061588
sub-EN061,22,L,10,0.9060833679961501
sub-EN061,22,L,20,0.936146761585778
sub-EN061,22,L,40,0.9563338609792055
sub-EN061,22,L,60,0.9721767779363236
sub-EN061,22,L,80,0.9841601422444702
sub-EN061,22,L,100,0.992918826992466
sub-EN061,22,L,120,1.0
sub-EN061,22,R,1,0.7948293848606333
sub-EN061,22,R,2,0.7973584384821241
sub-EN061,22,R,3,0.8088394827612433
sub-EN061,22,R,5,0.8789726577777884
sub-EN061,22,R,10,0.9050903646276429
sub-EN061,22,R,20,0.9375401636911028
sub-EN061,22,R,40,0.9609590350586389
sub-EN061,22,R,60,0.9742068840543782
sub-EN061,22,R,80,0.9854047385612487
sub-EN061,22,R,100,0.9929124875738085
sub-EN061,22,R,120,1.0
sub-EN061,9,L,1,0.8040954100604772
sub-EN061,9,L,2,0.8111773322209661
sub-EN061,9,L,3,0.8324571570665539
sub-EN061,9,L,5,0.8872282852805834
sub-EN061,9,L,10,0.9066338605728714
sub-EN061,9,L,20,0.9418743142279004
sub-EN061,9,L,40,0.9610388513532809
sub-EN061,9,L,60,0.9761018521553853
sub-EN061,9,L,80,0.9849382906423221
sub-EN061,9,L,100,0.9936672934569083
sub-EN061,9,L,120,1.0
sub-EN061,9,R,1,0.7430494158538523
sub-EN061,9,R,2,0.7725979903069417
sub-EN061,9,R,3,0.7886384737724527
sub-EN061,9,R,5,0.8834289104167631
sub-EN061,9,R,10,0.909028775699474
sub-EN061,9,R,20,0.9436664010022556
sub-EN061,9,R,40,0.9643930827452936
sub-EN061,9,R,60,0.9786936411230654
sub-EN061,9,R,80,0.9886045411848626
sub-EN061,9,R,100,0.9948384537154619
sub-EN061,9,R,120,1.0
sub-EN062,10,L,1,0.8392382222313421
sub-EN062,10,L,2,0.8407773132026732
sub-EN062,10,L,3,0.8590840707630257
sub-EN062,10,L,5,0.9069518563423229
sub-EN062,10,L,10,0.9255348799165859
sub-EN062,10,L,20,0.9526994649102264
sub-EN062,10,L,40,0.9689062135761229
sub-EN062,10,L,60,0.9813935545500782
sub-EN062,10,L,80,0.9903200836463878
sub-EN062,10,L,100,0.9953446836805638
sub-EN062,10,L,120,1.0
sub-EN062,10,R,1,0.8133408107265718
sub-EN062,10,R,2,0.8146948642705563
sub-EN062,10,R,3,0.8263306405253921
sub-EN062,10,R,5,0.8951110685577413
sub-EN062,10,R,10,0.9199904722287651
sub-EN062,10,R,20,0.9507991998016956
sub-EN062,10,R,40,0.9689694176934844
sub-EN062,10,R,60,0.9798332692945477
sub-EN062,10,R,80,0.9903417707868255
sub-EN062,10,R,100,0.9955316961959806
sub-EN062,10,R,120,1.0
sub-EN062,11,L,1,0.8226609391227796
sub-EN062,11,L,2,0.8245696799482322
sub-EN062,11,L,3,0.8514323631492481
sub-EN062,11,L,5,0.8979580116555594
sub-EN062,11,L,10,0.9177257758315137
sub-EN062,11,L,20,0.9467647882183301
sub-EN062,11,L,40,0.9650718810441352
sub-EN062,11,L,60,0.9789967962803778
sub-EN062,11,L,80,0.9888541560469152
sub-EN062,11,L,100,0.9944173540711673
sub-EN062,11,L,120,1.0
sub-EN062,11,R,1,0.8048007704334162
sub-EN062,11,R,2,0.8062820261477567
sub-EN062,11,R,3,0.8187349687072738
sub-EN062,11,R,5,0.8898402631869643
sub-EN062,11,R,10,0.914667524337825
sub-EN062,11,R,20,0.9448570747527485
sub-EN062,11,R,40,0.965715248716996
sub-EN062,11,R,60,0.977782190017257
sub-EN062,11,R,80,0.9889797427548668
sub-EN062,11,R,100,0.995094100008207
sub-EN062,11,R,120,1.0
sub-EN062,12,L,1,0.8316350676187955
sub-EN062,12,L,2,0.8341299774221898
sub-EN062,12,L,3,0.8540101298402503
sub-EN062,12,L,5,0.90062728582174
sub-EN062,12,L,10,0.9210665726245796
sub-EN062,12,L,20,0.9482289246946018
sub-EN062,12,L,40,0.9660126734654204
sub-EN062,12,L,60,0.9795217939310379
sub-EN062,12,L,80,0.9893469699824148
sub-EN062,12,L,100,0.9950940264100014
sub-EN062,12,L,120,1.0
sub-EN062,12,R,1,0.8065383854392889
sub-EN062,12,R,2,0.8092020406588617
sub-EN062,12,R,3,0.8204043430039559
sub-EN062,12,R,5,0.888910015261278
sub-EN062,12,R,10,0.9150041596476586
sub-EN062,12,R,20,0.9466744016278615
sub-EN062,12,R,40,0.966291461630381
sub-EN062,12,R,60,0.9783095580115588
sub-EN062,12,R,80,0.9896048420386486
sub-EN062,12,R,100,0.995169072520942
sub-EN062,12,R,120,1.0
sub-EN062,13,L,1,0.8400396200496403
sub-EN062,13,L,2,0.8423222960595727
sub-EN062,13,L,3,0.8632177761349082
sub-EN062,13,L,5,0.9095472902706748
sub-EN062,13,L,10,0.9291635014946807
sub-EN062,13,L,20,0.9539369673252855
sub-EN062,13,L,40,0.9696160919248088
sub-EN062,13,L,60,0.981553326248994
sub-EN062,13,L,80,0.9904147825865597
sub-EN062,13,L,100,0.995487420574142
sub-EN062,13,L,120,1.0
sub-EN062,13,R,1,0.8152005809399051
sub-EN062,13,R,2,0.8173608901957428
sub-EN062,13,R,3,0.8297736338728244
sub-EN062,13,R,5,0.8978705466321498
sub-EN062,13,R,10,0.9237801663167546
sub-EN062,13,R,20,0.9514973113482306
sub-EN062,13,R,40,0.9697851436157752
sub-EN062,13,R,60,0.9809424646399253
sub-EN062,13,R,80,0.9907453329919831
sub-EN062,13,R,100,0.995694048228524
sub-EN062,13,R,120,1.0
sub-EN062,14,L,1,0.8179858071551979
sub-EN062,14,L,2,0.8201804298120468
sub-EN062,14,L,3,0.8462104661540983
sub-EN062,14,L,5,0.8941502002479791
sub-EN062,14,L,10,0.9154996895010558
sub-EN062,14,L,20,0.9429936066446934
sub-EN062,14,L,40,0.9632262548505112
sub-EN062,14,L,60,0.9780637705309394
sub-EN062,14,L,80,0.9883820918253496
sub-EN062,14,L,100,0.9942100910123962
sub-EN062,14,L,120,1.0
sub-EN062,14,R,1,0.7963829749756834
sub-EN062,14,R,2,0.7983817558025229
sub-EN062,14,R,3,0.811312095910733
sub-EN062,14,R,5,0.8831342274301892
sub-EN062,14,R,10,0.9118370134611087
sub-EN062,14,R,20,0.9427338533211083
sub-EN062,14,R,40,0.9655096531085157
sub-EN062,14,R,60,0.9777199296056611
sub-EN062,14,R,80,0.9888821355959232
sub-EN062,14,R,100,0.9947746580461432
sub-EN062,14,R,120,1.0
sub-EN062,15,L,1,0.8251778372822288
sub-EN062,15,L,2,0.8274503685980581
sub-EN062,15,L,3,0.8496365838276447
sub-EN062,15,L,5,0.8972787660253932
sub-EN062,15,L,10,0.9173910295031609
sub-EN062,15,L,20,0.9434930382743106
sub-EN062,15,L,40,0.9627196072413133
sub-EN062,15,L,60,0.9776373300463083
sub-EN062,15,L,80,0.987545498808926
sub-EN062,15,L,100,0.9939569460187689
sub-EN062,15,L,120,1.0
sub-EN062,15,R,1,0.804539138037546
sub-EN062,15,R,2,0.8069106202806198
sub-EN062,15,R,3,0.8191795049097484
sub-EN062,15,R,5,0.8899685284843566
sub-EN062,15,R,10,0.9177680133455537
sub-EN062,15,R,20,0.947035752171062
sub-EN062,15,R,40,0.9660654546114672
sub-EN062,15,R,60,0.9783802718265391
sub-EN062,15,R,80,0.9891593972856114
sub-EN062,15,R,100,0.9950455815279914
sub-EN062,15,R,120,1.0
sub-EN062,16,L,1,0.8312525889056716
sub-EN062,16,L,2,0.8328940433682046
sub-EN062,16,L,3,0.8518597741853247
sub-EN062,16,L,5,0.9012598153407999
sub-EN062,16,L,10,0.9193644661667819
sub-EN062,16,L,20,0.9447745542286634
sub-EN062,16,L,40,0.9626315958308371
sub-EN062,16,L,60,0.9771418958214882
sub-EN062,16,L,80,0.9876486622180574
sub-EN062,16,L,100,0.9940329784084285
sub-EN062,16,L,120,1.0
sub-EN062,16,R,1,0.814875706736492
sub-EN062,16,R,2,0.8173389966306227
sub-EN062,16,R,3,0.8253179454289437
sub-EN062,16,R,5,0.8917907899162802
sub-EN062,16,R,10,0.9173548289362962
sub-EN062,16,R,20,0.9480123676803462
sub-EN062,16,R,40,0.9675046782781608
sub-EN062,16,R,60,0.9796193661286985
sub-EN062,16,R,80,0.9898917520279547
sub-EN062,16,R,100,0.995377059677147
sub-EN062,16,R,120,1.0
sub-EN062,17,L,1,0.8289316626963964
sub-EN062,17,L,2,0.8316126255212292
sub-EN062,17,L,3,0.8507822754967895
sub-EN062,17,L,5,0.8980159786000455
sub-EN062,17,L,10,0.9182803637868312
sub-EN062,17,L,20,0.9458975422194602
sub-EN062,17,L,40,0.9642888596219266
sub-EN062,17,L,60,0.9782678974844166
sub-EN062,17,L,80,0.9887118328511886
sub-EN062,17,L,100,0.9944796524690331
sub-EN062,17,L,120,1.0
sub-EN062,17,R,1,0.8088200489321897
sub-EN062,17,R,2,0.8114238805525132
sub-EN062,17,R,3,0.8209475067624769
sub-EN062,17,R,5,0.8895078510948509
sub-EN062,17,R,10,0.9148710241761171
sub-EN062,17,R,20,0.9455162547743466
sub-EN062,17,R,40,0.9656640393881268
sub-EN062,17,R,60,0.9781170778370369
sub-EN062,17,R,80,0.9889131068627546
sub-EN062,17,R,100,0.9949761701974454
sub-EN062,17,R,120,1.0
sub-EN062,9,L,1,0.850363827030741
sub-EN062,9,L,2,0.8516767762494794
sub-EN062,9,L,3,0.8680095842654783
sub-EN062,9,L,5,0.9147682650554028
sub-EN062,9,L,10,0.9332068457850309
sub-EN062,9,L,20,0.9579118003663074
sub-EN062,9,L,40,0.9715852465767287
sub-EN062,9,L,60,0.9831352521481938
sub-EN062,9,L,80,0.9912355350229015
sub-EN062,9,L,100,0.9955467877593863
sub-EN062,9,L,120,1.0
sub-EN062,9,R,1,0.827090838902793
sub-EN062,9,R,2,0.8304332918878803
sub-EN062,9,R,3,0.838280186801923
sub-EN062,9,R,5,0.9025563709435431
sub-EN062,9,R,10,0.9266232786744198
sub-EN062,9,R,20,0.9550592212132294
sub-EN062,9,R,40,0.9715948750671652
sub-EN062,9,R,60,0.982597320195062
sub-EN062,9,R,80,0.9909399596300226
sub-EN062,9,R,100,0.9955401580506904
sub-EN062,9,R,120,1.0
sub-EN063,10,L,1,0.8316050766584566
sub-EN063,10,L,2,0.8348957006125047
sub-EN063,10,L,3,0.857092236422885
sub-EN063,10,L,5,0.9060729874946807
sub-EN063,10,L,10,0.9245267684546362
sub-EN063,10,L,20,0.9512301481340814
sub-EN063,10,L,40,0.9674277098988697
sub-EN063,10,L,60,0.9792330662410633
sub-EN063,10,L,80,0.9887436859197744
sub-EN063,10,L,100,0.9944916438604237
sub-EN063,10,L,120,1.0
sub-EN063,10,R,1,0.8158390878319541
sub-EN063,10,R,2,0.8177949248884163
sub-EN063,10,R,3,0.8278171358613966
sub-EN063,10,R,5,0.8910909518354724
sub-EN063,10,R,10,0.9168615603629013
sub-EN063,10,R,20,0.9478333598405915
sub-EN063,10,R,40,0.9684872647304782
sub-EN063,10,R,60,0.9792505377838163
sub-EN063,10,R,80,0.9892828277259639
sub-EN063,10,R,100,0.9949686716354949
sub-EN063,10,R,120,1.0
sub-EN063,11,L,1,0.8449510045525871
sub-EN063,11,L,2,0.8484430790777995
sub-EN063,11,L,3,0.865829027924157
sub-EN063,11,L,5,0.9144363015591547
sub-EN063,11,L,10,0.9325542543766783
sub-EN063,11,L,20,0.9575538326903507
sub-EN063,11,L,40,0.9714014664016561
sub-EN063,11,L,60,0.9829680442330371
sub-EN063,11,L,80,0.9912719611745127
sub-EN063,11,L,100,0.995791333455913
sub-EN063,11,L,120,1.0
sub-EN063,11,R,1,0.8298772599366302
sub-EN063,11,R,2,0.8338172698134408
sub-EN063,11,R,3,0.8410035717784994
sub-EN063,11,R,5,0.9037983298148112
sub-EN063,11,R,10,0.9275265778178406
sub-EN063,11,R,20,0.9566928656691422
sub-EN063,11,R,40,0.9727936815049215
sub-EN063,11,R,60,0.9826595207121483
sub-EN063,11,R,80,0.9914846649927621
sub-EN063,11,R,100,0.9959743065382299
sub-EN063,11,R,120,1.0
sub-EN063,12,L,1,0.8175099803566996
sub-EN063,12,L,2,0.8240962788136019
sub-EN063,12,L,3,0.8446570263230903
sub-EN063,12,L,5,0.8965543422159197
sub-EN063,12,L,10,0.9172189254601272
sub-EN063,12,L,20,0.9468673798404549
sub-EN063,12,L,40,0.9641085453747489
sub-EN063,12,L,60,0.9769867129192608
sub-EN063,12,L,80,0.9871211386335829
sub-EN063,12,L,100,0.9933838020115823
sub-EN063,12,L,120,1.0
sub-EN063,12,R,1,0.7846951883523926
sub-EN063,12,R,2,0.795876722939918
sub-EN063,12,R,3,0.810269610650279
sub-EN063,12,R,5,0.8830018906254828
sub-EN063,12,R,10,0.9117284983352288
sub-EN063,12,R,20,0.9436848185475836
sub-EN063,12,R,40,0.9663719802415126
sub-EN063,12,R,60,0.9790159013283405
sub-EN063,12,R,80,0.988851108485919
sub-EN063,12,R,100,0.9947203498197038
sub-EN063,12,R,120,1.0
sub-EN063,13,L,1,0.817871093627536
sub-EN063,13,L,2,0.8216690533447075
sub-EN063,13,L,3,0.8490601762321823
sub-EN063,13,L,5,0.9008117228320146
sub-EN063,13,L,10,0.9202867737494244
sub-EN063,13,L,20,0.949463778131301
sub-EN063,13,L,40,0.9668178382538827
sub-EN063,13,L,60,0.9790834539188484
sub-EN063,13,L,80,0.98929076824169
sub-EN063,13,L,100,0.9950717184029131
sub-EN063,13,L,120,1.0
sub-EN063,13,R,1,0.7895582978248573
sub-EN063,13,R,2,0.7954212623577009
sub-EN063,13,R,3,0.8100374754942059
sub-EN063,13,R,5,0.8855278092733213
sub-EN063,13,R,10,0.9142964371972667
sub-EN063,13,R,20,0.9466915644501273
sub-EN063,13,R,40,0.9682253724887915
sub-EN063,13,R,60,0.9788543458229343
sub-EN063,13,R,80,0.9888851023338916
sub-EN063,13,R,100,0.9947579328079044
sub-EN063,13,R,120,1.0
sub-EN063,14,L,1,0.8327789211956685
sub-EN063,14,L,2,0.8374423174246316
sub-EN063,14,L,3,0.8577889717750973
sub-EN063,14,L,5,0.9090976787442594
sub-EN063,14,L,10,0.9284826560338231
sub-EN063,14,L,20,0.9543883397156415
sub-EN063,14,L,40,0.969437526352289
sub-EN063,14,L,60,0.9815712689384208
sub-EN063,14,L,80,0.9901926616399139
sub-EN063,14,L,100,0.9952673698894794
sub-EN063,14,L,120,1.0
sub-EN063,14,R,1,0.8098412463597147
sub-EN063,14,R,2,0.8166100364111576
sub-EN063,14,R,3,0.827290764467643
sub-EN063,14,R,5,0.8949231113637384
sub-EN063,14,R,10,0.9210046057304483
sub-EN063,14,R,20,0.9514762057547544
sub-EN063,14,R,40,0.9689562380455777
sub-EN063,14,R,60,0.9809059717174545
sub-EN063,14,R,80,0.9901483348450305
sub-EN063,14,R,100,0.9955284369574255
sub-EN063,14,R,120,1.0
sub-EN063,15,L,1,0.824030591398643
sub-EN063,15,L,2,0.8294212809460882
sub-EN063,15,L,3,0.8510767636223384
sub-EN063,15,L,5,0.9024357927434814
sub-EN063,15,L,10,0.9219658709506983
sub-EN063,15,L,20,0.9490139563196874
sub-EN063,15,L,40,0.9653561615385338
sub-EN063,15,L,60,0.9778874300050822
sub-EN063,15,L,80,0.9880207476036118
sub-EN063,15,L,100,0.9939534234767058
sub-EN063,15,L,120,1.0
sub-EN063,15,R,1,0.8035178712633331
sub-EN063,15,R,2,0.8077140318894712
sub-EN063,15,R,3,0.8179942994157521
sub-EN063,15,R,5,0.8870246219765321
sub-EN063,15,R,10,0.913296244807089
sub-EN063,15,R,20,0.9449201621939778
sub-EN063,15,R,40,0.9672510820140622
sub-EN063,15,R,60,0.9787107647528378
sub-EN063,15,R,80,0.9891831695587573
sub-EN063,15,R,100,0.9950066194808493
sub-EN063,15,R,120,1.0
sub-EN063,7,L,1,0.8348183379984196
sub-EN063,7,L,2,0.8417179032090775
sub-EN063,7,L,3,0.8612059207535315
sub-EN063,7,L,5,0.9109982813308576
sub-EN063,7,L,10,0.9298361614974845
sub-EN063,7,L,20,0.9548385982346654
sub-EN063,7,L,40,0.9696274752251463
sub-EN063,7,L,60,0.9822392267377973
sub-EN063,7,L,80,0.9905587051861785
sub-EN063,7,L,100,0.9950772761875625
sub-EN063,7,L,120,1.0
sub-EN063,7,R,1,0.800724537796012
sub-EN063,7,R,2,0.8120829624632538
sub-EN063,7,R,3,0.8244489382494092
sub-EN063,7,R,5,0.8946307298497042
sub-EN063,7,R,10,0.9200355769645591
sub-EN063,7,R,20,0.9525237146121891
sub-EN063,7,R,40,0.9707367217061376
sub-EN063,7,R,60,0.9823880846799481
sub-EN063,7,R,80,0.9909825483699753
sub-EN063,7,R,100,0.9960425164114202
sub-EN063,7,R,120,1.0
sub-EN063,8,L,1,0.8458864682022041
sub-EN063,8,L,2,0.8492223977476182
sub-EN063,8,L,3,0.8674004928371745
sub-EN063,8,L,5,0.9151650255278889
sub-EN063,8,L,10,0.9337923634578139
sub-EN063,8,L,20,0.9578697880046101
sub-EN063,8,L,40,0.972008770264518
sub-EN063,8,L,60,0.9832333998816836
sub-EN063,8,L,80,0.9912775148209643
sub-EN063,8,L,100,0.9957353287203454
sub-EN063,8,L,120,1.0
sub-EN063,8,R,1,0.8327542538079433
sub-EN063,8,R,2,0.8362462886515784
sub-EN063,8,R,3,0.8433010659497326
sub-EN063,8,R,5,0.9058941414880466
sub-EN063,8,R,10,0.9291213675976644
sub-EN063,8,R,20,0.9567263616442677
sub-EN063,8,R,40,0.972237298661954
sub-EN063,8,R,60,0.9825724503280693
sub-EN063,8,R,80,0.9912532600585339
sub-EN063,8,R,100,0.9957813241382774
sub-EN063,8,R,120,1.0
sub-EN063,9,L,1,0.8244241805859346
sub-EN063,9,L,2,0.8286680088226264
sub-EN063,9,L,3,0.8500243522689889
sub-EN063,9,L,5,0.9040963613779919
sub-EN063,9,L,10,0.9231005788466664
sub-EN063,9,L,20,0.9494596615115521
sub-EN063,9,L,40,0.9669462080105338
sub-EN063,9,L,60,0.9802701242859682
sub-EN063,9,L,80,0.9898107802005979
sub-EN063,9,L,100,0.9952701993269918
sub-EN063,9,L,120,1.0
sub-EN063,9,R,1,0.7803642779813674
sub-EN063,9,R,2,0.790404144686731
sub-EN063,9,R,3,0.8040309905119168
sub-EN063,9,R,5,0.8818999653055302
sub-EN063,9,R,10,0.9121031617581972
sub-EN063,9,R,20,0.9452269217807341
sub-EN063,9,R,40,0.9667869741885854
sub-EN063,9,R,60,0.9792119506016277
sub-EN063,9,R,80,0.9896441719598976
sub-EN063,9,R,100,0.9952436641792742
sub-EN063,9,R,120,1.0
sub-EN064,10,L,1,0.8414164300848072
sub-EN064,10,L,2,0.8442729365718652
sub-EN064,10,L,3,0.8617940000937292
sub-EN064,10,L,5,0.9085262824414442
sub-EN064,10,L,10,0.9286475239498249
sub-EN064,10,L,20,0.953143820845531
sub-EN064,10,L,40,0.9687918623940721
sub-EN064,10,L,60,0.9807743527813951
sub-EN064,10,L,80,0.9896017992187763
sub-EN064,10,L,100,0.9948235258613807
sub-EN064,10,L,120,1.0
sub-EN064,10,R,1,0.8202515949781214
sub-EN064,10,R,2,0.8234347570509459
sub-EN064,10,R,3,0.8323452885378729
sub-EN064,10,R,5,0.8976079857403931
sub-EN064,10,R,10,0.922224929800245
sub-EN064,10,R,20,0.952504257750285
sub-EN064,10,R,40,0.9700111374933698
sub-EN064,10,R,60,0.9806994017998085
sub-EN064,10,R,80,0.9902536198368939
sub-EN064,10,R,100,0.9957170354300598
sub-EN064,10,R,120,1.0
sub-EN064,11,L,1,0.8298049797794191
sub-EN064,11,L,2,0.8371803439984941
sub-EN064,11,L,3,0.8531478721470301
sub-EN064,11,L,5,0.9025800885820656
sub-EN064,11,L,10,0.9243441413307147
sub-EN064,11,L,20,0.9513468467116207
sub-EN064,11,L,40,0.9674396227675557
sub-EN064,11,L,60,0.9801578131144825
sub-EN064,11,L,80,0.9891982593989088
sub-EN064,11,L,100,0.9947616730444603
sub-EN064,11,L,120,1.0
sub-EN064,11,R,1,0.8092772919814089
sub-EN064,11,R,2,0.818230242180392
sub-EN064,11,R,3,0.8257434688291783
sub-EN064,11,R,5,0.892125338612435
sub-EN064,11,R,10,0.9196693782993824
sub-EN064,11,R,20,0.9490667183825621
sub-EN064,11,R,40,0.9679153281907353
sub-EN064,11,R,60,0.9788789825951849
sub-EN064,11,R,80,0.9890953944060558
sub-EN064,11,R,100,0.9948952628218118
sub-EN064,11,R,120,1.0
sub-EN064,12,L,1,0.8438303310679076
sub-EN064,12,L,2,0.84880656852204
sub-EN064,12,L,3,0.862628238882947
sub-EN064,12,L,5,0.9101680966583671
sub-EN064,12,L,10,0.9302669929564539
sub-EN064,12,L,20,0.9553580285816553
sub-EN064,12,L,40,0.9699213791928392
sub-EN064,12,L,60,0.9818729770480576
sub-EN064,12,L,80,0.9906809285667755
sub-EN064,12,L,100,0.9953842216661473
sub-EN064,12,L,120,1.0
sub-EN064,12,R,1,0.822792546086941
sub-EN064,12,R,2,0.826356034255408
sub-EN064,12,R,3,0.8335134433180694
sub-EN064,12,R,5,0.8971318907108834
sub-EN064,12,R,10,0.9219256997128747
sub-EN064,12,R,20,0.9514151821713065
sub-EN064,12,R,40,0.968666247194097
sub-EN064,12,R,60,0.9799496652540998
sub-EN064,12,R,80,0.9899539936897215
sub-EN064,12,R,100,0.995480561460784
sub-EN064,12,R,120,1.0
sub-EN064,13,L,1,0.8452926957355985
sub-EN064,13,L,2,0.8476595741561814
sub-EN064,13,L,3,0.8631633000793011
sub-EN064,13,L,5,0.909155759221755
sub-EN064,13,L,10,0.9294838104423766
sub-EN064,13,L,20,0.9537712402405746
sub-EN064,13,L,40,0.9688605342824997
sub-EN064,13,L,60,0.9809791806550198
sub-EN064,13,L,80,0.9902025154109297
sub-EN064,13,L,100,0.9952870616424035
sub-EN064,13,L,120,1.0
sub-EN064,13,R,1,0.8282921726073608
sub-EN064,13,R,2,0.8309369266167694
sub-EN064,13,R,3,0.8373693825871537
sub-EN064,13,R,5,0.9004579272155363
sub-EN064,13,R,10,0.9248115739859
sub-EN064,13,R,20,0.9531251238412096
sub-EN064,13,R,40,0.9701903889339758
sub-EN064,13,R,60,0.9807198293307146
sub-EN064,13,R,80,0.9902197334942497
sub-EN064,13,R,100,0.995154921179094
sub-EN064,13,R,120,1.0
sub-EN064,14,L,1,0.8267152399764682
sub-EN064,14,L,2,0.8341623577222345
sub-EN064,14,L,3,0.8511932632178109
sub-EN064,14,L,5,0.8993076975199645
sub-EN064,14,L,10,0.9216220045015102
sub-EN064,14,L,20,0.9472398073945717
sub-EN064,14,L,40,0.9643754269506205
sub-EN064,14,L,60,0.9771275274569915
sub-EN064,14,L,80,0.9880616441232085
sub-EN064,14,L,100,0.9944359671027536
sub-EN064,14,L,120,1.0
sub-EN064,14,R,1,0.802638582769281
sub-EN064,14,R,2,0.8112466677676723
sub-EN064,14,R,3,0.8233663160084148
sub-EN064,14,R,5,0.888835957769023
sub-EN064,14,R,10,0.9146902221140456
sub-EN064,14,R,20,0.9468729532890084
sub-EN064,14,R,40,0.9660786054736459
sub-EN064,14,R,60,0.9779987505721761
sub-EN064,14,R,80,0.9887878117347344
sub-EN064,14,R,100,0.9946696927019683
sub-EN064,14,R,120,1.0
sub-EN064,6,L,1,0.842753600098017
sub-EN064,6,L,2,0.8487076755144415
sub-EN064,6,L,3,0.8642983764384631
sub-EN064,6,L,5,0.9124854231158869
sub-EN064,6,L,10,0.9315393197902742
sub-EN064,6,L,20,0.9559124049264079
sub-EN064,6,L,40,0.9698228332265987
sub-EN064,6,L,60,0.9822171629791107
sub-EN064,6,L,80,0.9907863931614309
sub-EN064,6,L,100,0.9957976348817621
sub-EN064,6,L,120,1.0
sub-EN064,6,R,1,0.8219983873262106
sub-EN064,6,R,2,0.8303194851609481
sub-EN064,6,R,3,0.8371018930267274
sub-EN064,6,R,5,0.9029604921090035
sub-EN064,6,R,10,0.9252944359737776
sub-EN064,6,R,20,0.9543932023495513
sub-EN064,6,R,40,0.9709735503213605
sub-EN064,6,R,60,0.9815324446526509
sub-EN064,6,R,80,0.990682179259879
sub-EN064,6,R,100,0.9956200444515221
sub-EN064,6,R,120,1.0
sub-EN064,7,L,1,0.8415418834256698
sub-EN064,7,L,2,0.8459033889328179
sub-EN064,7,L,3,0.8603193961167871
sub-EN064,7,L,5,0.9091800482305444
sub-EN064,7,L,10,0.9292582894856228
sub-EN064,7,L,20,0.9532845871145269
sub-EN064,7,L,40,0.9679278348284681
sub-EN064,7,L,60,0.9810127402901517
sub-EN064,7,L,80,0.9900632412378731
sub-EN064,7,L,100,0.9953555784905205
sub-EN064,7,L,120,1.0
sub-EN064,7,R,1,0.8203703904794517
sub-EN064,7,R,2,0.8253512286128266
sub-EN064,7,R,3,0.8324788605624174
sub-EN064,7,R,5,0.8987203845475156
sub-EN064,7,R,10,0.9239859663396548
sub-EN064,7,R,20,0.9530407439022974
sub-EN064,7,R,40,0.9698349479911794
sub-EN064,7,R,60,0.9808242255973368
sub-EN064,7,R,80,0.9903931019629939
sub-EN064,7,R,100,0.9954286801575779
sub-EN064,7,R,120,1.0
sub-EN064,8,L,1,0.8289225015414077
sub-EN064,8,L,2,0.8343295597384346
sub-EN064,8,L,3,0.8496681781239248
sub-EN064,8,L,5,0.8987567656411505
sub-EN064,8,L,10,0.9214452072574475
sub-EN064,8,L,20,0.9488163712870866
sub-EN064,8,L,40,0.965974633410401
sub-EN064,8,L,60,0.9794307134958387
sub-EN064,8,L,80,0.9889108367379871
sub-EN064,8,L,100,0.9946745191339595
sub-EN064,8,L,120,1.0
sub-EN064,8,R,1,0.8082689385528307
sub-EN064,8,R,2,0.8136079497138754
sub-EN064,8,R,3,0.8213631314844422
sub-EN064,8,R,5,0.8896477162726864
sub-EN064,8,R,10,0.915603561510243
sub-EN064,8,R,20,0.9471223768227556
sub-EN064,8,R,40,0.965757863543986
sub-EN064,8,R,60,0.97779522848769
sub-EN064,8,R,80,0.9887106635775057
sub-EN064,8,R,100,0.9945707125310083
sub-EN064,8,R,120,1.0
sub-EN064,9,L,1,0.8421046599361799
sub-EN064,9,L,2,0.8449979254156059
sub-EN064,9,L,3,0.8595339367188227
sub-EN064,9,L,5,0.9073324955982276
sub-EN064,9,L,10,0.9290757378772518
sub-EN064,9,L,20,0.9539908927482617
sub-EN064,9,L,40,0.9692092275060057
sub-EN064,9,L,60,0.9810022476995912
sub-EN064,9,L,80,0.9903869427189634
sub-EN064,9,L,100,0.995397143289162
sub-EN064,9,L,120,1.0
sub-EN064,9,R,1,0.8174021246570292
sub-EN064,9,R,2,0.8201158230940759
sub-EN064,9,R,3,0.8275217554293117
sub-EN064,9,R,5,0.8922528666248281
sub-EN064,9,R,10,0.9187733366283266
sub-EN064,9,R,20,0.9498726222430112
sub-EN064,9,R,40,0.9677193128569341
sub-EN064,9,R,60,0.9789152187621596
sub-EN064,9,R,80,0.9890977718707522
sub-EN064,9,R,100,0.995038797138087
sub-EN064,9,R,120,1.0
sub-EN065,10,L,1,0.8347166700285809
sub-EN065,10,L,2,0.8360749703516173
sub-EN065,10,L,3,0.8546154589906855
sub-EN065,10,L,5,0.9021949084648984
sub-EN065,10,L,10,0.9209574671354522
sub-EN065,10,L,20,0.9471044533019478
sub-EN065,10,L,40,0.9656060373005503
sub-EN065,10,L,60,0.9784050560176109
sub-EN065,10,L,80,0.9883914121639289
sub-EN065,10,L,100,0.9944429896341416
sub-EN065,10,L,120,1.0
sub-EN065,10,R,1,0.82046412298175
sub-EN065,10,R,2,0.8218479019101524
sub-EN065,10,R,3,0.8299738001468335
sub-EN065,10,R,5,0.8914364882830831
sub-EN065,10,R,10,0.9167182783449379
sub-EN065,10,R,20,0.9449366285653139
sub-EN065,10,R,40,0.9640994269358255
sub-EN065,10,R,60,0.9770228678255521
sub-EN065,10,R,80,0.9871714941921
sub-EN065,10,R,100,0.9943374153712659
sub-EN065,10,R,120,1.0
sub-EN065,11,L,1,0.8485692917661908
sub-EN065,11,L,2,0.8498108916951829
sub-EN065,11,L,3,0.8636057369112315
sub-EN065,11,L,5,0.9105912469991035
sub-EN065,11,L,10,0.9295276343142469
sub-EN065,11,L,20,0.9539461238944145
sub-EN065,11,L,40,0.968591687736444
sub-EN065,11,L,60,0.9807757219749789
sub-EN065,11,L,80,0.9902859162601664
sub-EN065,11,L,100,0.9955023863876797
sub-EN065,11,L,120,1.0
sub-EN065,11,R,1,0.8304543199427388
sub-EN065,11,R,2,0.8323184145465831
sub-EN065,11,R,3,0.8393818773584031
sub-EN065,11,R,5,0.9002305637232568
sub-EN065,11,R,10,0.92420833030234
sub-EN065,11,R,20,0.9518073809677655
sub-EN065,11,R,40,0.9695872906739833
sub-EN065,11,R,60,0.9812109487296246
sub-EN065,11,R,80,0.9905429667136469
sub-EN065,11,R,100,0.9956360431721266
sub-EN065,11,R,120,1.0
sub-EN065,12,L,1,0.8540417157322979
sub-EN065,12,L,2,0.8560033886560157
sub-EN065,12,L,3,0.8704765036651915
sub-EN065,12,L,5,0.9172301493568036
sub-EN065,12,L,10,0.9358719364471272
sub-EN065,12,L,20,0.958839939159488
sub-EN065,12,L,40,0.9721059090058574
sub-EN065,12,L,60,0.9836227433268427
sub-EN065,12,L,80,0.9917582394904613
sub-EN065,12,L,100,0.9961917227128141
sub-EN065,12,L,120,1.0
sub-EN065,12,R,1,0.8369891586545354
sub-EN065,12,R,2,0.8386131582950549
sub-EN065,12,R,3,0.844839721637993
sub-EN065,12,R,5,0.9051510494100651
sub-EN065,12,R,10,0.9289819619018872
sub-EN065,12,R,20,0.9560053907732601
sub-EN065,12,R,40,0.9721630743903846
sub-EN065,12,R,60,0.9826773558040063
sub-EN065,12,R,80,0.9912431009027061
sub-EN065,12,R,100,0.9959098945015746
sub-EN065,12,R,120,1.0
sub-EN065,13,L,1,0.8388696235161855
sub-EN065,13,L,2,0.8414226208015
sub-EN065,13,L,3,0.8580447413420685
sub-EN065,13,L,5,0.9076860737318332
sub-EN065,13,L,10,0.9272541672091453
sub-EN065,13,L,20,0.9524794434410034
sub-EN065,13,L,40,0.9678959332570441
sub-EN065,13,L,60,0.9805059998570917
sub-EN065,13,L,80,0.9901564142016186
sub-EN065,13,L,100,0.9952773923916721
sub-EN065,13,L,120,1.0
sub-EN065,13,R,1,0.8202241551523693
sub-EN065,13,R,2,0.8218695690467606
sub-EN065,13,R,3,0.8330085267813168
sub-EN065,13,R,5,0.895372395628484
sub-EN065,13,R,10,0.9198460450783794
sub-EN065,13,R,20,0.9490526193857068
sub-EN065,13,R,40,0.9677163275446036
sub-EN065,13,R,60,0.9798027168709773
sub-EN065,13,R,80,0.989717456246801
sub-EN065,13,R,100,0.9949846487560915
sub-EN065,13,R,120,1.0
sub-EN065,14,L,1,0.8398775277694074
sub-EN065,14,L,2,0.8412598607471684
sub-EN065,14,L,3,0.8566769323490389
sub-EN065,14,L,5,0.906710079187825
sub-EN065,14,L,10,0.9257137505090515
sub-EN065,14,L,20,0.9521523693607132
sub-EN065,14,L,40,0.9673411790475899
sub-EN065,14,L,60,0.9803330299103584
sub-EN065,14,L,80,0.9894441288831007
sub-EN065,14,L,100,0.995408136983366
sub-EN065,14,L,120,1.0
sub-EN065,14,R,1,0.8264654599170327
sub-EN065,14,R,2,0.8280354970735084
sub-EN065,14,R,3,0.8349406840117884
sub-EN065,14,R,5,0.8963377684093935
sub-EN065,14,R,10,0.9205056020863687
sub-EN065,14,R,20,0.9484943826742028
sub-EN065,14,R,40,0.9670784038316073
sub-EN065,14,R,60,0.9786284473138214
sub-EN065,14,R,80,0.9883731918623264
sub-EN065,14,R,100,0.9942136921675708
sub-EN065,14,R,120,1.0
sub-EN065,15,L,1,0.8482998663659377
sub-EN065,15,L,2,0.8514565661054837
sub-EN065,15,L,3,0.8661274591287116
sub-EN065,15,L,5,0.9136130829434866
sub-EN065,15,L,10,0.9325542516880241
sub-EN065,15,L,20,0.9566461810735098
sub-EN065,15,L,40,0.9707395352428717
sub-EN065,15,L,60,0.9825919939094344
sub-EN065,15,L,80,0.9910236351774817
sub-EN065,15,L,100,0.9960009808335163
sub-EN065,15,L,120,1.0
sub-EN065,15,R,1,0.8327113594643687
sub-EN065,15,R,2,0.8345875585346935
sub-EN065,15,R,3,0.8411560264983349
sub-EN065,15,R,5,0.9028641553679218
sub-EN065,15,R,10,0.9269548542406096
sub-EN065,15,R,20,0.9540310445090913
sub-EN065,15,R,40,0.9701765918184568
sub-EN065,15,R,60,0.9809060029826122
sub-EN065,15,R,80,0.9900195426721177
sub-EN065,15,R,100,0.9954706229080134
sub-EN065,15,R,120,1.0
sub-EN065,16,L,1,0.8473087499558942
sub-EN065,16,L,2,0.8497367328959289
sub-EN065,16,L,3,0.8659976355501512
sub-EN065,16,L,5,0.913161168351764
sub-EN065,16,L,10,0.9319216112902022
sub-EN065,16,L,20,0.9557544775011003
sub-EN065,16,L,40,0.9697594263707023
sub-EN065,16,L,60,0.9819407457397665
sub-EN065,16,L,80,0.9904964664779851
sub-EN065,16,L,100,0.9956691323587684
sub-EN065,16,L,120,1.0
sub-EN065,16,R,1,0.819492414035871
sub-EN065,16,R,2,0.8224154362716481
sub-EN065,16,R,3,0.8324765850344773
sub-EN065,16,R,5,0.8972295697718541
sub-EN065,16,R,10,0.9223979878676115
sub-EN065,16,R,20,0.951721517358531
sub-EN065,16,R,40,0.9699961166439558
sub-EN065,16,R,60,0.9812208517146402
sub-EN065,16,R,80,0.9902033641966441
sub-EN065,16,R,100,0.9955109026879825
sub-EN065,16,R,120,1.0
sub-EN065,8,L,1,0.8480659450030147
sub-EN065,8,L,2,0.8505462691663904
sub-EN065,8,L,3,0.8680822238801225
sub-EN065,8,L,5,0.9155423785865122
sub-EN065,8,L,10,0.9346098158626298
sub-EN065,8,L,20,0.9583595164225173
sub-EN065,8,L,40,0.9714273239210363
sub-EN065,8,L,60,0.9826999255960341
sub-EN065,8,L,80,0.991062064986451
sub-EN065,8,L,100,0.9955816190602876
sub-EN065,8,L,120,1.0
sub-EN065,8,R,1,0.8186211252246396
sub-EN065,8,R,2,0.8236296591373091
sub-EN065,8,R,3,0.8313885417242862
sub-EN065,8,R,5,0.8949726578199099
sub-EN065,8,R,10,0.921163794658582
sub-EN065,8,R,20,0.9504153794565078
sub-EN065,8,R,40,0.9700944785282457
sub-EN065,8,R,60,0.9809368901230733
sub-EN065,8,R,80,0.9899143035765048
sub-EN065,8,R,100,0.995209995878404
sub-EN065,8,R,120,1.0
sub-EN065,9,L,1,0.8502130794632151
sub-EN065,9,L,2,0.8517031311486823
sub-EN065,9,L,3,0.8675878505377626
sub-EN065,9,L,5,0.9132683796043604
sub-EN065,9,L,10,0.9317254751765074
sub-EN065,9,L,20,0.9555840167390282
sub-EN065,9,L,40,0.9702327493400748
sub-EN065,9,L,60,0.9823654266784516
sub-EN065,9,L,80,0.9908007722050703
sub-EN065,9,L,100,0.9954327735431353
sub-EN065,9,L,120,1.0
sub-EN065,9,R,1,0.8306758636078517
sub-EN065,9,R,2,0.8318708093995956
sub-EN065,9,R,3,0.8385614729673082
sub-EN065,9,R,5,0.8987515907785655
sub-EN065,9,R,10,0.923671885880116
sub-EN065,9,R,20,0.9512531246629898
sub-EN065,9,R,40,0.9697670330122725
sub-EN065,9,R,60,0.9807609543930487
sub-EN065,9,R,80,0.9902480780303232
sub-EN065,9,R,100,0.9951965614562763
sub-EN065,9,R,120,1.0
sub-EN067,10,L,1,0.7625744125318766
sub-EN067,10,L,2,0.7759087355789936
sub-EN067,10,L,3,0.8065158857990306
sub-EN067,10,L,5,0.8661371233133177
sub-EN067,10,L,10,0.8913806123326635
sub-EN067,10,L,20,0.9304546111427051
sub-EN067,10,L,40,0.9557618550933279
sub-EN067,10,L,60,0.972158522610672
sub-EN067,10,L,80,0.9842558643071105
sub-EN067,10,L,100,0.9924232895796258
sub-EN067,10,L,120,1.0
sub-EN067,10,R,1,0.7601669097899978
sub-EN067,10,R,2,0.7685441317476034
sub-EN067,10,R,3,0.7827296381878854
sub-EN067,10,R,5,0.8622903463586173
sub-EN067,10,R,10,0.893438045656263
sub-EN067,10,R,20,0.9330147788053871
sub-EN067,10,R,40,0.9583308987739454
sub-EN067,10,R,60,0.9738856461588385
sub-EN067,10,R,80,0.9859793662167178
sub-EN067,10,R,100,0.9931372779778178
sub-EN067,10,R,120,1.0
sub-EN067,11,L,1,0.8001839271384581
sub-EN067,11,L,2,0.8045904901497979
sub-EN067,11,L,3,0.8314661413208181
sub-EN067,11,L,5,0.884983127019735
sub-EN067,11,L,10,0.9049968338223265
sub-EN067,11,L,20,0.9344091285558203
sub-EN067,11,L,40,0.9563184011380635
sub-EN067,11,L,60,0.9726236567847902
sub-EN067,11,L,80,0.9844859296435865
sub-EN067,11,L,100,0.9929734109267864
sub-EN067,11,L,120,1.0
sub-EN067,11,R,1,0.7973929897541319
sub-EN067,11,R,2,0.8002859342968237
sub-EN067,11,R,3,0.8115715128904666
sub-EN067,11,R,5,0.8866297735256047
sub-EN067,11,R,10,0.9112090229219277
sub-EN067,11,R,20,0.9410966409142688
sub-EN067,11,R,40,0.9628982248893145
sub-EN067,11,R,60,0.9751650462156556
sub-EN067,11,R,80,0.9872809508604846
sub-EN067,11,R,100,0.9942780771016276
sub-EN067,11,R,120,1.0
sub-EN067,12,L,1,0.7977070199955977
sub-EN067,12,L,2,0.808217176981219
sub-EN067,12,L,3,0.8320313458659641
sub-EN067,12,L,5,0.8806628643912737
sub-EN067,12,L,10,0.9030642884066613
sub-EN067,12,L,20,0.9334704741346262
sub-EN067,12,L,40,0.9568553736042889
sub-EN067,12,L,60,0.9736205667399364
sub-EN067,12,L,80,0.9850124807136527
sub-EN067,12,L,100,0.9928446301800589
sub-EN067,12,L,120,1.0
sub-EN067,12,R,1,0.7895590804353335
sub-EN067,12,R,2,0.8003797427197432
sub-EN067,12,R,3,0.8113118865164058
sub-EN067,12,R,5,0.8793185760391061
sub-EN067,12,R,10,0.9056891736500732
sub-EN067,12,R,20,0.9379528526566465
sub-EN067,12,R,40,0.9610635751685124
sub-EN067,12,R,60,0.9756760391822931
sub-EN067,12,R,80,0.9872737785647322
sub-EN067,12,R,100,0.9939805957104602
sub-EN067,12,R,120,1.0
sub-EN067,13,L,1,0.7701379452222248
sub-EN067,13,L,2,0.7820483405892349
sub-EN067,13,L,3,0.8144791642128314
sub-EN067,13,L,5,0.8666649633222019
sub-EN067,13,L,10,0.8902328677397012
sub-EN067,13,L,20,0.9272450783774098
sub-EN067,13,L,40,0.9530399487367415
sub-EN067,13,L,60,0.9707751329490903
sub-EN067,13,L,80,0.9829696547819714
sub-EN067,13,L,100,0.99212818189979
sub-EN067,13,L,120,1.0
sub-EN067,13,R,1,0.764597775005521
sub-EN067,13,R,2,0.7727004256386382
sub-EN067,13,R,3,0.7913692387455876
sub-EN067,13,R,5,0.8615968142484877
sub-EN067,13,R,10,0.8901189748074267
sub-EN067,13,R,20,0.9292334786984426
sub-EN067,13,R,40,0.9541662634095406
sub-EN067,13,R,60,0.9710185455315654
sub-EN067,13,R,80,0.9839725910532804
sub-EN067,13,R,100,0.9919391838263657
sub-EN067,13,R,120,1.0
sub-EN067,14,L,1,0.7989407231766649
sub-EN067,14,L,2,0.804969217499197
sub-EN067,14,L,3,0.8309500242958077
sub-EN067,14,L,5,0.8830441275404248
sub-EN067,14,L,10,0.9039096249402162
sub-EN067,14,L,20,0.9355198232176059
sub-EN067,14,L,40,0.9577875706331678
sub-EN067,14,L,60,0.9737514307927657
sub-EN067,14,L,80,0.9851714747081035
sub-EN067,14,L,100,0.9930412080677488
sub-EN067,14,L,120,1.0
sub-EN067,14,R,1,0.7824070145404725
sub-EN067,14,R,2,0.787828658846106
sub-EN067,14,R,3,0.8021301614353733
sub-EN067,14,R,5,0.8746895488001977
sub-EN067,14,R,10,0.9015060085917956
sub-EN067,14,R,20,0.9351875527617259
sub-EN067,14,R,40,0.9596753318457101
sub-EN067,14,R,60,0.9742911701154816
sub-EN067,14,R,80,0.986454967564925
sub-EN067,14,R,100,0.9935724737020901
sub-EN067,14,R,120,1.0
sub-EN067,15,L,1,0.8033734541571176
sub-EN067,15,L,2,0.8069401902622898
sub-EN067,15,L,3,0.8323487241032458
sub-EN067,15,L,5,0.8810087019975802
sub-EN067,15,L,10,0.9021265757900693
sub-EN067,15,L,20,0.9333505863086538
sub-EN067,15,L,40,0.9558699998701636
sub-EN067,15,L,60,0.9729042682106172
sub-EN067,15,L,80,0.9846491397346403
sub-EN067,15,L,100,0.9924392670882534
sub-EN067,15,L,120,1.0
sub-EN067,15,R,1,0.7963582606582308
sub-EN067,15,R,2,0.799745481358798
sub-EN067,15,R,3,0.8117595932209444
sub-EN067,15,R,5,0.8793225854244529
sub-EN067,15,R,10,0.9049957406610363
sub-EN067,15,R,20,0.9367134311074189
sub-EN067,15,R,40,0.9603470051721367
sub-EN067,15,R,60,0.9747271595651421
sub-EN067,15,R,80,0.9865316949101401
sub-EN067,15,R,100,0.9936862065898564
sub-EN067,15,R,120,1.0
sub-EN067,7,L,1,0.8204962196383528
sub-EN067,7,L,2,0.8234868874265997
sub-EN067,7,L,3,0.8468471770873659
sub-EN067,7,L,5,0.8959845359306601
sub-EN067,7,L,10,0.9152477353931934
sub-EN067,7,L,20,0.9431338684725298
sub-EN067,7,L,40,0.96175747657338
sub-EN067,7,L,60,0.9766618444296935
sub-EN067,7,L,80,0.9871708327039493
sub-EN067,7,L,100,0.9938959742678581
sub-EN067,7,L,120,1.0
sub-EN067,7,R,1,0.793810970056223
sub-EN067,7,R,2,0.802180772334101
sub-EN067,7,R,3,0.8132157065347142
sub-EN067,7,R,5,0.8865078061416438
sub-EN067,7,R,10,0.9121847005084556
sub-EN067,7,R,20,0.943011066719961
sub-EN067,7,R,40,0.9637237231215751
sub-EN067,7,R,60,0.9765637084591394
sub-EN067,7,R,80,0.9882047917095764
sub-EN067,7,R,100,0.9948121534689947
sub-EN067,7,R,120,1.0
sub-EN067,8,L,1,0.8107247409096524
sub-EN067,8,L,2,0.8154007680816798
sub-EN067,8,L,3,0.8402310665055622
sub-EN067,8,L,5,0.8894523826075466
sub-EN067,8,L,10,0.9098087403404471
sub-EN067,8,L,20,0.9389536782972379
sub-EN067,8,L,40,0.9593078941810624
sub-EN067,8,L,60,0.9749768304271824
sub-EN067,8,L,80,0.9858077981231382
sub-EN067,8,L,100,0.9934942740966219
sub-EN067,8,L,120,1.0
sub-EN067,8,R,1,0.7939416436124715
sub-EN067,8,R,2,0.7996244491003054
sub-EN067,8,R,3,0.8120992687122356
sub-EN067,8,R,5,0.8823002264605849
sub-EN067,8,R,10,0.9082638279131483
sub-EN067,8,R,20,0.9390560527159153
sub-EN067,8,R,40,0.9618329811434998
sub-EN067,8,R,60,0.9756020121466488
sub-EN067,8,R,80,0.9875081589353298
sub-EN067,8,R,100,0.9942834636585777
sub-EN067,8,R,120,1.0
sub-EN067,9,L,1,0.7913391491583763
sub-EN067,9,L,2,0.7987383777221561
sub-EN067,9,L,3,0.8273733805055359
sub-EN067,9,L,5,0.8818149534950549
sub-EN067,9,L,10,0.9036273888954399
sub-EN067,9,L,20,0.9350241080010696
sub-EN067,9,L,40,0.9562360141329215
sub-EN067,9,L,60,0.9730387206387355
sub-EN067,9,L,80,0.9844160654086365
sub-EN067,9,L,100,0.9924611529700629
sub-EN067,9,L,120,1.0
sub-EN067,9,R,1,0.7806854147815789
sub-EN067,9,R,2,0.7861281122155737
sub-EN067,9,R,3,0.8003757407142632
sub-EN067,9,R,5,0.8751139293700497
sub-EN067,9,R,10,0.9012164534604502
sub-EN067,9,R,20,0.9341042152535567
sub-EN067,9,R,40,0.9581109845437089
sub-EN067,9,R,60,0.973256077225348
sub-EN067,9,R,80,0.9853048312995714
sub-EN067,9,R,100,0.9931162047203718
sub-EN067,9,R,120,1.0
sub-EN068,10,L,1,0.814341754220303
sub-EN068,10,L,2,0.8194280408273286
sub-EN068,10,L,3,0.8345533357342931
sub-EN068,10,L,5,0.8823790774738607
sub-EN068,10,L,10,0.9056820709007922
sub-EN068,10,L,20,0.9374203346630894
sub-EN068,10,L,40,0.95947135717938
sub-EN068,10,L,60,0.9742591296778305
sub-EN068,10,L,80,0.985818865570242
sub-EN068,10,L,100,0.9936107097706394
sub-EN068,10,L,120,1.0
sub-EN068,10,R,1,0.7832445800369559
sub-EN068,10,R,2,0.7862486501986902
sub-EN068,10,R,3,0.7964600996162496
sub-EN068,10,R,5,0.8561598134437018
sub-EN068,10,R,10,0.8878317756520692
sub-EN068,10,R,20,0.9280642022200004
sub-EN068,10,R,40,0.9531949177669341
sub-EN068,10,R,60,0.9685847862402616
sub-EN068,10,R,80,0.9817737678781403
sub-EN068,10,R,100,0.9924204056552914
sub-EN068,10,R,120,1.0
sub-EN068,11,L,1,0.8083467443584366
sub-EN068,11,L,2,0.8121907917871177
sub-EN068,11,L,3,0.8283558582963425
sub-EN068,11,L,5,0.8781430337860556
sub-EN068,11,L,10,0.9019205973490504
sub-EN068,11,L,20,0.9345064912359251
sub-EN068,11,L,40,0.9573970070467022
sub-EN068,11,L,60,0.9732576602035582
sub-EN068,11,L,80,0.9852277998943093
sub-EN068,11,L,100,0.9932518339615986
sub-EN068,11,L,120,1.0
sub-EN068,11,R,1,0.7723822794700087
sub-EN068,11,R,2,0.7788271741254716
sub-EN068,11,R,3,0.789585249340057
sub-EN068,11,R,5,0.8537982704200442
sub-EN068,11,R,10,0.8858924301776626
sub-EN068,11,R,20,0.926191480304245
sub-EN068,11,R,40,0.9543874254518002
sub-EN068,11,R,60,0.9703180143817601
sub-EN068,11,R,80,0.9833927764857932
sub-EN068,11,R,100,0.9927126791859646
sub-EN068,11,R,120,1.0
sub-EN068,12,L,1,0.8220751640459368
sub-EN068,12,L,2,0.8270089447907343
sub-EN068,12,L,3,0.8429427961353578
sub-EN068,12,L,5,0.8931576243935353
sub-EN068,12,L,10,0.9129652115891022
sub-EN068,12,L,20,0.9446034548652765
sub-EN068,12,L,40,0.9639573235283659
sub-EN068,12,L,60,0.9778835468011907
sub-EN068,12,L,80,0.98785542122439
sub-EN068,12,L,100,0.9945537221999478
sub-EN068,12,L,120,1.0
sub-EN068,12,R,1,0.8015753131994457
sub-EN068,12,R,2,0.806583904162597
sub-EN068,12,R,3,0.8151255187355527
sub-EN068,12,R,5,0.8791168278065435
sub-EN068,12,R,10,0.9057354239197768
sub-EN068,12,R,20,0.9410973392759253
sub-EN068,12,R,40,0.9625058842299596
sub-EN068,12,R,60,0.9755223106148672
sub-EN068,12,R,80,0.98688360451836
sub-EN068,12,R,100,0.993655286620341
sub-EN068,12,R,120,1.0
sub-EN068,13,L,1,0.7901912594394207
sub-EN068,13,L,2,0.7958117155072345
sub-EN068,13,L,3,0.8208406131226069
sub-EN068,13,L,5,0.8716227478575984
sub-EN068,13,L,10,0.8957510218647283
sub-EN068,13,L,20,0.9296726171476101
sub-EN068,13,L,40,0.953864304798742
sub-EN068,13,L,60,0.9719506417315963
sub-EN068,13,L,80,0.9839543956697686
sub-EN068,13,L,100,0.9929385180631749
sub-EN068,13,L,120,1.0
sub-EN068,13,R,1,0.75053530884717
sub-EN068,13,R,2,0.7587867839781038
sub-EN068,13,R,3,0.7774965142505156
sub-EN068,13,R,5,0.8549448627902576
sub-EN068,13,R,10,0.8876150107009891
sub-EN068,13,R,20,0.9263686341270049
sub-EN068,13,R,40,0.95263299748217
sub-EN068,13,R,60,0.9689605988469362
sub-EN068,13,R,80,0.9841091365815602
sub-EN068,13,R,100,0.992133149408341
sub-EN068,13,R,120,1.0
sub-EN068,14,L,1,0.8038946449804583
sub-EN068,14,L,2,0.8112261862961931
sub-EN068,14,L,3,0.829593457803679
sub-EN068,14,L,5,0.8815941747338174
sub-EN068,14,L,10,0.9053855169094992
sub-EN068,14,L,20,0.9382936883140612
sub-EN068,14,L,40,0.9601012131146517
sub-EN068,14,L,60,0.9752893858749032
sub-EN068,14,L,80,0.9862554744088045
sub-EN068,14,L,100,0.9937027554795341
sub-EN068,14,L,120,1.0
sub-EN068,14,R,1,0.756041424088486
sub-EN068,14,R,2,0.7669321638013521
sub-EN068,14,R,3,0.7850014135379458
sub-EN068,14,R,5,0.8596045061750756
sub-EN068,14,R,10,0.8924642027665882
sub-EN068,14,R,20,0.9317112219665911
sub-EN068,14,R,40,0.957831655548599
sub-EN068,14,R,60,0.973198563082552
sub-EN068,14,R,80,0.9856534145614746
sub-EN068,14,R,100,0.9938629976888408
sub-EN068,14,R,120,1.0
sub-EN068,15,L,1,0.8153546664159643
sub-EN068,15,L,2,0.8225352381477308
sub-EN068,15,L,3,0.8385228727682484
sub-EN068,15,L,5,0.8913752246010713
sub-EN068,15,L,10,0.9124402992818741
sub-EN068,15,L,20,0.942769619926557
sub-EN068,15,L,40,0.9630059219270646
sub-EN068,15,L,60,0.9777786093278149
sub-EN068,15,L,80,0.9875378822100834
sub-EN068,15,L,100,0.9943898719960101
sub-EN068,15,L,120,1.0
sub-EN068,15,R,1,0.7489842608298838
sub-EN068,15,R,2,0.7614081387610008
sub-EN068,15,R,3,0.7794622020392982
sub-EN068,15,R,5,0.8645420296553356
sub-EN068,15,R,10,0.8959681951116134
sub-EN068,15,R,20,0.9345990094288908
sub-EN068,15,R,40,0.9607475020887527
sub-EN068,15,R,60,0.9748474709684013
sub-EN068,15,R,80,0.9863372637963448
sub-EN068,15,R,100,0.9935840285348853
sub-EN068,15,R,120,1.0
sub-EN068,16,L,1,0.8012128512612285
sub-EN068,16,L,2,0.8062647348674025
sub-EN068,16,L,3,0.82586613864498
sub-EN068,16,L,5,0.8771572290391736
sub-EN068,16,L,10,0.9014271986019431
sub-EN068,16,L,20,0.9345312191920304
sub-EN068,16,L,40,0.9575087940747176
sub-EN068,16,L,60,0.9739576550221877
sub-EN068,16,L,80,0.9856053378993145
sub-EN068,16,L,100,0.9934678016341356
sub-EN068,16,L,120,1.0
sub-EN068,16,R,1,0.7614881288076149
sub-EN068,16,R,2,0.7717264211852775
sub-EN068,16,R,3,0.7850418488264737
sub-EN068,16,R,5,0.8607940857909407
sub-EN068,16,R,10,0.89200973368942
sub-EN068,16,R,20,0.9299403365232481
sub-EN068,16,R,40,0.9566299515127153
sub-EN068,16,R,60,0.9728266480192344
sub-EN068,16,R,80,0.9853950203156306
sub-EN068,16,R,100,0.9930672480152334
sub-EN068,16,R,120,1.0
sub-EN068,8,L,1,0.8306698332722559
sub-EN068,8,L,2,0.8331308998356984
sub-EN068,8,L,3,0.8509483956722171
sub-EN068,8,L,5,0.897862906784324
sub-EN068,8,L,10,0.918685076099791
sub-EN068,8,L,20,0.9467326142158885
sub-EN068,8,L,40,0.9648003381215768
sub-EN068,8,L,60,0.978136488391568
sub-EN068,8,L,80,0.9880620763506047
sub-EN068,8,L,100,0.9946474297679626
sub-EN068,8,L,120,1.0
sub-EN068,8,R,1,0.8151232393031019
sub-EN068,8,R,2,0.8166356265037279
sub-EN068,8,R,3,0.8265398030072932
sub-EN068,8,R,5,0.888097765222155
sub-EN068,8,R,10,0.9110314127565136
sub-EN068,8,R,20,0.9421017283363721
sub-EN068,8,R,40,0.9633594985485266
sub-EN068,8,R,60,0.9764539039333509
sub-EN068,8,R,80,0.9873398168213985
sub-EN068,8,R,100,0.9937115559780044
sub-EN068,8,R,120,1.0
sub-EN068,9,L,1,0.8280658812376941
sub-EN068,9,L,2,0.8319136381636218
sub-EN068,9,L,3,0.8484202865931706
sub-EN068,9,L,5,0.8969256751450958
sub-EN068,9,L,10,0.9174096209523706
sub-EN068,9,L,20,0.9453345712869596
sub-EN068,9,L,40,0.9634734571989365
sub-EN068,9,L,60,0.9778575963459774
sub-EN068,9,L,80,0.9878887235317146
sub-EN068,9,L,100,0.9942573103304494
sub-EN068,9,L,120,1.0
sub-EN068,9,R,1,0.8155753697550073
sub-EN068,9,R,2,0.8178396614614961
sub-EN068,9,R,3,0.8254858242602742
sub-EN068,9,R,5,0.8880495891019862
sub-EN068,9,R,10,0.9120464762546436
sub-EN068,9,R,20,0.9438016092225137
sub-EN068,9,R,40,0.9637578688944969
sub-EN068,9,R,60,0.9769773310789118
sub-EN068,9,R,80,0.9879319385524455
sub-EN068,9,R,100,0.9941593188971977
sub-EN068,9,R,120,1.0
sub-EN069,10,L,1,0.8275825496045441
sub-EN069,10,L,2,0.8308929330108917
sub-EN069,10,L,3,0.8499767735093537
sub-EN069,10,L,5,0.8997740255522712
sub-EN069,10,L,10,0.917927916670778
sub-EN069,10,L,20,0.9456827224604863
sub-EN069,10,L,40,0.9634934405760633
sub-EN069,10,L,60,0.9778150574660467
sub-EN069,10,L,80,0.9885151550278981
sub-EN069,10,L,100,0.9947404349203276
sub-EN069,10,L,120,1.0
sub-EN069,10,R,1,0.8075299417323571
sub-EN069,10,R,2,0.8121452072758019
sub-EN069,10,R,3,0.820319437410725
sub-EN069,10,R,5,0.886590634570706
sub-EN069,10,R,10,0.9106100793136216
sub-EN069,10,R,20,0.9423061321553926
sub-EN069,10,R,40,0.9620631447341236
sub-EN069,10,R,60,0.9759644946959384
sub-EN069,10,R,80,0.98684816852971
sub-EN069,10,R,100,0.9939692895061273
sub-EN069,10,R,120,1.0
sub-EN069,11,L,1,0.8073272655029722
sub-EN069,11,L,2,0.8108438437005874
sub-EN069,11,L,3,0.8382505160977802
sub-EN069,11,L,5,0.8864352219626944
sub-EN069,11,L,10,0.9072697787313556
sub-EN069,11,L,20,0.9385008865515785
sub-EN069,11,L,40,0.9588809614118124
sub-EN069,11,L,60,0.9741766696455544
sub-EN069,11,L,80,0.9860995660143037
sub-EN069,11,L,100,0.9944687822720525
sub-EN069,11,L,120,1.0
sub-EN069,11,R,1,0.7856423449164485
sub-EN069,11,R,2,0.7903534474285004
sub-EN069,11,R,3,0.8040842991111069
sub-EN069,11,R,5,0.8735539958661137
sub-EN069,11,R,10,0.8995489909686503
sub-EN069,11,R,20,0.9338446669314133
sub-EN069,11,R,40,0.9572860499203762
sub-EN069,11,R,60,0.9719614443904572
sub-EN069,11,R,80,0.9851389780088656
sub-EN069,11,R,100,0.9931373322965086
sub-EN069,11,R,120,1.0
sub-EN069,12,L,1,0.8159880504484268
sub-EN069,12,L,2,0.8201813342732792
sub-EN069,12,L,3,0.8413939052338278
sub-EN069,12,L,5,0.8940755264869346
sub-EN069,12,L,10,0.9130650458358792
sub-EN069,12,L,20,0.9424135173727449
sub-EN069,12,L,40,0.9611740197281216
sub-EN069,12,L,60,0.9769377650934261
sub-EN069,12,L,80,0.9885837534012026
sub-EN069,12,L,100,0.9945184502073505
sub-EN069,12,L,120,1.0
sub-EN069,12,R,1,0.7866417515639876
sub-EN069,12,R,2,0.7906821179422342
sub-EN069,12,R,3,0.8001469631978267
sub-EN069,12,R,5,0.8688750128062852
sub-EN069,12,R,10,0.8967546569864111
sub-EN069,12,R,20,0.9337900676271281
sub-EN069,12,R,40,0.9583239598617989
sub-EN069,12,R,60,0.973014555137027
sub-EN069,12,R,80,0.9856738659295282
sub-EN069,12,R,100,0.993515301236567
sub-EN069,12,R,120,1.0
sub-EN069,13,L,1,0.8400189922869026
sub-EN069,13,L,2,0.8428865576348192
sub-EN069,13,L,3,0.859076877209052
sub-EN069,13,L,5,0.9081952027118709
sub-EN069,13,L,10,0.9263112951438086
sub-EN069,13,L,20,0.952259935905213
sub-EN069,13,L,40,0.9683871142214273
sub-EN069,13,L,60,0.981670669205909
sub-EN069,13,L,80,0.9906320130373123
sub-EN069,13,L,100,0.9955877149333767
sub-EN069,13,L,120,1.0
sub-EN069,13,R,1,0.8182966168723683
sub-EN069,13,R,2,0.8211464451394321
sub-EN069,13,R,3,0.8299508671933105
sub-EN069,13,R,5,0.8935333073910225
sub-EN069,13,R,10,0.917729782053588
sub-EN069,13,R,20,0.9478639392317018
sub-EN069,13,R,40,0.9669507006295289
sub-EN069,13,R,60,0.9797123066035259
sub-EN069,13,R,80,0.9892902493967379
sub-EN069,13,R,100,0.9951901976087888
sub-EN069,13,R,120,1.0
sub-EN069,14,L,1,0.8172932601092388
sub-EN069,14,L,2,0.8238265437455747
sub-EN069,14,L,3,0.8453283963607182
sub-EN069,14,L,5,0.8951980021360503
sub-EN069,14,L,10,0.9157375350526102
sub-EN069,14,L,20,0.9456344602467741
sub-EN069,14,L,40,0.964200763877754
sub-EN069,14,L,60,0.978489388711271
sub-EN069,14,L,80,0.988840962154703
sub-EN069,14,L,100,0.9947466908109938
sub-EN069,14,L,120,1.0
sub-EN069,14,R,1,0.7955635062083424
sub-EN069,14,R,2,0.8066491825691183
sub-EN069,14,R,3,0.8165814651791617
sub-EN069,14,R,5,0.883179101130053
sub-EN069,14,R,10,0.909003598629411
sub-EN069,14,R,20,0.9415379941590126
sub-EN069,14,R,40,0.9617310490278164
sub-EN069,14,R,60,0.9757667422791342
sub-EN069,14,R,80,0.987679511004818
sub-EN069,14,R,100,0.9944332947034614
sub-EN069,14,R,120,1.0
sub-EN069,15,L,1,0.7920283038219114
sub-EN069,15,L,2,0.8015531111551963
sub-EN069,15,L,3,0.8210718983230126
sub-EN069,15,L,5,0.8777299145171267
sub-EN069,15,L,10,0.9015376835463179
sub-EN069,15,L,20,0.9354710455634835
sub-EN069,15,L,40,0.957782115868699
sub-EN069,15,L,60,0.9734012019264124
sub-EN069,15,L,80,0.9850104182316302
sub-EN069,15,L,100,0.9926280696242119
sub-EN069,15,L,120,1.0
sub-EN069,15,R,1,0.7628900699126003
sub-EN069,15,R,2,0.77489972130177
sub-EN069,15,R,3,0.7863797030901232
sub-EN069,15,R,5,0.8573733495825825
sub-EN069,15,R,10,0.8894857365531434
sub-EN069,15,R,20,0.9273354650659689
sub-EN069,15,R,40,0.9536510560403024
sub-EN069,15,R,60,0.9690594671946602
sub-EN069,15,R,80,0.9821046140915854
sub-EN069,15,R,100,0.9920430067955355
sub-EN069,15,R,120,1.0
sub-EN069,16,L,1,0.8216634000665097
sub-EN069,16,L,2,0.8267376006689812
sub-EN069,16,L,3,0.8489200541447972
sub-EN069,16,L,5,0.8982546024889644
sub-EN069,16,L,10,0.9171413373145233
sub-EN069,16,L,20,0.9465719395836204
sub-EN069,16,L,40,0.9640708006045404
sub-EN069,16,L,60,0.9780562777457715
sub-EN069,16,L,80,0.9883854494356579
sub-EN069,16,L,100,0.9946910201086988
sub-EN069,16,L,120,1.0
sub-EN069,16,R,1,0.8005200273746707
sub-EN069,16,R,2,0.8043793575998863
sub-EN069,16,R,3,0.8142618791733033
sub-EN069,16,R,5,0.8833996437599876
sub-EN069,16,R,10,0.9077169271256776
sub-EN069,16,R,20,0.9407875335342855
sub-EN069,16,R,40,0.9622072502076474
sub-EN069,16,R,60,0.9756277325644832
sub-EN069,16,R,80,0.9865265787891877
sub-EN069,16,R,100,0.9935014057312942
sub-EN069,16,R,120,1.0
sub-EN069,17,L,1,0.8103914243994967
sub-EN069,17,L,2,0.8153081074986991
sub-EN069,17,L,3,0.8376336712826107
sub-EN069,17,L,5,0.8885654688176683
sub-EN069,17,L,10,0.9087750140606218
sub-EN069,17,L,20,0.9395381048297958
sub-EN069,17,L,40,0.960693891971889
sub-EN069,17,L,60,0.9762257934261162
sub-EN069,17,L,80,0.9873352727878543
sub-EN069,17,L,100,0.9942094587142247
sub-EN069,17,L,120,1.0
sub-EN069,17,R,1,0.7919087399607453
sub-EN069,17,R,2,0.798268624884509
sub-EN069,17,R,3,0.8078932245256644
sub-EN069,17,R,5,0.8760280826145151
sub-EN069,17,R,10,0.9029197018229703
sub-EN069,17,R,20,0.9384471779096086
sub-EN069,17,R,40,0.9599081543172514
sub-EN069,17,R,60,0.9749364672099928
sub-EN069,17,R,80,0.9867079612399833
sub-EN069,17,R,100,0.9936940749735926
sub-EN069,17,R,120,1.0
sub-EN069,9,L,1,0.8335296555273968
sub-EN069,9,L,2,0.8365071387237621
sub-EN069,9,L,3,0.8534644133134507
sub-EN069,9,L,5,0.9037195381266564
sub-EN069,9,L,10,0.9232890783194688
sub-EN069,9,L,20,0.9506376126820066
sub-EN069,9,L,40,0.9662810425552038
sub-EN069,9,L,60,0.9806188949566507
sub-EN069,9,L,80,0.9902562157722561
sub-EN069,9,L,100,0.9953661206975642
sub-EN069,9,L,120,1.0
sub-EN069,9,R,1,0.8099560765938101
sub-EN069,9,R,2,0.8147865348506581
sub-EN069,9,R,3,0.824486599856474
sub-EN069,9,R,5,0.8891808659588994
sub-EN069,9,R,10,0.9138293047616193
sub-EN069,9,R,20,0.9455131395897896
sub-EN069,9,R,40,0.964232932388501
sub-EN069,9,R,60,0.9780977065163621
sub-EN069,9,R,80,0.9883583656836178
sub-EN069,9,R,100,0.9944453114222939
sub-EN069,9,R,120,1.0
sub-EN070,10,L,1,0.8351475907930562
sub-EN070,10,L,2,0.8390785867655814
sub-EN070,10,L,3,0.8572170049275922
sub-EN070,10,L,5,0.9041760826428508
sub-EN070,10,L,10,0.9230604085359919
sub-EN070,10,L,20,0.9504840458585326
sub-EN070,10,L,40,0.966624085016918
sub-EN070,10,L,60,0.9795907294205187
sub-EN070,10,L,80,0.9887550473975655
sub-EN070,10,L,100,0.9945484362428296
sub-EN070,10,L,120,1.0
sub-EN070,10,R,1,0.8203723564204521
sub-EN070,10,R,2,0.823897857838716
sub-EN070,10,R,3,0.8318992760574918
sub-EN070,10,R,5,0.894828014381347
sub-EN070,10,R,10,0.9188442170155803
sub-EN070,10,R,20,0.9491095471360065
sub-EN070,10,R,40,0.9665500798626939
sub-EN070,10,R,60,0.9784176785531726
sub-EN070,10,R,80,0.9883862130228459
sub-EN070,10,R,100,0.9945249388160176
sub-EN070,10,R,120,1.0
sub-EN070,11,L,1,0.8279114657570144
sub-EN070,11,L,2,0.831943152942638
sub-EN070,11,L,3,0.85210226275486
sub-EN070,11,L,5,0.9029680763284641
sub-EN070,11,L,10,0.9212610609943054
sub-EN070,11,L,20,0.9494633411157297
sub-EN070,11,L,40,0.9670078394186711
sub-EN070,11,L,60,0.9800548749052138
sub-EN070,11,L,80,0.9894616254757798
sub-EN070,11,L,100,0.9951988468049278
sub-EN070,11,L,120,1.0
sub-EN070,11,R,1,0.8128285631394131
sub-EN070,11,R,2,0.8167371726520121
sub-EN070,11,R,3,0.8265099084664409
sub-EN070,11,R,5,0.8931449360425859
sub-EN070,11,R,10,0.917061931383885
sub-EN070,11,R,20,0.9485445788892588
sub-EN070,11,R,40,0.9663805014602004
sub-EN070,11,R,60,0.9784219651040327
sub-EN070,11,R,80,0.988751255821939
sub-EN070,11,R,100,0.9947829181326358
sub-EN070,11,R,120,1.0
sub-EN070,12,L,1,0.8008592628922242
sub-EN070,12,L,2,0.8075306602095548
sub-EN070,12,L,3,0.8294087056887512
sub-EN070,12,L,5,0.8806092109895485
sub-EN070,12,L,10,0.9043131151267453
sub-EN070,12,L,20,0.9375179283026721
sub-EN070,12,L,40,0.9590711076242737
sub-EN070,12,L,60,0.9745101140350177
sub-EN070,12,L,80,0.9856027075648987
sub-EN070,12,L,100,0.9932857778494568
sub-EN070,12,L,120,1.0
sub-EN070,12,R,1,0.7887265701254049
sub-EN070,12,R,2,0.794884937571499
sub-EN070,12,R,3,0.805597036000103
sub-EN070,12,R,5,0.8739126627713872
sub-EN070,12,R,10,0.9007526904285564
sub-EN070,12,R,20,0.9368865017023897
sub-EN070,12,R,40,0.9581068374225837
sub-EN070,12,R,60,0.9734214989681286
sub-EN070,12,R,80,0.9855099899927371
sub-EN070,12,R,100,0.9932410670204198
sub-EN070,12,R,120,1.0
sub-EN070,13,L,1,0.815242884310041
sub-EN070,13,L,2,0.8222147844047715
sub-EN070,13,L,3,0.8433848764198428
sub-EN070,13,L,5,0.8946271451870815
sub-EN070,13,L,10,0.916058168254353
sub-EN070,13,L,20,0.9450511362369709
sub-EN070,13,L,40,0.9639476529604755
sub-EN070,13,L,60,0.9777971931419596
sub-EN070,13,L,80,0.9880596389833223
sub-EN070,13,L,100,0.9945707558802682
sub-EN070,13,L,120,1.0
sub-EN070,13,R,1,0.802820086822579
sub-EN070,13,R,2,0.8085342687680848
sub-EN070,13,R,3,0.8185641620894858
sub-EN070,13,R,5,0.8869036733627363
sub-EN070,13,R,10,0.9120240834870754
sub-EN070,13,R,20,0.9436996038612546
sub-EN070,13,R,40,0.9637417210416854
sub-EN070,13,R,60,0.9767915395165016
sub-EN070,13,R,80,0.9876553332233345
sub-EN070,13,R,100,0.9946010262072649
sub-EN070,13,R,120,1.0
sub-EN070,14,L,1,0.829872398080427
sub-EN070,14,L,2,0.8343845100568109
sub-EN070,14,L,3,0.8523569399099113
sub-EN070,14,L,5,0.9034345001175761
sub-EN070,14,L,10,0.9219969645578632
sub-EN070,14,L,20,0.9482757364971341
sub-EN070,14,L,40,0.9654729731116514
sub-EN070,14,L,60,0.9787767402394649
sub-EN070,14,L,80,0.9883152363708946
sub-EN070,14,L,100,0.9943088519243094
sub-EN070,14,L,120,1.0
sub-EN070,14,R,1,0.8154528909983121
sub-EN070,14,R,2,0.81997691133177
sub-EN070,14,R,3,0.8277194126295112
sub-EN070,14,R,5,0.8953080954088527
sub-EN070,14,R,10,0.9187970562295154
sub-EN070,14,R,20,0.9484540619890934
sub-EN070,14,R,40,0.9658874576120337
sub-EN070,14,R,60,0.9782519045323311
sub-EN070,14,R,80,0.9884755083626967
sub-EN070,14,R,100,0.9946870982734883
sub-EN070,14,R,120,1.0
sub-EN070,15,L,1,0.8100394185233212
sub-EN070,15,L,2,0.8151039036413469
sub-EN070,15,L,3,0.8392540857479637
sub-EN070,15,L,5,0.8895660380748152
sub-EN070,15,L,10,0.9083556188883821
sub-EN070,15,L,20,0.937704192807349
sub-EN070,15,L,40,0.9594030667925527
sub-EN070,15,L,60,0.9755546155583154
sub-EN070,15,L,80,0.9860709511649773
sub-EN070,15,L,100,0.9932321617979013
sub-EN070,15,L,120,1.0
sub-EN070,15,R,1,0.7946135941775956
sub-EN070,15,R,2,0.8005435621680654
sub-EN070,15,R,3,0.8116371772030566
sub-EN070,15,R,5,0.880572192685917
sub-EN070,15,R,10,0.904495107707274
sub-EN070,15,R,20,0.936903550064941
sub-EN070,15,R,40,0.9591201965183545
sub-EN070,15,R,60,0.9748979922528489
sub-EN070,15,R,80,0.9861251115414055
sub-EN070,15,R,100,0.9936502588426898
sub-EN070,15,R,120,1.0
sub-EN070,7,L,1,0.8229634722507693
sub-EN070,7,L,2,0.8264770027044848
sub-EN070,7,L,3,0.847033813815305
sub-EN070,7,L,5,0.8956712665000212
sub-EN070,7,L,10,0.9185727463215878
sub-EN070,7,L,20,0.9455664989609696
sub-EN070,7,L,40,0.9641914332413841
sub-EN070,7,L,60,0.9783047905334571
sub-EN070,7,L,80,0.9882284464422046
sub-EN070,7,L,100,0.9947198430442841
sub-EN070,7,L,120,1.0
sub-EN070,7,R,1,0.8058243590493226
sub-EN070,7,R,2,0.809748717000637
sub-EN070,7,R,3,0.8197050030955135
sub-EN070,7,R,5,0.8868180964971317
sub-EN070,7,R,10,0.9114265280532494
sub-EN070,7,R,20,0.9432303162045883
sub-EN070,7,R,40,0.9628104263471997
sub-EN070,7,R,60,0.9753495426818338
sub-EN070,7,R,80,0.9864584247604857
sub-EN070,7,R,100,0.9938528297284833
sub-EN070,7,R,120,1.0
sub-EN070,8,L,1,0.8321534838285317
sub-EN070,8,L,2,0.8354222031816506
sub-EN070,8,L,3,0.854379444364013
sub-EN070,8,L,5,0.9037062673449165
sub-EN070,8,L,10,0.9228071752897751
sub-EN070,8,L,20,0.9492865196041641
sub-EN070,8,L,40,0.9666614395419212
sub-EN070,8,L,60,0.9799488737947147
sub-EN070,8,L,80,0.9892512330869795
sub-EN070,8,L,100,0.9950947816124887
sub-EN070,8,L,120,1.0
sub-EN070,8,R,1,0.8145836046371978
sub-EN070,8,R,2,0.8181571380258057
sub-EN070,8,R,3,0.8268751703457429
sub-EN070,8,R,5,0.894325612107185
sub-EN070,8,R,10,0.9171591058415988
sub-EN070,8,R,20,0.9479912964355962
sub-EN070,8,R,40,0.9659037066808008
sub-EN070,8,R,60,0.9777798364770128
sub-EN070,8,R,80,0.988130730560726
sub-EN070,8,R,100,0.994435796175698
sub-EN070,8,R,120,1.0
sub-EN070,9,L,1,0.8270104888226367
sub-EN070,9,L,2,0.8306298752120629
sub-EN070,9,L,3,0.8504632978895922
sub-EN070,9,L,5,0.898889081836622
sub-EN070,9,L,10,0.9174694815562533
sub-EN070,9,L,20,0.9456025234940856
sub-EN070,9,L,40,0.9638036164134083
sub-EN070,9,L,60,0.9774493808577162
sub-EN070,9,L,80,0.9871450840652971
sub-EN070,9,L,100,0.9940248212625663
sub-EN070,9,L,120,1.0
sub-EN070,9,R,1,0.802801955530153
sub-EN070,9,R,2,0.8080958117295
sub-EN070,9,R,3,0.8178390324691908
sub-EN070,9,R,5,0.8854938277453677
sub-EN070,9,R,10,0.9095781429627925
sub-EN070,9,R,20,0.9420585993621852
sub-EN070,9,R,40,0.9625585415754041
sub-EN070,9,R,60,0.9757201547031775
sub-EN070,9,R,80,0.9869207529655664
sub-EN070,9,R,100,0.994046944011061
sub-EN070,9,R,120,1.0
sub-EN072,14,L,1,0.8273082005443335
sub-EN072,14,L,2,0.8292704777617315
sub-EN072,14,L,3,0.8484464097169173
sub-EN072,14,L,5,0.895519837788291
sub-EN072,14,L,10,0.9173818806214218
sub-EN072,14,L,20,0.9437048013738585
sub-EN072,14,L,40,0.9643130711175895
sub-EN072,14,L,60,0.9788776764292253
sub-EN072,14,L,80,0.9889585203131498
sub-EN072,14,L,100,0.9945217421281599
sub-EN072,14,L,120,1.0
sub-EN072,14,R,1,0.8114518168647877
sub-EN072,14,R,2,0.8137614370825473
sub-EN072,14,R,3,0.8256487911331251
sub-EN072,14,R,5,0.8875898266632597
sub-EN072,14,R,10,0.9124128442950783
sub-EN072,14,R,20,0.944006985218192
sub-EN072,14,R,40,0.9648328884185388
sub-EN072,14,R,60,0.9778624826263294
sub-EN072,14,R,80,0.9885960563869242
sub-EN072,14,R,100,0.9943630078086656
sub-EN072,14,R,120,1.0
sub-EN072,15,L,1,0.8337290274090756
sub-EN072,15,L,2,0.8359737630270645
sub-EN072,15,L,3,0.8545453492970668
sub-EN072,15,L,5,0.9010845033251279
sub-EN072,15,L,10,0.9209271692289883
sub-EN072,15,L,20,0.9467253335345172
sub-EN072,15,L,40,0.9645352731699469
sub-EN072,15,L,60,0.978836557697068
sub-EN072,15,L,80,0.9885012734417316
sub-EN072,15,L,100,0.9945210513675878
sub-EN072,15,L,120,1.0
sub-EN072,15,R,1,0.8145278854548674
sub-EN072,15,R,2,0.8172770806602143
sub-EN072,15,R,3,0.8273824957725933
sub-EN072,15,R,5,0.8902082986567096
sub-EN072,15,R,10,0.914524171499034
sub-EN072,15,R,20,0.9452550986090112
sub-EN072,15,R,40,0.964245386617376
sub-EN072,15,R,60,0.9775046124067952
sub-EN072,15,R,80,0.9881275311048819
sub-EN072,15,R,100,0.9941542106333936
sub-EN072,15,R,120,1.0
sub-EN072,16,L,1,0.8287621882081607
sub-EN072,16,L,2,0.8308896631404147
sub-EN072,16,L,3,0.8507848734533804
sub-EN072,16,L,5,0.8981357048712169
sub-EN072,16,L,10,0.9187767273795864
sub-EN072,16,L,20,0.9439923130454089
sub-EN072,16,L,40,0.9641039605252979
sub-EN072,16,L,60,0.9784884632321731
sub-EN072,16,L,80,0.9885125356674033
sub-EN072,16,L,100,0.994217962216022
sub-EN072,16,L,120,1.0
sub-EN072,16,R,1,0.8130610207278438
sub-EN072,16,R,2,0.8158273286941762
sub-EN072,16,R,3,0.8267106969691504
sub-EN072,16,R,5,0.8885644728809845
sub-EN072,16,R,10,0.9127243327514866
sub-EN072,16,R,20,0.9430692791848555
sub-EN072,16,R,40,0.9640879321978152
sub-EN072,16,R,60,0.9765959571489079
sub-EN072,16,R,80,0.987580505561091
sub-EN072,16,R,100,0.9939482459897743
sub-EN072,16,R,120,1.0
sub-EN072,17,L,1,0.8308880707003904
sub-EN072,17,L,2,0.8336508601675057
sub-EN072,17,L,3,0.8519454166052246
sub-EN072,17,L,5,0.8985421225845849
sub-EN072,17,L,10,0.9182960163802226
sub-EN072,17,L,20,0.9441275712640218
sub-EN072,17,L,40,0.9642463172169886
sub-EN072,17,L,60,0.9788031452957245
sub-EN072,17,L,80,0.9889278160512724
sub-EN072,17,L,100,0.9946088308164016
sub-EN072,17,L,120,1.0
sub-EN072,17,R,1,0.8154530950119936
sub-EN072,17,R,2,0.8187279143699058
sub-EN072,17,R,3,0.8281560260004679
sub-EN072,17,R,5,0.8900732318240645
sub-EN072,17,R,10,0.9141240075083025
sub-EN072,17,R,20,0.9444580405210371
sub-EN072,17,R,40,0.963788095531361
sub-EN072,17,R,60,0.9768173816038682
sub-EN072,17,R,80,0.9878208359086916
sub-EN072,17,R,100,0.9942426969377899
sub-EN072,17,R,120,1.0
sub-EN072,18,L,1,0.8206965615145579
sub-EN072,18,L,2,0.8237062528483327
sub-EN072,18,L,3,0.845858811735653
sub-EN072,18,L,5,0.8947480057835272
sub-EN072,18,L,10,0.9153055129082814
sub-EN072,18,L,20,0.9434699572254049
sub-EN072,18,L,40,0.963246751266585
sub-EN072,18,L,60,0.9776452630081701
sub-EN072,18,L,80,0.9882703787709152
sub-EN072,18,L,100,0.9947546683613389
sub-EN072,18,L,120,1.0
sub-EN072,18,R,1,0.8005418417308117
sub-EN072,18,R,2,0.803375814505153
sub-EN072,18,R,3,0.8152512482476031
sub-EN072,18,R,5,0.8811295669511926
sub-EN072,18,R,10,0.9058652455489232
sub-EN072,18,R,20,0.9371476647776377
sub-EN072,18,R,40,0.9615180669785299
sub-EN072,18,R,60,0.9748364083096093
sub-EN072,18,R,80,0.9870052995360231
sub-EN072,18,R,100,0.9943573533093424
sub-EN072,18,R,120,1.0
sub-EN072,19,L,1,0.8302824120414378
sub-EN072,19,L,2,0.8324297296702268
sub-EN072,19,L,3,0.8497868019974224
sub-EN072,19,L,5,0.8973138086537573
sub-EN072,19,L,10,0.917609349932864
sub-EN072,19,L,20,0.9441454826912897
sub-EN072,19,L,40,0.9638493852131793
sub-EN072,19,L,60,0.9787845983689673
sub-EN072,19,L,80,0.9888449945635153
sub-EN072,19,L,100,0.9946440749766174
sub-EN072,19,L,120,1.0
sub-EN072,19,R,1,0.8103627463597518
sub-EN072,19,R,2,0.8135903093788669
sub-EN072,19,R,3,0.8227264778617834
sub-EN072,19,R,5,0.8848240874665007
sub-EN072,19,R,10,0.9098734407129185
sub-EN072,19,R,20,0.941440646891271
sub-EN072,19,R,40,0.9620932502646503
sub-EN072,19,R,60,0.975668817429483
sub-EN072,19,R,80,0.986607045553329
sub-EN072,19,R,100,0.9937984497716605
sub-EN072,19,R,120,1.0
sub-EN072,20,L,1,0.8253822796643573
sub-EN072,20,L,2,0.8280904564411079
sub-EN072,20,L,3,0.8458325092997679
sub-EN072,20,L,5,0.8946334141452777
sub-EN072,20,L,10,0.9154810954579802
sub-EN072,20,L,20,0.9416590241513408
sub-EN072,20,L,40,0.9617601530528074
sub-EN072,20,L,60,0.9772998230530587
sub-EN072,20,L,80,0.9872623190432639
sub-EN072,20,L,100,0.9940588416394961
sub-EN072,20,L,120,1.0
sub-EN072,20,R,1,0.8113782257550215
sub-EN072,20,R,2,0.8148400933846516
sub-EN072,20,R,3,0.8237065058619968
sub-EN072,20,R,5,0.8853950627545843
sub-EN072,20,R,10,0.9100544035494738
sub-EN072,20,R,20,0.941291163147438
sub-EN072,20,R,40,0.9618902928045794
sub-EN072,20,R,60,0.9752770262987563
sub-EN072,20,R,80,0.9865526945694568
sub-EN072,20,R,100,0.9937334038822117
sub-EN072,20,R,120,1.0
sub-EN072,21,L,1,0.8272371628362616
sub-EN072,21,L,2,0.8310440551701817
sub-EN072,21,L,3,0.8491714772288838
sub-EN072,21,L,5,0.8974285514610553
sub-EN072,21,L,10,0.919400711909369
sub-EN072,21,L,20,0.9456975086893048
sub-EN072,21,L,40,0.9646538781811377
sub-EN072,21,L,60,0.9790192547555521
sub-EN072,21,L,80,0.9888345203252648
sub-EN072,21,L,100,0.9946449801959726
sub-EN072,21,L,120,1.0
sub-EN072,21,R,1,0.8122678923844918
sub-EN072,21,R,2,0.8158144771286375
sub-EN072,21,R,3,0.8260559635162434
sub-EN072,21,R,5,0.8887436802286212
sub-EN072,21,R,10,0.9142729550965504
sub-EN072,21,R,20,0.9451107186514293
sub-EN072,21,R,40,0.96572505309362
sub-EN072,21,R,60,0.9784834018752288
sub-EN072,21,R,80,0.9887583596365053
sub-EN072,21,R,100,0.9944829355648003
sub-EN072,21,R,120,1.0
sub-EN072,22,L,1,0.8096861895341388
sub-EN072,22,L,2,0.814316599675677
sub-EN072,22,L,3,0.8351271039074452
sub-EN072,22,L,5,0.8829651002821598
sub-EN072,22,L,10,0.9069922380458874
sub-EN072,22,L,20,0.9358729116941508
sub-EN072,22,L,40,0.9590198039375337
sub-EN072,22,L,60,0.9761951357526754
sub-EN072,22,L,80,0.9869827558973091
sub-EN072,22,L,100,0.9938888566520216
sub-EN072,22,L,120,1.0
sub-EN072,22,R,1,0.7910399259330008
sub-EN072,22,R,2,0.7955909570589478
sub-EN072,22,R,3,0.8086244403839992
sub-EN072,22,R,5,0.8739271868504119
sub-EN072,22,R,10,0.9000299745275112
sub-EN072,22,R,20,0.9347872819075997
sub-EN072,22,R,40,0.9583005484662801
sub-EN072,22,R,60,0.9737042534257925
sub-EN072,22,R,80,0.9861334952958389
sub-EN072,22,R,100,0.9934256386156789
sub-EN072,22,R,120,1.0
sub-EN073,10,L,1,0.834358915405981
sub-EN073,10,L,2,0.8383176023123434
sub-EN073,10,L,3,0.854980119257608
sub-EN073,10,L,5,0.9029430908072168
sub-EN073,10,L,10,0.9228121302957047
sub-EN073,10,L,20,0.9501789896503416
sub-EN073,10,L,40,0.9664698448502316
sub-EN073,10,L,60,0.9796673095500659
sub-EN073,10,L,80,0.9893112725514992
sub-EN073,10,L,100,0.9950813467323284
sub-EN073,10,L,120,1.0
sub-EN073,10,R,1,0.8150345425256278
sub-EN073,10,R,2,0.8190831139689255
sub-EN073,10,R,3,0.8297410250784087
sub-EN073,10,R,5,0.894082085004084
sub-EN073,10,R,10,0.9171568992897176
sub-EN073,10,R,20,0.947804025383897
sub-EN073,10,R,40,0.9663260402562793
sub-EN073,10,R,60,0.9783052965260542
sub-EN073,10,R,80,0.9881078254883653
sub-EN073,10,R,100,0.9946054705528444
sub-EN073,10,R,120,1.0
sub-EN073,11,L,1,0.8237513786686771
sub-EN073,11,L,2,0.826786694226975
sub-EN073,11,L,3,0.8434679890801864
sub-EN073,11,L,5,0.8927456721543711
sub-EN073,11,L,10,0.9127418088538948
sub-EN073,11,L,20,0.9411904414627553
sub-EN073,11,L,40,0.9593203507427265
sub-EN073,11,L,60,0.9740491778842141
sub-EN073,11,L,80,0.9865619501191412
sub-EN073,11,L,100,0.9937852287141441
sub-EN073,11,L,120,1.0
sub-EN073,11,R,1,0.8100001440477624
sub-EN073,11,R,2,0.8139603055027276
sub-EN073,11,R,3,0.8222583820658916
sub-EN073,11,R,5,0.884725091223504
sub-EN073,11,R,10,0.9076349640530451
sub-EN073,11,R,20,0.9402248661080225
sub-EN073,11,R,40,0.9612567124296174
sub-EN073,11,R,60,0.9748397143694325
sub-EN073,11,R,80,0.9863186066589296
sub-EN073,11,R,100,0.9935423925783237
sub-EN073,11,R,120,1.0
sub-EN073,12,L,1,0.8282171923266753
sub-EN073,12,L,2,0.8306260605978255
sub-EN073,12,L,3,0.8473401011862922
sub-EN073,12,L,5,0.8962287962895545
sub-EN073,12,L,10,0.9172505451592966
sub-EN073,12,L,20,0.9459092531432326
sub-EN073,12,L,40,0.9647409017276463
sub-EN073,12,L,60,0.9788542929476864
sub-EN073,12,L,80,0.9887944598338885
sub-EN073,12,L,100,0.9947241186637784
sub-EN073,12,L,120,1.0
sub-EN073,12,R,1,0.8121747251209359
sub-EN073,12,R,2,0.8150579063268436
sub-EN073,12,R,3,0.8227199759043325
sub-EN073,12,R,5,0.8844502002275069
sub-EN073,12,R,10,0.9117039240010908
sub-EN073,12,R,20,0.944350264964975
sub-EN073,12,R,40,0.9650478900236077
sub-EN073,12,R,60,0.9786843297907095
sub-EN073,12,R,80,0.9884608089867216
sub-EN073,12,R,100,0.9944131641456307
sub-EN073,12,R,120,1.0
sub-EN073,13,L,1,0.828688801427581
sub-EN073,13,L,2,0.8308880696279696
sub-EN073,13,L,3,0.8523546063428382
sub-EN073,13,L,5,0.9003640471069405
sub-EN073,13,L,10,0.91799357952526
sub-EN073,13,L,20,0.9490176469528946
sub-EN073,13,L,40,0.9666755134671682
sub-EN073,13,L,60,0.9806013946433254
sub-EN073,13,L,80,0.9896990773493205
sub-EN073,13,L,100,0.99533487083904
sub-EN073,13,L,120,1.0
sub-EN073,13,R,1,0.815644911273883
sub-EN073,13,R,2,0.8178353154441409
sub-EN073,13,R,3,0.8276187480015069
sub-EN073,13,R,5,0.8883608122950154
sub-EN073,13,R,10,0.9135335673246664
sub-EN073,13,R,20,0.9453534212839316
sub-EN073,13,R,40,0.9656263863558671
sub-EN073,13,R,60,0.9783327856274155
sub-EN073,13,R,80,0.9881985858185159
sub-EN073,13,R,100,0.9939202522978773
sub-EN073,13,R,120,1.0
sub-EN073,14,L,1,0.8123540149074702
sub-EN073,14,L,2,0.8194867334312954
sub-EN073,14,L,3,0.841652831911878
sub-EN073,14,L,5,0.8925693235912728
sub-EN073,14,L,10,0.9116090554895799
sub-EN073,14,L,20,0.9425783179320079
sub-EN073,14,L,40,0.9616582888525608
sub-EN073,14,L,60,0.97694221431359
sub-EN073,14,L,80,0.9871819036252273
sub-EN073,14,L,100,0.9942831204553548
sub-EN073,14,L,120,1.0
sub-EN073,14,R,1,0.7967460142745915
sub-EN073,14,R,2,0.8091489202473445
sub-EN073,14,R,3,0.8185446006329963
sub-EN073,14,R,5,0.8854836991685877
sub-EN073,14,R,10,0.9095902239839206
sub-EN073,14,R,20,0.9418944315973325
sub-EN073,14,R,40,0.9627353023178644
sub-EN073,14,R,60,0.9762651728726954
sub-EN073,14,R,80,0.9876185349448132
sub-EN073,14,R,100,0.9941558734045798
sub-EN073,14,R,120,1.0
sub-EN073,15,L,1,0.775484468434232
sub-EN073,15,L,2,0.7810191352654929
sub-EN073,15,L,3,0.8016209681912588
sub-EN073,15,L,5,0.8615801626849555
sub-EN073,15,L,10,0.8908713570352252
sub-EN073,15,L,20,0.9254551782494183
sub-EN073,15,L,40,0.9526641148474954
sub-EN073,15,L,60,0.9711924111984637
sub-EN073,15,L,80,0.985513470533138
sub-EN073,15,L,100,0.9937597112538633
sub-EN073,15,L,120,1.0
sub-EN073,15,R,1,0.751716880748409
sub-EN073,15,R,2,0.7671300581698548
sub-EN073,15,R,3,0.7820177430475947
sub-EN073,15,R,5,0.8529771712895633
sub-EN073,15,R,10,0.8827410236131987
sub-EN073,15,R,20,0.9224291987631099
sub-EN073,15,R,40,0.9512080633437445
sub-EN073,15,R,60,0.9710127578044474
sub-EN073,15,R,80,0.9844783742549885
sub-EN073,15,R,100,0.9930871601339019
sub-EN073,15,R,120,1.0
sub-EN073,16,L,1,0.8183434870505898
sub-EN073,16,L,2,0.8275460193362595
sub-EN073,16,L,3,0.8483662738616613
sub-EN073,16,L,5,0.8956550392890282
sub-EN073,16,L,10,0.9156047593540202
sub-EN073,16,L,20,0.9462674287729911
sub-EN073,16,L,40,0.9644847866268222
sub-EN073,16,L,60,0.9785489255166733
sub-EN073,16,L,80,0.9885260827643426
sub-EN073,16,L,100,0.9947067191157922
sub-EN073,16,L,120,1.0
sub-EN073,16,R,1,0.814999408061231
sub-EN073,16,R,2,0.8190866321433893
sub-EN073,16,R,3,0.8283189832050465
sub-EN073,16,R,5,0.8907516341691097
sub-EN073,16,R,10,0.9147798271471016
sub-EN073,16,R,20,0.945777416796527
sub-EN073,16,R,40,0.9650696518285986
sub-EN073,16,R,60,0.9780016269242124
sub-EN073,16,R,80,0.9884792373293492
sub-EN073,16,R,100,0.9942823589396326
sub-EN073,16,R,120,1.0
sub-EN073,17,L,1,0.8009799417762198
sub-EN073,17,L,2,0.8152777451528139
sub-EN073,17,L,3,0.8380826783404439
sub-EN073,17,L,5,0.8893637735773043
sub-EN073,17,L,10,0.9089012217157194
sub-EN073,17,L,20,0.9410610542934814
sub-EN073,17,L,40,0.9606985877513207
sub-EN073,17,L,60,0.9757571580920121
sub-EN073,17,L,80,0.9868892056850123
sub-EN073,17,L,100,0.9939608363875696
sub-EN073,17,L,120,1.0
sub-EN073,17,R,1,0.7913889908482339
sub-EN073,17,R,2,0.7984108180445338
sub-EN073,17,R,3,0.81485769135416
sub-EN073,17,R,5,0.8798922130108295
sub-EN073,17,R,10,0.902511959847951
sub-EN073,17,R,20,0.9378906374396662
sub-EN073,17,R,40,0.9605728266367771
sub-EN073,17,R,60,0.9743819611828208
sub-EN073,17,R,80,0.9861806255969701
sub-EN073,17,R,100,0.9935675100753867
sub-EN073,17,R,120,1.0
sub-EN073,9,L,1,0.8384249147104677
sub-EN073,9,L,2,0.840150226116918
sub-EN073,9,L,3,0.8573545741389359
sub-EN073,9,L,5,0.9038233152027091
sub-EN073,9,L,10,0.9235829451744152
sub-EN073,9,L,20,0.9500927026387157
sub-EN073,9,L,40,0.9675314575549167
sub-EN073,9,L,60,0.980863699255731
sub-EN073,9,L,80,0.9899878573130786
sub-EN073,9,L,100,0.9952904454089042
sub-EN073,9,L,120,1.0
sub-EN073,9,R,1,0.829461798268596
sub-EN073,9,R,2,0.8309464764824611
sub-EN073,9,R,3,0.8382458607419179
sub-EN073,9,R,5,0.8990905323299375
sub-EN073,9,R,10,0.9224941810254816
sub-EN073,9,R,20,0.9517670457583542
sub-EN073,9,R,40,0.9692107651805879
sub-EN073,9,R,60,0.9807360864994715
sub-EN073,9,R,80,0.9896982262438246
sub-EN073,9,R,100,0.9951829450295938
sub-EN073,9,R,120,1.0
sub-EN074,10,L,1,0.7924515693365826
sub-EN074,10,L,2,0.8026863125887638
sub-EN074,10,L,3,0.8258754526680211
sub-EN074,10,L,5,0.8752101998303773
sub-EN074,10,L,10,0.9042933700639192
sub-EN074,10,L,20,0.9368044516777337
sub-EN074,10,L,40,0.9598633710161949
sub-EN074,10,L,60,0.975094222930021
sub-EN074,10,L,80,0.9867756898006756
sub-EN074,10,L,100,0.9945691195153221
sub-EN074,10,L,120,1.0
sub-EN074,10,R,1,0.7729338801793343
sub-EN074,10,R,2,0.7850509470699057
sub-EN074,10,R,3,0.7998245562174073
sub-EN074,10,R,5,0.8659066585335335
sub-EN074,10,R,10,0.8968962070681091
sub-EN074,10,R,20,0.9356147136329371
sub-EN074,10,R,40,0.9593747648224843
sub-EN074,10,R,60,0.973993464713509
sub-EN074,10,R,80,0.9857530108052958
sub-EN074,10,R,100,0.9930469502864318
sub-EN074,10,R,120,1.0
sub-EN074,11,L,1,0.8028251420886353
sub-EN074,11,L,2,0.8095499954278984
sub-EN074,11,L,3,0.8356197340112274
sub-EN074,11,L,5,0.8867461746220513
sub-EN074,11,L,10,0.9098139599144971
sub-EN074,11,L,20,0.9395929013365318
sub-EN074,11,L,40,0.9608546839181575
sub-EN074,11,L,60,0.9753010841098649
sub-EN074,11,L,80,0.9868643488740406
sub-EN074,11,L,100,0.9942805260225138
sub-EN074,11,L,120,1.0
sub-EN074,11,R,1,0.7860228568910732
sub-EN074,11,R,2,0.7937984627777808
sub-EN074,11,R,3,0.8081022503282148
sub-EN074,11,R,5,0.8755051004138864
sub-EN074,11,R,10,0.9047244086999549
sub-EN074,11,R,20,0.9387330297902086
sub-EN074,11,R,40,0.9606720244211628
sub-EN074,11,R,60,0.9745812457384928
sub-EN074,11,R,80,0.9864485361890715
sub-EN074,11,R,100,0.9934526983298868
sub-EN074,11,R,120,1.0
sub-EN074,12,L,1,0.7875751266806446
sub-EN074,12,L,2,0.7949943417077708
sub-EN074,12,L,3,0.8247009989384275
sub-EN074,12,L,5,0.87808187444437
sub-EN074,12,L,10,0.902446114622982
sub-EN074,12,L,20,0.9351600331596279
sub-EN074,12,L,40,0.9588249585004757
sub-EN074,12,L,60,0.9743370729176947
sub-EN074,12,L,80,0.9864146151660635
sub-EN074,12,L,100,0.9942635778568593
sub-EN074,12,L,120,1.0
sub-EN074,12,R,1,0.7676951451575919
sub-EN074,12,R,2,0.7758091058733246
sub-EN074,12,R,3,0.7942060909834252
sub-EN074,12,R,5,0.8628720379870355
sub-EN074,12,R,10,0.8936187978562845
sub-EN074,12,R,20,0.9317056609595048
sub-EN074,12,R,40,0.9578588867222474
sub-EN074,12,R,60,0.9724820981401584
sub-EN074,12,R,80,0.985150789270736
sub-EN074,12,R,100,0.9931992165943389
sub-EN074,12,R,120,1.0
sub-EN074,13,L,1,0.7779461447720928
sub-EN074,13,L,2,0.7834644146330061
sub-EN074,13,L,3,0.8110230265238844
sub-EN074,13,L,5,0.8660403134620653
sub-EN074,13,L,10,0.9050012085569907
sub-EN074,13,L,20,0.9383925335527458
sub-EN074,13,L,40,0.9601826378240065
sub-EN074,13,L,60,0.9748954377878457
sub-EN074,13,L,80,0.9866830265065176
sub-EN074,13,L,100,0.9942783498595366
sub-EN074,13,L,120,1.0
sub-EN074,13,R,1,0.7507263236289309
sub-EN074,13,R,2,0.7570085529143679
sub-EN074,13,R,3,0.7720527546511615
sub-EN074,13,R,5,0.8449904342874104
sub-EN074,13,R,10,0.8941795542853779
sub-EN074,13,R,20,0.9290443605002812
sub-EN074,13,R,40,0.9575535259737178
sub-EN074,13,R,60,0.9719899741036848
sub-EN074,13,R,80,0.9842339813661187
sub-EN074,13,R,100,0.9926258138952332
sub-EN074,13,R,120,1.0
sub-EN074,14,L,1,0.8125167196275237
sub-EN074,14,L,2,0.8165964562107076
sub-EN074,14,L,3,0.8366410391955861
sub-EN074,14,L,5,0.8881857938923743
sub-EN074,14,L,10,0.9109804313780929
sub-EN074,14,L,20,0.9403888822559836
sub-EN074,14,L,40,0.9616271115949919
sub-EN074,14,L,60,0.9755978039025591
sub-EN074,14,L,80,0.9870829689626962
sub-EN074,14,L,100,0.9941387957602978
sub-EN074,14,L,120,1.0
sub-EN074,14,R,1,0.790583139671919
sub-EN074,14,R,2,0.7943093334807378
sub-EN074,14,R,3,0.805578540960705
sub-EN074,14,R,5,0.8721963515562612
sub-EN074,14,R,10,0.899375610920055
sub-EN074,14,R,20,0.9361122105957234
sub-EN074,14,R,40,0.9597506292858656
sub-EN074,14,R,60,0.9741543913205258
sub-EN074,14,R,80,0.9863973685771189
sub-EN074,14,R,100,0.9935428905229502
sub-EN074,14,R,120,1.0
sub-EN074,15,L,1,0.8101997926924815
sub-EN074,15,L,2,0.8151990158568244
sub-EN074,15,L,3,0.8383993161343138
sub-EN074,15,L,5,0.8889591178665208
sub-EN074,15,L,10,0.9098022244670573
sub-EN074,15,L,20,0.9412709664995722
sub-EN074,15,L,40,0.9614263868079332
sub-EN074,15,L,60,0.9765666745308068
sub-EN074,15,L,80,0.9880306631181613
sub-EN074,15,L,100,0.9946921804397814
sub-EN074,15,L,120,1.0
sub-EN074,15,R,1,0.7907295048106656
sub-EN074,15,R,2,0.7957475643789705
sub-EN074,15,R,3,0.8074168753725562
sub-EN074,15,R,5,0.8725163004889676
sub-EN074,15,R,10,0.8993071348061094
sub-EN074,15,R,20,0.9343890013262692
sub-EN074,15,R,40,0.9587373565287081
sub-EN074,15,R,60,0.9736778480903783
sub-EN074,15,R,80,0.9859489637018092
sub-EN074,15,R,100,0.9937967597798592
sub-EN074,15,R,120,1.0
sub-EN074,7,L,1,0.8263418092029006
sub-EN074,7,L,2,0.8289014813102997
sub-EN074,7,L,3,0.8467091114092451
sub-EN074,7,L,5,0.8939069012335488
sub-EN074,7,L,10,0.915810763824172
sub-EN074,7,L,20,0.944651549900921
sub-EN074,7,L,40,0.9622880466078778
sub-EN074,7,L,60,0.9770836400067399
sub-EN074,7,L,80,0.9882051046680558
sub-EN074,7,L,100,0.9948876823980519
sub-EN074,7,L,120,1.0
sub-EN074,7,R,1,0.8063977401248303
sub-EN074,7,R,2,0.8089295354412249
sub-EN074,7,R,3,0.8212434104982903
sub-EN074,7,R,5,0.8805387038978856
sub-EN074,7,R,10,0.905719087979999
sub-EN074,7,R,20,0.9389667879005305
sub-EN074,7,R,40,0.9595666957340332
sub-EN074,7,R,60,0.9732536011817124
sub-EN074,7,R,80,0.9863548585319467
sub-EN074,7,R,100,0.9942260429712708
sub-EN074,7,R,120,1.0
sub-EN074,8,L,1,0.8205704718745059
sub-EN074,8,L,2,0.8234363158887884
sub-EN074,8,L,3,0.8430494896874602
sub-EN074,8,L,5,0.8906961636534856
sub-EN074,8,L,10,0.911299630597507
sub-EN074,8,L,20,0.9397751125329861
sub-EN074,8,L,40,0.9599886671412504
sub-EN074,8,L,60,0.9756457689754493
sub-EN074,8,L,80,0.9866321435402187
sub-EN074,8,L,100,0.9940868147977557
sub-EN074,8,L,120,1.0
sub-EN074,8,R,1,0.804969431239491
sub-EN074,8,R,2,0.808230984435562
sub-EN074,8,R,3,0.8172982847758644
sub-EN074,8,R,5,0.8812931001307707
sub-EN074,8,R,10,0.9080900116628279
sub-EN074,8,R,20,0.9403577689066847
sub-EN074,8,R,40,0.9614081954127738
sub-EN074,8,R,60,0.9756046804637623
sub-EN074,8,R,80,0.9863998511808425
sub-EN074,8,R,100,0.9937013009942286
sub-EN074,8,R,120,1.0
sub-EN074,9,L,1,0.8013516888721439
sub-EN074,9,L,2,0.80700982503699
sub-EN074,9,L,3,0.830451411078353
sub-EN074,9,L,5,0.8805973045096012
sub-EN074,9,L,10,0.9060052249876701
sub-EN074,9,L,20,0.9357494143824828
sub-EN074,9,L,40,0.957754349449379
sub-EN074,9,L,60,0.9731204557591946
sub-EN074,9,L,80,0.9854911905228104
sub-EN074,9,L,100,0.9939446865866695
sub-EN074,9,L,120,1.0
sub-EN074,9,R,1,0.7737130615738408
sub-EN074,9,R,2,0.7800880019008842
sub-EN074,9,R,3,0.7943163338721475
sub-EN074,9,R,5,0.8589031418223053
sub-EN074,9,R,10,0.8903352716988021
sub-EN074,9,R,20,0.9278929997326988
sub-EN074,9,R,40,0.9550249320748693
sub-EN074,9,R,60,0.9707373464323936
sub-EN074,9,R,80,0.9844654032090644
sub-EN074,9,R,100,0.9929810938683971
sub-EN074,9,R,120,1.0
sub-EN075,10,L,1,0.7382064535061055
sub-EN075,10,L,2,0.7619695683055757
sub-EN075,10,L,3,0.7991742981919734
sub-EN075,10,L,5,0.8663307431612284
sub-EN075,10,L,10,0.8941295494398812
sub-EN075,10,L,20,0.930011673544901
sub-EN075,10,L,40,0.9539027637207697
sub-EN075,10,L,60,0.9729736230964144
sub-EN075,10,L,80,0.9847388623960465
sub-EN075,10,L,100,0.9924940094353376
sub-EN075,10,L,120,1.0
sub-EN075,10,R,1,0.7291778304126368
sub-EN075,10,R,2,0.7479724184770129
sub-EN075,10,R,3,0.7681811795374492
sub-EN075,10,R,5,0.8509125144072094
sub-EN075,10,R,10,0.8798448262956524
sub-EN075,10,R,20,0.9253494542001061
sub-EN075,10,R,40,0.9528377795930095
sub-EN075,10,R,60,0.9706343921654099
sub-EN075,10,R,80,0.983823047858038
sub-EN075,10,R,100,0.99337770909689
sub-EN075,10,R,120,1.0
sub-EN075,11,L,1,0.7745024143242869
sub-EN075,11,L,2,0.7965927017777082
sub-EN075,11,L,3,0.8238339987008974
sub-EN075,11,L,5,0.8777648111467898
sub-EN075,11,L,10,0.9009029003620117
sub-EN075,11,L,20,0.9344580870667994
sub-EN075,11,L,40,0.9574454456425777
sub-EN075,11,L,60,0.9738486108271541
sub-EN075,11,L,80,0.9854052575273848
sub-EN075,11,L,100,0.992815849080099
sub-EN075,11,L,120,1.0
sub-EN075,11,R,1,0.7510143902857057
sub-EN075,11,R,2,0.7676495344189986
sub-EN075,11,R,3,0.7818510840700805
sub-EN075,11,R,5,0.856612325322482
sub-EN075,11,R,10,0.8823982381214093
sub-EN075,11,R,20,0.9254808604618828
sub-EN075,11,R,40,0.9512835214357231
sub-EN075,11,R,60,0.969179032231044
sub-EN075,11,R,80,0.9836647713253363
sub-EN075,11,R,100,0.9926212428598393
sub-EN075,11,R,120,1.0
sub-EN075,12,L,1,0.7452699146529596
sub-EN075,12,L,2,0.7707973307508804
sub-EN075,12,L,3,0.7999474742518538
sub-EN075,12,L,5,0.8645805641758216
sub-EN075,12,L,10,0.888148702123122
sub-EN075,12,L,20,0.9242955586444843
sub-EN075,12,L,40,0.9501288948860167
sub-EN075,12,L,60,0.9700519151499217
sub-EN075,12,L,80,0.9819292280169578
sub-EN075,12,L,100,0.9904870771007384
sub-EN075,12,L,120,1.0
sub-EN075,12,R,1,0.7338839897353616
sub-EN075,12,R,2,0.7544498277942047
sub-EN075,12,R,3,0.778096619941409
sub-EN075,12,R,5,0.8542134336200845
sub-EN075,12,R,10,0.88160884966316
sub-EN075,12,R,20,0.9276621144352506
sub-EN075,12,R,40,0.9524084285507802
sub-EN075,12,R,60,0.9714470978672874
sub-EN075,12,R,80,0.9846989175273458
sub-EN075,12,R,100,0.9935607404567424
sub-EN075,12,R,120,1.0
sub-EN075,13,L,1,0.6938062117301944
sub-EN075,13,L,2,0.7179329354168935
sub-EN075,13,L,3,0.762017415871703
sub-EN075,13,L,5,0.8289038940044936
sub-EN075,13,L,10,0.878805648011255
sub-EN075,13,L,20,0.9160480281213742
sub-EN075,13,L,40,0.9473794727683159
sub-EN075,13,L,60,0.9668891994262293
sub-EN075,13,L,80,0.9808821241866659
sub-EN075,13,L,100,0.9908593987158574
sub-EN075,13,L,120,1.0
sub-EN075,13,R,1,0.6878004435006949
sub-EN075,13,R,2,0.7057056358346447
sub-EN075,13,R,3,0.7356948530020976
sub-EN075,13,R,5,0.8200802791249203
sub-EN075,13,R,10,0.8650126108408334
sub-EN075,13,R,20,0.9151177297237879
sub-EN075,13,R,40,0.9508769140626914
sub-EN075,13,R,60,0.9674127163166436
sub-EN075,13,R,80,0.9827106980810273
sub-EN075,13,R,100,0.9929418883150442
sub-EN075,13,R,120,1.0
sub-EN075,14,L,1,0.6580260896349316
sub-EN075,14,L,2,0.6806671827153463
sub-EN075,14,L,3,0.7403877787850448
sub-EN075,14,L,5,0.8094044723349173
sub-EN075,14,L,10,0.8592384896325198
sub-EN075,14,L,20,0.902863605637505
sub-EN075,14,L,40,0.9388818665007159
sub-EN075,14,L,60,0.9619766860185849
sub-EN075,14,L,80,0.9783187374477197
sub-EN075,14,L,100,0.9896571650719402
sub-EN075,14,L,120,1.0
sub-EN075,14,R,1,0.6738468585150961
sub-EN075,14,R,2,0.699939521775534
sub-EN075,14,R,3,0.7293155190324813
sub-EN075,14,R,5,0.8141214115627563
sub-EN075,14,R,10,0.8487650353879211
sub-EN075,14,R,20,0.9084979999505955
sub-EN075,14,R,40,0.943146483083796
sub-EN075,14,R,60,0.9646256007026729
sub-EN075,14,R,80,0.9798806248877847
sub-EN075,14,R,100,0.9923559478543084
sub-EN075,14,R,120,1.0
sub-EN075,15,L,1,0.7308976580004013
sub-EN075,15,L,2,0.7588624061269509
sub-EN075,15,L,3,0.7925638261813664
sub-EN075,15,L,5,0.8567548754833063
sub-EN075,15,L,10,0.8895728536393142
sub-EN075,15,L,20,0.9283304738868088
sub-EN075,15,L,40,0.9538319083317253
sub-EN075,15,L,60,0.9717716329341385
sub-EN075,15,L,80,0.9841089114877973
sub-EN075,15,L,100,0.9922003422340047
sub-EN075,15,L,120,1.0
sub-EN075,15,R,1,0.7202551479608903
sub-EN075,15,R,2,0.7381430000665621
sub-EN075,15,R,3,0.7708235385913786
sub-EN075,15,R,5,0.847420030569167
sub-EN075,15,R,10,0.8784059526611973
sub-EN075,15,R,20,0.9236373701343441
sub-EN075,15,R,40,0.9506725949013725
sub-EN075,15,R,60,0.9687587914361808
sub-EN075,15,R,80,0.9823799900929345
sub-EN075,15,R,100,0.9920570374680628
sub-EN075,15,R,120,1.0
sub-EN075,16,L,1,0.6725207326611492
sub-EN075,16,L,2,0.7122159859378995
sub-EN075,16,L,3,0.7838082199490704
sub-EN075,16,L,5,0.8443480528327797
sub-EN075,16,L,10,0.884527527657407
sub-EN075,16,L,20,0.9242650486521629
sub-EN075,16,L,40,0.9521180879778911
sub-EN075,16,L,60,0.9703933206323542
sub-EN075,16,L,80,0.9844860349988487
sub-EN075,16,L,100,0.9925360459944719
sub-EN075,16,L,120,1.0
sub-EN075,16,R,1,0.6761893512451095
sub-EN075,16,R,2,0.7040326908937098
sub-EN075,16,R,3,0.7538545384575654
sub-EN075,16,R,5,0.8334547929533657
sub-EN075,16,R,10,0.8680337912645875
sub-EN075,16,R,20,0.9251300112558556
sub-EN075,16,R,40,0.9525670761728399
sub-EN075,16,R,60,0.9691429732705903
sub-EN075,16,R,80,0.9831961249174519
sub-EN075,16,R,100,0.9925561850124223
sub-EN075,16,R,120,1.0
sub-EN075,17,L,1,0.780852808662126
sub-EN075,17,L,2,0.7921809293561277
sub-EN075,17,L,3,0.817243827677232
sub-EN075,17,L,5,0.8703361863003642
sub-EN075,17,L,10,0.8955912951948726
sub-EN075,17,L,20,0.9300597210922326
sub-EN075,17,L,40,0.952417441661353
sub-EN075,17,L,60,0.9704400697504083
sub-EN075,17,L,80,0.9837379448722068
sub-EN075,17,L,100,0.9925851854551406
sub-EN075,17,L,120,1.0
sub-EN075,17,R,1,0.7445241971761091
sub-EN075,17,R,2,0.7542749790740614
sub-EN075,17,R,3,0.7775901297840101
sub-EN075,17,R,5,0.8488880579168165
sub-EN075,17,R,10,0.8747484478116969
sub-EN075,17,R,20,0.9200189667385414
sub-EN075,17,R,40,0.9489678147450435
sub-EN075,17,R,60,0.9683521818823189
sub-EN075,17,R,80,0.9829722950231974
sub-EN075,17,R,100,0.9927816841305305
sub-EN075,17,R,120,1.0
sub-EN075,9,L,1,0.767505303041944
sub-EN075,9,L,2,0.7931993233400076
sub-EN075,9,L,3,0.8328207498309363
sub-EN075,9,L,5,0.884520565984448
sub-EN075,9,L,10,0.907373783067711
sub-EN075,9,L,20,0.9383377514597101
sub-EN075,9,L,40,0.9601710619100213
sub-EN075,9,L,60,0.9752568913842891
sub-EN075,9,L,80,0.9862477605758535
sub-EN075,9,L,100,0.9933278551017557
sub-EN075,9,L,120,1.0
sub-EN075,9,R,1,0.757904001640392
sub-EN075,9,R,2,0.7760494999776487
sub-EN075,9,R,3,0.799377005615083
sub-EN075,9,R,5,0.8765631883476368
sub-EN075,9,R,10,0.9027972126559033
sub-EN075,9,R,20,0.937583336090591
sub-EN075,9,R,40,0.9613704349682849
sub-EN075,9,R,60,0.9757154041502029
sub-EN075,9,R,80,0.9865785681840731
sub-EN075,9,R,100,0.9939178430210464
sub-EN075,9,R,120,1.0
sub-EN076,10,L,1,0.8398994999818943
sub-EN076,10,L,2,0.8421920336536898
sub-EN076,10,L,3,0.8604637524346413
sub-EN076,10,L,5,0.9082122033348117
sub-EN076,10,L,10,0.926670610684047
sub-EN076,10,L,20,0.9526494163392946
sub-EN076,10,L,40,0.9681460341483004
sub-EN076,10,L,60,0.9811860143295438
sub-EN076,10,L,80,0.9897361009268485
sub-EN076,10,L,100,0.9948950792454038
sub-EN076,10,L,120,1.0
sub-EN076,10,R,1,0.8119584755733755
sub-EN076,10,R,2,0.8136649637374281
sub-EN076,10,R,3,0.8254777675593201
sub-EN076,10,R,5,0.8907632958524407
sub-EN076,10,R,10,0.9145426994591439
sub-EN076,10,R,20,0.9466468431535673
sub-EN076,10,R,40,0.9662541137019798
sub-EN076,10,R,60,0.9781202105064242
sub-EN076,10,R,80,0.988894491347747
sub-EN076,10,R,100,0.9947654452025722
sub-EN076,10,R,120,1.0
sub-EN076,11,L,1,0.8424354854959445
sub-EN076,11,L,2,0.8446562864336535
sub-EN076,11,L,3,0.8607671949719551
sub-EN076,11,L,5,0.9089946403364096
sub-EN076,11,L,10,0.9278631249353686
sub-EN076,11,L,20,0.9542193933612145
sub-EN076,11,L,40,0.9691866517269688
sub-EN076,11,L,60,0.9819353542468557
sub-EN076,11,L,80,0.9903670520038642
sub-EN076,11,L,100,0.9953053172443244
sub-EN076,11,L,120,1.0
sub-EN076,11,R,1,0.8266536393455295
sub-EN076,11,R,2,0.8292237088201497
sub-EN076,11,R,3,0.8377542836538897
sub-EN076,11,R,5,0.901037909558269
sub-EN076,11,R,10,0.9233175729258831
sub-EN076,11,R,20,0.9524293044591748
sub-EN076,11,R,40,0.9692144232898569
sub-EN076,11,R,60,0.9802414979886063
sub-EN076,11,R,80,0.9896688420060903
sub-EN076,11,R,100,0.9952050361833126
sub-EN076,11,R,120,1.0
sub-EN076,12,L,1,0.8040131127098139
sub-EN076,12,L,2,0.8177193810646013
sub-EN076,12,L,3,0.8372235469394618
sub-EN076,12,L,5,0.8909360330462358
sub-EN076,12,L,10,0.914207094025774
sub-EN076,12,L,20,0.9442732161982573
sub-EN076,12,L,40,0.9625384097471877
sub-EN076,12,L,60,0.9780403455695194
sub-EN076,12,L,80,0.9874965127147005
sub-EN076,12,L,100,0.9936437888370724
sub-EN076,12,L,120,1.0
sub-EN076,12,R,1,0.7873852626281517
sub-EN076,12,R,2,0.7925852291022055
sub-EN076,12,R,3,0.8176331926873468
sub-EN076,12,R,5,0.8819794703889886
sub-EN076,12,R,10,0.9040529054206087
sub-EN076,12,R,20,0.9400804366274965
sub-EN076,12,R,40,0.9629110654675956
sub-EN076,12,R,60,0.9764078609915401
sub-EN076,12,R,80,0.9876471272594122
sub-EN076,12,R,100,0.9940701540997914
sub-EN076,12,R,120,1.0
sub-EN076,13,L,1,0.8302274009362537
sub-EN076,13,L,2,0.8337887348720777
sub-EN076,13,L,3,0.8512462501634968
sub-EN076,13,L,5,0.9005813633250994
sub-EN076,13,L,10,0.9200307658828681
sub-EN076,13,L,20,0.9481166392405611
sub-EN076,13,L,40,0.9651101014522236
sub-EN076,13,L,60,0.9795691884835968
sub-EN076,13,L,80,0.9888779260166443
sub-EN076,13,L,100,0.9945823390460432
sub-EN076,13,L,120,1.0
sub-EN076,13,R,1,0.791041427890007
sub-EN076,13,R,2,0.7969726321026438
sub-EN076,13,R,3,0.809868231599265
sub-EN076,13,R,5,0.8823116229674116
sub-EN076,13,R,10,0.907139436292135
sub-EN076,13,R,20,0.9407068663685899
sub-EN076,13,R,40,0.9635045107046823
sub-EN076,13,R,60,0.977246618207465
sub-EN076,13,R,80,0.9881807238204372
sub-EN076,13,R,100,0.9945316871670807
sub-EN076,13,R,120,1.0
sub-EN076,14,L,1,0.8350036724560205
sub-EN076,14,L,2,0.8383019512532512
sub-EN076,14,L,3,0.8552445817870602
sub-EN076,14,L,5,0.9045892282227218
sub-EN076,14,L,10,0.9236289392456977
sub-EN076,14,L,20,0.9502463717229526
sub-EN076,14,L,40,0.966313940090172
sub-EN076,14,L,60,0.9797855786908478
sub-EN076,14,L,80,0.988960246357362
sub-EN076,14,L,100,0.9947061739601432
sub-EN076,14,L,120,1.0
sub-EN076,14,R,1,0.815133925888205
sub-EN076,14,R,2,0.8192753215935905
sub-EN076,14,R,3,0.8284703545418618
sub-EN076,14,R,5,0.8945442682566517
sub-EN076,14,R,10,0.917787762067524
sub-EN076,14,R,20,0.9481893189473317
sub-EN076,14,R,40,0.9675158635655766
sub-EN076,14,R,60,0.979785051006634
sub-EN076,14,R,80,0.9894372118406998
sub-EN076,14,R,100,0.9950408913205339
sub-EN076,14,R,120,1.0
sub-EN076,15,L,1,0.8182394381314294
sub-EN076,15,L,2,0.8230802810066211
sub-EN076,15,L,3,0.8432238927489358
sub-EN076,15,L,5,0.8937390849411132
sub-EN076,15,L,10,0.9144628331610469
sub-EN076,15,L,20,0.944385302005407
sub-EN076,15,L,40,0.9630587753218799
sub-EN076,15,L,60,0.9782474317764202
sub-EN076,15,L,80,0.9878548036176378
sub-EN076,15,L,100,0.9940757988489928
sub-EN076,15,L,120,1.0
sub-EN076,15,R,1,0.7939523382704258
sub-EN076,15,R,2,0.8002712077808177
sub-EN076,15,R,3,0.8138603871977788
sub-EN076,15,R,5,0.881627558587931
sub-EN076,15,R,10,0.9064384353986022
sub-EN076,15,R,20,0.9398156929535172
sub-EN076,15,R,40,0.9623384045455357
sub-EN076,15,R,60,0.9757028518853741
sub-EN076,15,R,80,0.9875300063589941
sub-EN076,15,R,100,0.9943297426520061
sub-EN076,15,R,120,1.0
sub-EN076,6,L,1,0.8431043675242593
sub-EN076,6,L,2,0.8456902111526713
sub-EN076,6,L,3,0.8622965794682712
sub-EN076,6,L,5,0.9108569030106523
sub-EN076,6,L,10,0.9290171795214007
sub-EN076,6,L,20,0.9550229371137716
sub-EN076,6,L,40,0.969586175817464
sub-EN076,6,L,60,0.982067565271347
sub-EN076,6,L,80,0.9905619416673807
sub-EN076,6,L,100,0.995159277997544
sub-EN076,6,L,120,1.0
sub-EN076,6,R,1,0.8282884210110021
sub-EN076,6,R,2,0.8314731945610092
sub-EN076,6,R,3,0.8391574897832464
sub-EN076,6,R,5,0.9033392839155492
sub-EN076,6,R,10,0.9253684279226254
sub-EN076,6,R,20,0.9541744063603524
sub-EN076,6,R,40,0.9707193174073574
sub-EN076,6,R,60,0.9814765417695657
sub-EN076,6,R,80,0.9900973164596722
sub-EN076,6,R,100,0.9953182117203412
sub-EN076,6,R,120,1.0
sub-EN076,7,L,1,0.8400241822731566
sub-EN076,7,L,2,0.8418809939837951
sub-EN076,7,L,3,0.8574091366499257
sub-EN076,7,L,5,0.9056000268347265
sub-EN076,7,L,10,0.9246107066306655
sub-EN076,7,L,20,0.9515079679295309
sub-EN076,7,L,40,0.9666436945768717
sub-EN076,7,L,60,0.9801714114685454
sub-EN076,7,L,80,0.9888182782655378
sub-EN076,7,L,100,0.9952407745623508
sub-EN076,7,L,120,1.0
sub-EN076,7,R,1,0.8239756009878709
sub-EN076,7,R,2,0.8255937520555469
sub-EN076,7,R,3,0.8356856673512011
sub-EN076,7,R,5,0.8981443430267081
sub-EN076,7,R,10,0.9199985106652881
sub-EN076,7,R,20,0.9499412993113301
sub-EN076,7,R,40,0.9679460541421658
sub-EN076,7,R,60,0.9791031902518035
sub-EN076,7,R,80,0.989208018238432
sub-EN076,7,R,100,0.9950662369956194
sub-EN076,7,R,120,1.0
sub-EN076,8,L,1,0.8258620598012107
sub-EN076,8,L,2,0.8297692790272522
sub-EN076,8,L,3,0.8475827793788171
sub-EN076,8,L,5,0.8966248297810503
sub-EN076,8,L,10,0.9176548630193856
sub-EN076,8,L,20,0.9467186167842189
sub-EN076,8,L,40,0.9638557516356827
sub-EN076,8,L,60,0.9783829758088681
sub-EN076,8,L,80,0.9878603362195856
sub-EN076,8,L,100,0.9938725986958986
sub-EN076,8,L,120,1.0
sub-EN076,8,R,1,0.8110044524673373
sub-EN076,8,R,2,0.8137430498995107
sub-EN076,8,R,3,0.8226047085494069
sub-EN076,8,R,5,0.8889809736367089
sub-EN076,8,R,10,0.9132337564481743
sub-EN076,8,R,20,0.9440808781995068
sub-EN076,8,R,40,0.9640898671375253
sub-EN076,8,R,60,0.9767206284358962
sub-EN076,8,R,80,0.987270348447895
sub-EN076,8,R,100,0.9942316863446533
sub-EN076,8,R,120,1.0
sub-EN077,10,L,1,0.821120278932371
sub-EN077,10,L,2,0.8242677675720802
sub-EN077,10,L,3,0.8416528858318174
sub-EN077,10,L,5,0.8903144491196151
sub-EN077,10,L,10,0.9129117889155174
sub-EN077,10,L,20,0.9421265218372337
sub-EN077,10,L,40,0.9613541638642135
sub-EN077,10,L,60,0.9771927005114898
sub-EN077,10,L,80,0.9874750594871936
sub-EN077,10,L,100,0.9940606274919741
sub-EN077,10,L,120,1.0
sub-EN077,10,R,1,0.8115732825984391
sub-EN077,10,R,2,0.8146058724230336
sub-EN077,10,R,3,0.8233726570231823
sub-EN077,10,R,5,0.8854200914691477
sub-EN077,10,R,10,0.910128666879079
sub-EN077,10,R,20,0.9413305721514129
sub-EN077,10,R,40,0.9617355974497858
sub-EN077,10,R,60,0.9754133442782972
sub-EN077,10,R,80,0.9867474398176508
sub-EN077,10,R,100,0.993659661930133
sub-EN077,10,R,120,1.0
sub-EN077,11,L,1,0.809867272688067
sub-EN077,11,L,2,0.8145135266296367
sub-EN077,11,L,3,0.8340719848847975
sub-EN077,11,L,5,0.886434079987927
sub-EN077,11,L,10,0.9092289485634767
sub-EN077,11,L,20,0.9400473434129019
sub-EN077,11,L,40,0.960759535295457
sub-EN077,11,L,60,0.976965029189819
sub-EN077,11,L,80,0.9872048959555172
sub-EN077,11,L,100,0.9941780773516251
sub-EN077,11,L,120,1.0
sub-EN077,11,R,1,0.7957863347848343
sub-EN077,11,R,2,0.800597801640812
sub-EN077,11,R,3,0.8122750401851881
sub-EN077,11,R,5,0.8782284235310733
sub-EN077,11,R,10,0.9039428108273166
sub-EN077,11,R,20,0.9387574816102425
sub-EN077,11,R,40,0.9607664807765199
sub-EN077,11,R,60,0.975212427829787
sub-EN077,11,R,80,0.986306134154854
sub-EN077,11,R,100,0.9935723286734918
sub-EN077,11,R,120,1.0
sub-EN077,12,L,1,0.8188297620313326
sub-EN077,12,L,2,0.8220191421836796
sub-EN077,12,L,3,0.839623076961199
sub-EN077,12,L,5,0.8895422346730733
sub-EN077,12,L,10,0.9119896148991328
sub-EN077,12,L,20,0.9428332848524237
sub-EN077,12,L,40,0.9617489463632501
sub-EN077,12,L,60,0.9771809506286366
sub-EN077,12,L,80,0.9872745858154865
sub-EN077,12,L,100,0.9939729515253514
sub-EN077,12,L,120,1.0
sub-EN077,12,R,1,0.8064402902927007
sub-EN077,12,R,2,0.810013099419393
sub-EN077,12,R,3,0.8186646159293415
sub-EN077,12,R,5,0.8816896970985136
sub-EN077,12,R,10,0.9080128429631291
sub-EN077,12,R,20,0.9410993037437929
sub-EN077,12,R,40,0.9620151602478652
sub-EN077,12,R,60,0.9753779606426667
sub-EN077,12,R,80,0.9862746348255881
sub-EN077,12,R,100,0.9935892794198677
sub-EN077,12,R,120,1.0
sub-EN077,13,L,1,0.810682014648923
sub-EN077,13,L,2,0.8144903892589413
sub-EN077,13,L,3,0.8330015988421965
sub-EN077,13,L,5,0.8847957113098404
sub-EN077,13,L,10,0.9087981380179884
sub-EN077,13,L,20,0.9401162029593206
sub-EN077,13,L,40,0.961038337879966
sub-EN077,13,L,60,0.9768430905693822
sub-EN077,13,L,80,0.9873726116569949
sub-EN077,13,L,100,0.9939156618615954
sub-EN077,13,L,120,1.0
sub-EN077,13,R,1,0.7669907874569974
sub-EN077,13,R,2,0.779055294806494
sub-EN077,13,R,3,0.7925903419172192
sub-EN077,13,R,5,0.870305070125011
sub-EN077,13,R,10,0.9005711437793661
sub-EN077,13,R,20,0.9353921390165979
sub-EN077,13,R,40,0.9609901375839687
sub-EN077,13,R,60,0.9750289437250595
sub-EN077,13,R,80,0.9866386094440216
sub-EN077,13,R,100,0.994002761388121
sub-EN077,13,R,120,1.0
sub-EN077,14,L,1,0.8039020703488782
sub-EN077,14,L,2,0.8093352471770034
sub-EN077,14,L,3,0.8290609024762235
sub-EN077,14,L,5,0.8850162416429314
sub-EN077,14,L,10,0.9070005210585114
sub-EN077,14,L,20,0.9389938756156642
sub-EN077,14,L,40,0.9595178655411244
sub-EN077,14,L,60,0.9764721282371176
sub-EN077,14,L,80,0.9868655989141562
sub-EN077,14,L,100,0.9939510213221737
sub-EN077,14,L,120,1.0
sub-EN077,14,R,1,0.7961526863623164
sub-EN077,14,R,2,0.8015572383781608
sub-EN077,14,R,3,0.8104008807640392
sub-EN077,14,R,5,0.8779746432161702
sub-EN077,14,R,10,0.9040898206207982
sub-EN077,14,R,20,0.9391276401562407
sub-EN077,14,R,40,0.960124987004226
sub-EN077,14,R,60,0.9744973621454809
sub-EN077,14,R,80,0.9860556493042439
sub-EN077,14,R,100,0.9935648652888783
sub-EN077,14,R,120,1.0
sub-EN077,15,L,1,0.8189406125851328
sub-EN077,15,L,2,0.8245012825825971
sub-EN077,15,L,3,0.8402334181392769
sub-EN077,15,L,5,0.8933985623545689
sub-EN077,15,L,10,0.9151141350384783
sub-EN077,15,L,20,0.9449735496290693
sub-EN077,15,L,40,0.9631248958369242
sub-EN077,15,L,60,0.9784605456240231
sub-EN077,15,L,80,0.988551354607082
sub-EN077,15,L,100,0.9945911966571231
sub-EN077,15,L,120,1.0
sub-EN077,15,R,1,0.8059494410129018
sub-EN077,15,R,2,0.8117686331013575
sub-EN077,15,R,3,0.8197499567093021
sub-EN077,15,R,5,0.8849499706221123
sub-EN077,15,R,10,0.9098463220966575
sub-EN077,15,R,20,0.9422665958386918
sub-EN077,15,R,40,0.9619587744918279
sub-EN077,15,R,60,0.9760139206309282
sub-EN077,15,R,80,0.9871244753854264
sub-EN077,15,R,100,0.9939610527271122
sub-EN077,15,R,120,1.0
sub-EN077,16,L,1,0.8111897449536154
sub-EN077,16,L,2,0.815693097190467
sub-EN077,16,L,3,0.8368442492165864
sub-EN077,16,L,5,0.8876947420553095
sub-EN077,16,L,10,0.9085858675489391
sub-EN077,16,L,20,0.9399245866874304
sub-EN077,16,L,40,0.9606996253975439
sub-EN077,16,L,60,0.9766500946184627
sub-EN077,16,L,80,0.9875676067290728
sub-EN077,16,L,100,0.9937181738436003
sub-EN077,16,L,120,1.0
sub-EN077,16,R,1,0.7967370586054207
sub-EN077,16,R,2,0.8010144656239903
sub-EN077,16,R,3,0.8137439424924767
sub-EN077,16,R,5,0.8800351242518837
sub-EN077,16,R,10,0.9056609195584446
sub-EN077,16,R,20,0.9386105991187615
sub-EN077,16,R,40,0.9612054856338179
sub-EN077,16,R,60,0.9747163833596253
sub-EN077,16,R,80,0.9864455431500263
sub-EN077,16,R,100,0.9933722377718408
sub-EN077,16,R,120,1.0
sub-EN077,8,L,1,0.8301038714314729
sub-EN077,8,L,2,0.8331975394000628
sub-EN077,8,L,3,0.8523705578871774
sub-EN077,8,L,5,0.9003496407993604
sub-EN077,8,L,10,0.9198357448376263
sub-EN077,8,L,20,0.9483680128724968
sub-EN077,8,L,40,0.9654838753058732
sub-EN077,8,L,60,0.9798821366295954
sub-EN077,8,L,80,0.9894803009199482
sub-EN077,8,L,100,0.9951172847538263
sub-EN077,8,L,120,1.0
sub-EN077,8,R,1,0.8014795046610694
sub-EN077,8,R,2,0.807937847110102
sub-EN077,8,R,3,0.8192874980629018
sub-EN077,8,R,5,0.8859461873615161
sub-EN077,8,R,10,0.9100727161300461
sub-EN077,8,R,20,0.9425395186567143
sub-EN077,8,R,40,0.9644003677359787
sub-EN077,8,R,60,0.9773529203964487
sub-EN077,8,R,80,0.9873167658582842
sub-EN077,8,R,100,0.9942698751881972
sub-EN077,8,R,120,1.0
sub-EN077,9,L,1,0.8238265647323633
sub-EN077,9,L,2,0.8275958322479668
sub-EN077,9,L,3,0.8464401279923903
sub-EN077,9,L,5,0.8950231843658708
sub-EN077,9,L,10,0.9162282521967022
sub-EN077,9,L,20,0.9452165957537534
sub-EN077,9,L,40,0.9636769494777796
sub-EN077,9,L,60,0.978632948235628
sub-EN077,9,L,80,0.9885328272607133
sub-EN077,9,L,100,0.994512775595575
sub-EN077,9,L,120,1.0
sub-EN077,9,R,1,0.8115757625361479
sub-EN077,9,R,2,0.8164968522069708
sub-EN077,9,R,3,0.8247037058013242
sub-EN077,9,R,5,0.8860920604596554
sub-EN077,9,R,10,0.9105549979852837
sub-EN077,9,R,20,0.9425579388643488
sub-EN077,9,R,40,0.9631565754098701
sub-EN077,9,R,60,0.9766607784438092
sub-EN077,9,R,80,0.9865543179783877
sub-EN077,9,R,100,0.9941102952916987
sub-EN077,9,R,120,1.0
sub-EN078,10,L,1,0.7845750207218826
sub-EN078,10,L,2,0.792655321613935
sub-EN078,10,L,3,0.8181263827425502
sub-EN078,10,L,5,0.8756597109197739
sub-EN078,10,L,10,0.9011865632916793
sub-EN078,10,L,20,0.934616729668454
sub-EN078,10,L,40,0.9573988191286756
sub-EN078,10,L,60,0.973835612152819
sub-EN078,10,L,80,0.9853495686804388
sub-EN078,10,L,100,0.9928282797889894
sub-EN078,10,L,120,1.0
sub-EN078,10,R,1,0.7753036221357057
sub-EN078,10,R,2,0.7824440166805836
sub-EN078,10,R,3,0.7948642070078016
sub-EN078,10,R,5,0.8700850814653276
sub-EN078,10,R,10,0.8993684340792734
sub-EN078,10,R,20,0.9350503761181067
sub-EN078,10,R,40,0.9580641216735467
sub-EN078,10,R,60,0.9726993731040949
sub-EN078,10,R,80,0.9855632512832195
sub-EN078,10,R,100,0.9930667970473258
sub-EN078,10,R,120,1.0
sub-EN078,11,L,1,0.7660943954841536
sub-EN078,11,L,2,0.7735784682957216
sub-EN078,11,L,3,0.8016840812333088
sub-EN078,11,L,5,0.8591995396257651
sub-EN078,11,L,10,0.8901631414105565
sub-EN078,11,L,20,0.9249273049889037
sub-EN078,11,L,40,0.9520992815918029
sub-EN078,11,L,60,0.9714075050603661
sub-EN078,11,L,80,0.9836825530394787
sub-EN078,11,L,100,0.9921511308730473
sub-EN078,11,L,120,1.0
sub-EN078,11,R,1,0.7525244662762536
sub-EN078,11,R,2,0.7594260843217882
sub-EN078,11,R,3,0.7735235892234936
sub-EN078,11,R,5,0.8494142425613344
sub-EN078,11,R,10,0.8850863779272172
sub-EN078,11,R,20,0.9214162657547272
sub-EN078,11,R,40,0.950286717534014
sub-EN078,11,R,60,0.9680909111895094
sub-EN078,11,R,80,0.9825634778864546
sub-EN078,11,R,100,0.9914885357617247
sub-EN078,11,R,120,1.0
sub-EN078,12,L,1,0.7578075230847181
sub-EN078,12,L,2,0.7753787396694717
sub-EN078,12,L,3,0.798042565912821
sub-EN078,12,L,5,0.8628976444502774
sub-EN078,12,L,10,0.8913210924555446
sub-EN078,12,L,20,0.9291247935034282
sub-EN078,12,L,40,0.9529409142346814
sub-EN078,12,L,60,0.9714686119910272
sub-EN078,12,L,80,0.9836492964619077
sub-EN078,12,L,100,0.9924250136750555
sub-EN078,12,L,120,1.0
sub-EN078,12,R,1,0.7434399197431202
sub-EN078,12,R,2,0.7602208315616876
sub-EN078,12,R,3,0.7715060803790021
sub-EN078,12,R,5,0.8524480893535145
sub-EN078,12,R,10,0.8842498610330656
sub-EN078,12,R,20,0.9267691545716097
sub-EN078,12,R,40,0.9520075202002721
sub-EN078,12,R,60,0.9692717309411958
sub-EN078,12,R,80,0.9833702909376633
sub-EN078,12,R,100,0.9922636350470255
sub-EN078,12,R,120,1.0
sub-EN078,13,L,1,0.7866406762307717
sub-EN078,13,L,2,0.7941604406865037
sub-EN078,13,L,3,0.8157718919752184
sub-EN078,13,L,5,0.8732445409133737
sub-EN078,13,L,10,0.8999526308463863
sub-EN078,13,L,20,0.9329165802701498
sub-EN078,13,L,40,0.9560960858814651
sub-EN078,13,L,60,0.9734195727074029
sub-EN078,13,L,80,0.9858413348885421
sub-EN078,13,L,100,0.9933576212765719
sub-EN078,13,L,120,1.0
sub-EN078,13,R,1,0.7741862443501695
sub-EN078,13,R,2,0.7814433984248073
sub-EN078,13,R,3,0.7918622952284026
sub-EN078,13,R,5,0.8643679419399501
sub-EN078,13,R,10,0.8943469581652259
sub-EN078,13,R,20,0.930577488955475
sub-EN078,13,R,40,0.9545057904302326
sub-EN078,13,R,60,0.9706000866143869
sub-EN078,13,R,80,0.9841244809226812
sub-EN078,13,R,100,0.9932157703978436
sub-EN078,13,R,120,1.0
sub-EN078,14,L,1,0.7771740074176611
sub-EN078,14,L,2,0.7844464896502257
sub-EN078,14,L,3,0.8062844895444792
sub-EN078,14,L,5,0.8639945892429669
sub-EN078,14,L,10,0.8917036952410555
sub-EN078,14,L,20,0.9276615207525885
sub-EN078,14,L,40,0.95225819560994
sub-EN078,14,L,60,0.9709775461407983
sub-EN078,14,L,80,0.9835309154948222
sub-EN078,14,L,100,0.9925258793261115
sub-EN078,14,L,120,1.0
sub-EN078,14,R,1,0.7565854144667827
sub-EN078,14,R,2,0.7638420282547317
sub-EN078,14,R,3,0.7754231461905763
sub-EN078,14,R,5,0.851745666691656
sub-EN078,14,R,10,0.8864567706406263
sub-EN078,14,R,20,0.9261612819913256
sub-EN078,14,R,40,0.9518850642306776
sub-EN078,14,R,60,0.9694612926935982
sub-EN078,14,R,80,0.9837028464814768
sub-EN078,14,R,100,0.992681834525784
sub-EN078,14,R,120,1.0
sub-EN078,6,L,1,0.8078397631884443
sub-EN078,6,L,2,0.8140509788435748
sub-EN078,6,L,3,0.8326868967069433
sub-EN078,6,L,5,0.8901737977379619
sub-EN078,6,L,10,0.9162471017620585
sub-EN078,6,L,20,0.9467011892412264
sub-EN078,6,L,40,0.964467662382825
sub-EN078,6,L,60,0.9794360400311868
sub-EN078,6,L,80,0.989157645538171
sub-EN078,6,L,100,0.9952071995949621
sub-EN078,6,L,120,1.0
sub-EN078,6,R,1,0.7943006118960318
sub-EN078,6,R,2,0.7986252789325904
sub-EN078,6,R,3,0.8094060313608724
sub-EN078,6,R,5,0.8799772811506081
sub-EN078,6,R,10,0.9101006935648213
sub-EN078,6,R,20,0.9440718994678929
sub-EN078,6,R,40,0.9643783652051581
sub-EN078,6,R,60,0.9770749781892405
sub-EN078,6,R,80,0.9882887849001157
sub-EN078,6,R,100,0.9946539233665325
sub-EN078,6,R,120,1.0
sub-EN078,7,L,1,0.7858298007984854
sub-EN078,7,L,2,0.7979449421103417
sub-EN078,7,L,3,0.8224787759939879
sub-EN078,7,L,5,0.878493901361629
sub-EN078,7,L,10,0.9033785666859585
sub-EN078,7,L,20,0.9377172069783701
sub-EN078,7,L,40,0.9586834196864241
sub-EN078,7,L,60,0.9752268126855299
sub-EN078,7,L,80,0.9860839044626318
sub-EN078,7,L,100,0.9934833637144562
sub-EN078,7,L,120,1.0
sub-EN078,7,R,1,0.7737215665449583
sub-EN078,7,R,2,0.7881827534022307
sub-EN078,7,R,3,0.8000621639194824
sub-EN078,7,R,5,0.8730346497110297
sub-EN078,7,R,10,0.9020734806403885
sub-EN078,7,R,20,0.9370673104605539
sub-EN078,7,R,40,0.9596687080662788
sub-EN078,7,R,60,0.9734135228306474
sub-EN078,7,R,80,0.9861400542976302
sub-EN078,7,R,100,0.9937875331991024
sub-EN078,7,R,120,1.0
sub-EN078,8,L,1,0.7565457787294264
sub-EN078,8,L,2,0.7661107675101104
sub-EN078,8,L,3,0.7994463129536823
sub-EN078,8,L,5,0.8584026178841038
sub-EN078,8,L,10,0.8970014785506477
sub-EN078,8,L,20,0.9333529257600812
sub-EN078,8,L,40,0.9577794911157205
sub-EN078,8,L,60,0.9746032843845075
sub-EN078,8,L,80,0.9860749639013887
sub-EN078,8,L,100,0.9935832459538473
sub-EN078,8,L,120,1.0
sub-EN078,8,R,1,0.7274600312371097
sub-EN078,8,R,2,0.7390914977874895
sub-EN078,8,R,3,0.7560740090825642
sub-EN078,8,R,5,0.8294059041064444
sub-EN078,8,R,10,0.8786095069308757
sub-EN078,8,R,20,0.9229663249143195
sub-EN078,8,R,40,0.9515762829335954
sub-EN078,8,R,60,0.968339911305289
sub-EN078,8,R,80,0.9826899788609263
sub-EN078,8,R,100,0.9927152934865114
sub-EN078,8,R,120,1.0
sub-EN078,9,L,1,0.779170725331553
sub-EN078,9,L,2,0.7889120365488141
sub-EN078,9,L,3,0.8093957757984646
sub-EN078,9,L,5,0.8665714796805009
sub-EN078,9,L,10,0.8968690850939168
sub-EN078,9,L,20,0.9313632484126294
sub-EN078,9,L,40,0.9564074855381045
sub-EN078,9,L,60,0.9738211479343181
sub-EN078,9,L,80,0.9857799585246091
sub-EN078,9,L,100,0.9934505876816649
sub-EN078,9,L,120,1.0
sub-EN078,9,R,1,0.7705819741399549
sub-EN078,9,R,2,0.77976247275261
sub-EN078,9,R,3,0.7909022553136192
sub-EN078,9,R,5,0.8616868701838292
sub-EN078,9,R,10,0.8944133549510568
sub-EN078,9,R,20,0.9299249399495187
sub-EN078,9,R,40,0.9538699918716834
sub-EN078,9,R,60,0.9709379617492073
sub-EN078,9,R,80,0.9847929661881049
sub-EN078,9,R,100,0.9928749733320226
sub-EN078,9,R,120,1.0
sub-EN079,10,L,1,0.8057443623985935
sub-EN079,10,L,2,0.8106940866337399
sub-EN079,10,L,3,0.8316562104990898
sub-EN079,10,L,5,0.883852920052326
sub-EN079,10,L,10,0.9086641550154353
sub-EN079,10,L,20,0.940926842483859
sub-EN079,10,L,40,0.9606957196685312
sub-EN079,10,L,60,0.9755260982318308
sub-EN079,10,L,80,0.9868444425751253
sub-EN079,10,L,100,0.9943018817608019
sub-EN079,10,L,120,1.0
sub-EN079,10,R,1,0.7919546928254554
sub-EN079,10,R,2,0.7970802903337344
sub-EN079,10,R,3,0.8076486615118993
sub-EN079,10,R,5,0.8765884095234866
sub-EN079,10,R,10,0.9053556253347764
sub-EN079,10,R,20,0.9402475854728292
sub-EN079,10,R,40,0.9616274453123292
sub-EN079,10,R,60,0.9744493405762326
sub-EN079,10,R,80,0.985783110284728
sub-EN079,10,R,100,0.9935512653866863
sub-EN079,10,R,120,1.0
sub-EN079,11,L,1,0.8053179049930212
sub-EN079,11,L,2,0.8137170359668185
sub-EN079,11,L,3,0.8327541127482843
sub-EN079,11,L,5,0.8880718990985933
sub-EN079,11,L,10,0.9107219140457598
sub-EN079,11,L,20,0.9434884900863004
sub-EN079,11,L,40,0.9629332983548876
sub-EN079,11,L,60,0.9764967676378206
sub-EN079,11,L,80,0.9873394557076774
sub-EN079,11,L,100,0.9945142297245654
sub-EN079,11,L,120,1.0
sub-EN079,11,R,1,0.7869471113300527
sub-EN079,11,R,2,0.7944023582535099
sub-EN079,11,R,3,0.8055383116699506
sub-EN079,11,R,5,0.875798045023909
sub-EN079,11,R,10,0.9021044308087044
sub-EN079,11,R,20,0.9387827819204988
sub-EN079,11,R,40,0.9609839439339815
sub-EN079,11,R,60,0.9742274732186351
sub-EN079,11,R,80,0.9855482788124404
sub-EN079,11,R,100,0.9935589709540583
sub-EN079,11,R,120,1.0
sub-EN079,12,L,1,0.8305316553854037
sub-EN079,12,L,2,0.8339999945325175
sub-EN079,12,L,3,0.8530069896288258
sub-EN079,12,L,5,0.9032206947457156
sub-EN079,12,L,10,0.9234601877361368
sub-EN079,12,L,20,0.9503052683209807
sub-EN079,12,L,40,0.9673022690582213
sub-EN079,12,L,60,0.9798849188738519
sub-EN079,12,L,80,0.98936964299628
sub-EN079,12,L,100,0.9949290531801094
sub-EN079,12,L,120,1.0
sub-EN079,12,R,1,0.8163522861154037
sub-EN079,12,R,2,0.8191958015634919
sub-EN079,12,R,3,0.828720136239283
sub-EN079,12,R,5,0.8960237700522128
sub-EN079,12,R,10,0.9204467118408515
sub-EN079,12,R,20,0.9507663690376614
sub-EN079,12,R,40,0.968264174928612
sub-EN079,12,R,60,0.978870729262969
sub-EN079,12,R,80,0.9886946912487101
sub-EN079,12,R,100,0.9946736563297403
sub-EN079,12,R,120,1.0
sub-EN079,13,L,1,0.8148388572691211
sub-EN079,13,L,2,0.8201134221167664
sub-EN079,13,L,3,0.8404535354513297
sub-EN079,13,L,5,0.892660119537576
sub-EN079,13,L,10,0.9131700005162583
sub-EN079,13,L,20,0.9428841246495954
sub-EN079,13,L,40,0.9617874362423661
sub-EN079,13,L,60,0.9764056757604995
sub-EN079,13,L,80,0.9873569894104596
sub-EN079,13,L,100,0.9942628606896486
sub-EN079,13,L,120,1.0
sub-EN079,13,R,1,0.8016489470403919
sub-EN079,13,R,2,0.8069359051747814
sub-EN079,13,R,3,0.8171722651200974
sub-EN079,13,R,5,0.8836576890026788
sub-EN079,13,R,10,0.9093448979671104
sub-EN079,13,R,20,0.9417943733354796
sub-EN079,13,R,40,0.9620682844414843
sub-EN079,13,R,60,0.9747937868343521
sub-EN079,13,R,80,0.9867142108093891
sub-EN079,13,R,100,0.993699238794199
sub-EN079,13,R,120,1.0
sub-EN079,14,L,1,0.8194769809643129
sub-EN079,14,L,2,0.824359355053752
sub-EN079,14,L,3,0.8459385620047954
sub-EN079,14,L,5,0.8957146229106914
sub-EN079,14,L,10,0.9154297028840485
sub-EN079,14,L,20,0.9436516209649344
sub-EN079,14,L,40,0.9624237941514173
sub-EN079,14,L,60,0.9764921438780241
sub-EN079,14,L,80,0.9871324082306662
sub-EN079,14,L,100,0.994236568181861
sub-EN079,14,L,120,1.0
sub-EN079,14,R,1,0.8026890121454676
sub-EN079,14,R,2,0.8073211953673649
sub-EN079,14,R,3,0.8174288747559488
sub-EN079,14,R,5,0.8845601789377731
sub-EN079,14,R,10,0.9093222465976453
sub-EN079,14,R,20,0.9419822420666929
sub-EN079,14,R,40,0.9616697420779062
sub-EN079,14,R,60,0.9748987122732621
sub-EN079,14,R,80,0.9861111839818317
sub-EN079,14,R,100,0.993580405565342
sub-EN079,14,R,120,1.0
sub-EN079,15,L,1,0.81860935155569
sub-EN079,15,L,2,0.8241630243142473
sub-EN079,15,L,3,0.8410604816893605
sub-EN079,15,L,5,0.8931188423347878
sub-EN079,15,L,10,0.914418783357031
sub-EN079,15,L,20,0.9455813835524884
sub-EN079,15,L,40,0.9640393762457089
sub-EN079,15,L,60,0.9781675003037342
sub-EN079,15,L,80,0.9885084552593558
sub-EN079,15,L,100,0.9945789247105482
sub-EN079,15,L,120,1.0
sub-EN079,15,R,1,0.80547334048701
sub-EN079,15,R,2,0.8106099914856525
sub-EN079,15,R,3,0.8183808542151733
sub-EN079,15,R,5,0.8851688967550543
sub-EN079,15,R,10,0.9112423924488426
sub-EN079,15,R,20,0.9447941534789808
sub-EN079,15,R,40,0.9645433407263245
sub-EN079,15,R,60,0.9766385432453076
sub-EN079,15,R,80,0.9877708919502407
sub-EN079,15,R,100,0.9943855331955862
sub-EN079,15,R,120,1.0
sub-EN079,16,L,1,0.8145491956914993
sub-EN079,16,L,2,0.818762591418686
sub-EN079,16,L,3,0.8388125871837182
sub-EN079,16,L,5,0.8899900128116845
sub-EN079,16,L,10,0.9106740419543166
sub-EN079,16,L,20,0.9412173279931784
sub-EN079,16,L,40,0.9599794747993603
sub-EN079,16,L,60,0.9751591562637629
sub-EN079,16,L,80,0.9862277112016832
sub-EN079,16,L,100,0.9938636183637547
sub-EN079,16,L,120,1.0
sub-EN079,16,R,1,0.7969855320293504
sub-EN079,16,R,2,0.8014140885073916
sub-EN079,16,R,3,0.8130703322091747
sub-EN079,16,R,5,0.879905936150387
sub-EN079,16,R,10,0.9058186598976383
sub-EN079,16,R,20,0.939299402682273
sub-EN079,16,R,40,0.9602864800369416
sub-EN079,16,R,60,0.9737452726027398
sub-EN079,16,R,80,0.9855888372916687
sub-EN079,16,R,100,0.9936257763719067
sub-EN079,16,R,120,1.0
sub-EN079,8,L,1,0.8331151968536612
sub-EN079,8,L,2,0.8367855042648247
sub-EN079,8,L,3,0.8546231220207565
sub-EN079,8,L,5,0.9042075272349294
sub-EN079,8,L,10,0.923633845903251
sub-EN079,8,L,20,0.9500705472612305
sub-EN079,8,L,40,0.9668553102097933
sub-EN079,8,L,60,0.9796606727959423
sub-EN079,8,L,80,0.989048643747282
sub-EN079,8,L,100,0.9948422788804533
sub-EN079,8,L,120,1.0
sub-EN079,8,R,1,0.8184377066314636
sub-EN079,8,R,2,0.8221584293531802
sub-EN079,8,R,3,0.8306406710763636
sub-EN079,8,R,5,0.8961532837609492
sub-EN079,8,R,10,0.9200617139353051
sub-EN079,8,R,20,0.9501664370982619
sub-EN079,8,R,40,0.9680048557382752
sub-EN079,8,R,60,0.9785812185942085
sub-EN079,8,R,80,0.9884384702690525
sub-EN079,8,R,100,0.9949985343938493
sub-EN079,8,R,120,1.0
sub-EN079,9,L,1,0.8207290662803964
sub-EN079,9,L,2,0.8238929414807598
sub-EN079,9,L,3,0.8432271323641642
sub-EN079,9,L,5,0.8954602762196943
sub-EN079,9,L,10,0.9180211740519992
sub-EN079,9,L,20,0.9467345322590499
sub-EN079,9,L,40,0.9640797975741401
sub-EN079,9,L,60,0.9778209533798365
sub-EN079,9,L,80,0.988200532191689
sub-EN079,9,L,100,0.9944892359090253
sub-EN079,9,L,120,1.0
sub-EN079,9,R,1,0.8115808818280691
sub-EN079,9,R,2,0.8141896338381783
sub-EN079,9,R,3,0.8234725486353471
sub-EN079,9,R,5,0.8902648814786476
sub-EN079,9,R,10,0.9154314999169099
sub-EN079,9,R,20,0.946966039830334
sub-EN079,9,R,40,0.9657711114155495
sub-EN079,9,R,60,0.9772617476829076
sub-EN079,9,R,80,0.987509272112629
sub-EN079,9,R,100,0.9942923177897044
sub-EN079,9,R,120,1.0
sub-EN081,10,L,1,0.8379809085703166
sub-EN081,10,L,2,0.8404855308806769
sub-EN081,10,L,3,0.8584062369855188
sub-EN081,10,L,5,0.906216518526402
sub-EN081,10,L,10,0.9238666775118137
sub-EN081,10,L,20,0.9526913694103283
sub-EN081,10,L,40,0.9693077560426058
sub-EN081,10,L,60,0.981057635767465
sub-EN081,10,L,80,0.9890236393083727
sub-EN081,10,L,100,0.994497180140106
sub-EN081,10,L,120,1.0
sub-EN081,10,R,1,0.8200691090584058
sub-EN081,10,R,2,0.8218618832098669
sub-EN081,10,R,3,0.8300875148292997
sub-EN081,10,R,5,0.8952422606380371
sub-EN081,10,R,10,0.9190459969549476
sub-EN081,10,R,20,0.9521227650014003
sub-EN081,10,R,40,0.969536536605279
sub-EN081,10,R,60,0.9808019071394019
sub-EN081,10,R,80,0.9900073097425471
sub-EN081,10,R,100,0.9955774174455869
sub-EN081,10,R,120,1.0
sub-EN081,11,L,1,0.8306114731852726
sub-EN081,11,L,2,0.832854029698395
sub-EN081,11,L,3,0.8515107441489868
sub-EN081,11,L,5,0.9005936682576977
sub-EN081,11,L,10,0.919282211299383
sub-EN081,11,L,20,0.9482559800269049
sub-EN081,11,L,40,0.9656767143379325
sub-EN081,11,L,60,0.9798753001778198
sub-EN081,11,L,80,0.9893597683815704
sub-EN081,11,L,100,0.9951723932466429
sub-EN081,11,L,120,1.0
sub-EN081,11,R,1,0.8075874298591147
sub-EN081,11,R,2,0.8108891862502584
sub-EN081,11,R,3,0.8202677804789421
sub-EN081,11,R,5,0.8848073896734429
sub-EN081,11,R,10,0.910242043710435
sub-EN081,11,R,20,0.943895758306995
sub-EN081,11,R,40,0.9644994589992074
sub-EN081,11,R,60,0.9775506138015779
sub-EN081,11,R,80,0.9889754942637029
sub-EN081,11,R,100,0.995266099367356
sub-EN081,11,R,120,1.0
sub-EN081,12,L,1,0.8304460677787185
sub-EN081,12,L,2,0.8365774208591362
sub-EN081,12,L,3,0.8542511801913033
sub-EN081,12,L,5,0.902318057806459
sub-EN081,12,L,10,0.9202855112357997
sub-EN081,12,L,20,0.9503035816226273
sub-EN081,12,L,40,0.968378526228591
sub-EN081,12,L,60,0.9812965245220925
sub-EN081,12,L,80,0.9897753689345267
sub-EN081,12,L,100,0.9949485259847234
sub-EN081,12,L,120,1.0
sub-EN081,12,R,1,0.8151522375829523
sub-EN081,12,R,2,0.8199880055657884
sub-EN081,12,R,3,0.8288447131591246
sub-EN081,12,R,5,0.8927378915116088
sub-EN081,12,R,10,0.9178924259610729
sub-EN081,12,R,20,0.9500018291934607
sub-EN081,12,R,40,0.9688364286448363
sub-EN081,12,R,60,0.9801057696489749
sub-EN081,12,R,80,0.9899610423951333
sub-EN081,12,R,100,0.9957755836681474
sub-EN081,12,R,120,1.0
sub-EN081,13,L,1,0.8300543504858111
sub-EN081,13,L,2,0.8351974138126426
sub-EN081,13,L,3,0.8533828180679439
sub-EN081,13,L,5,0.9040361030546744
sub-EN081,13,L,10,0.923033220389721
sub-EN081,13,L,20,0.9519984580016844
sub-EN081,13,L,40,0.9689394778774787
sub-EN081,13,L,60,0.9824340932223963
sub-EN081,13,L,80,0.9904968784646051
sub-EN081,13,L,100,0.9952593109305108
sub-EN081,13,L,120,1.0
sub-EN081,13,R,1,0.8054572104931986
sub-EN081,13,R,2,0.812581754639786
sub-EN081,13,R,3,0.8214662047936337
sub-EN081,13,R,5,0.8881200246363432
sub-EN081,13,R,10,0.912776885309813
sub-EN081,13,R,20,0.9467072599128566
sub-EN081,13,R,40,0.9670440192133716
sub-EN081,13,R,60,0.9798516204210478
sub-EN081,13,R,80,0.9901434865972716
sub-EN081,13,R,100,0.9952614475644149
sub-EN081,13,R,120,1.0
sub-EN081,14,L,1,0.8266501821267618
sub-EN081,14,L,2,0.8304665744796251
sub-EN081,14,L,3,0.8476379038950445
sub-EN081,14,L,5,0.8958761408841183
sub-EN081,14,L,10,0.9143789338269007
sub-EN081,14,L,20,0.9460598274088666
sub-EN081,14,L,40,0.9663263716598323
sub-EN081,14,L,60,0.9800957423411117
sub-EN081,14,L,80,0.9895629098648479
sub-EN081,14,L,100,0.9950571382282729
sub-EN081,14,L,120,1.0
sub-EN081,14,R,1,0.8096613953563361
sub-EN081,14,R,2,0.812790553457045
sub-EN081,14,R,3,0.8210260996236352
sub-EN081,14,R,5,0.884912220941771
sub-EN081,14,R,10,0.9097654881224299
sub-EN081,14,R,20,0.9448055710054201
sub-EN081,14,R,40,0.9652887278779606
sub-EN081,14,R,60,0.9778998331537183
sub-EN081,14,R,80,0.9889799893419373
sub-EN081,14,R,100,0.995177207104266
sub-EN081,14,R,120,1.0
sub-EN081,6,L,1,0.8499586844396579
sub-EN081,6,L,2,0.8515351908780939
sub-EN081,6,L,3,0.867757921257932
sub-EN081,6,L,5,0.9133961446750422
sub-EN081,6,L,10,0.9305619720646475
sub-EN081,6,L,20,0.9558834703961041
sub-EN081,6,L,40,0.9708109762440466
sub-EN081,6,L,60,0.9828740480823759
sub-EN081,6,L,80,0.9905371451554433
sub-EN081,6,L,100,0.995524596907682
sub-EN081,6,L,120,1.0
sub-EN081,6,R,1,0.8315053659515931
sub-EN081,6,R,2,0.8330617608162093
sub-EN081,6,R,3,0.8411855160224969
sub-EN081,6,R,5,0.9012879988066368
sub-EN081,6,R,10,0.9260075023277629
sub-EN081,6,R,20,0.9536093014832261
sub-EN081,6,R,40,0.9707018722951533
sub-EN081,6,R,60,0.9822184348483094
sub-EN081,6,R,80,0.9914981772950167
sub-EN081,6,R,100,0.9964262714719813
sub-EN081,6,R,120,1.0
sub-EN081,7,L,1,0.8466312074160186
sub-EN081,7,L,2,0.8509961396171518
sub-EN081,7,L,3,0.8677907532272598
sub-EN081,7,L,5,0.9154053625141405
sub-EN081,7,L,10,0.9327342411684711
sub-EN081,7,L,20,0.9574129213599588
sub-EN081,7,L,40,0.9718380859207024
sub-EN081,7,L,60,0.9836672406304952
sub-EN081,7,L,80,0.9916609316913302
sub-EN081,7,L,100,0.9957035203953628
sub-EN081,7,L,120,1.0
sub-EN081,7,R,1,0.8296398916822707
sub-EN081,7,R,2,0.834153154875458
sub-EN081,7,R,3,0.8418612718182997
sub-EN081,7,R,5,0.9036742906420123
sub-EN081,7,R,10,0.9268193373909062
sub-EN081,7,R,20,0.9555953131830792
sub-EN081,7,R,40,0.9710841863718888
sub-EN081,7,R,60,0.9819643915632448
sub-EN081,7,R,80,0.9913755047538183
sub-EN081,7,R,100,0.9958227305412828
sub-EN081,7,R,120,1.0
sub-EN081,8,L,1,0.8377333061387043
sub-EN081,8,L,2,0.8398491464963591
sub-EN081,8,L,3,0.8573801195971824
sub-EN081,8,L,5,0.9055347833775494
sub-EN081,8,L,10,0.9234111659631188
sub-EN081,8,L,20,0.9520240497940274
sub-EN081,8,L,40,0.9689542473974024
sub-EN081,8,L,60,0.9812975229518459
sub-EN081,8,L,80,0.9897273595936054
sub-EN081,8,L,100,0.9955727622408748
sub-EN081,8,L,120,1.0
sub-EN081,8,R,1,0.8176639828336344
sub-EN081,8,R,2,0.8203986283321413
sub-EN081,8,R,3,0.8282406924869479
sub-EN081,8,R,5,0.8922078316460811
sub-EN081,8,R,10,0.9165785280220018
sub-EN081,8,R,20,0.948960996089712
sub-EN081,8,R,40,0.9679320271722094
sub-EN081,8,R,60,0.9792371670382876
sub-EN081,8,R,80,0.9895325227460816
sub-EN081,8,R,100,0.9955855099043512
sub-EN081,8,R,120,1.0
sub-EN081,9,L,1,0.8373176689268338
sub-EN081,9,L,2,0.8410471526818474
sub-EN081,9,L,3,0.8603933774065561
sub-EN081,9,L,5,0.9076310268779969
sub-EN081,9,L,10,0.9253720698810248
sub-EN081,9,L,20,0.9542139780065474
sub-EN081,9,L,40,0.9699377881659463
sub-EN081,9,L,60,0.9821242738497152
sub-EN081,9,L,80,0.990202694799418
sub-EN081,9,L,100,0.995160006448956
sub-EN081,9,L,120,1.0
sub-EN081,9,R,1,0.8177131906827161
sub-EN081,9,R,2,0.8208418035208707
sub-EN081,9,R,3,0.8308372546341144
sub-EN081,9,R,5,0.8943682823435554
sub-EN081,9,R,10,0.9184671728880782
sub-EN081,9,R,20,0.950460129367958
sub-EN081,9,R,40,0.9697144562544896
sub-EN081,9,R,60,0.9812594721921094
sub-EN081,9,R,80,0.9905958202038356
sub-EN081,9,R,100,0.9958100726849447
sub-EN081,9,R,120,1.0
sub-EN082,10,L,1,0.8230737575350572
sub-EN082,10,L,2,0.8275633032464912
sub-EN082,10,L,3,0.8459056631328773
sub-EN082,10,L,5,0.8961273053125897
sub-EN082,10,L,10,0.9153078707523415
sub-EN082,10,L,20,0.9431010676653229
sub-EN082,10,L,40,0.9626151826346991
sub-EN082,10,L,60,0.9777071754529703
sub-EN082,10,L,80,0.9877377882091378
sub-EN082,10,L,100,0.9942676499134632
sub-EN082,10,L,120,1.0
sub-EN082,10,R,1,0.7999484265662271
sub-EN082,10,R,2,0.8067233815343151
sub-EN082,10,R,3,0.8160048460616772
sub-EN082,10,R,5,0.8850150501722934
sub-EN082,10,R,10,0.9102233113372576
sub-EN082,10,R,20,0.9428507590392378
sub-EN082,10,R,40,0.9633080402322637
sub-EN082,10,R,60,0.9769353801645336
sub-EN082,10,R,80,0.98798410714109
sub-EN082,10,R,100,0.9945510790637146
sub-EN082,10,R,120,1.0
sub-EN082,11,L,1,0.8109019697601201
sub-EN082,11,L,2,0.8177092810827389
sub-EN082,11,L,3,0.8371737777154439
sub-EN082,11,L,5,0.8891964144826482
sub-EN082,11,L,10,0.9107543883433475
sub-EN082,11,L,20,0.9392389442000889
sub-EN082,11,L,40,0.9594123706495452
sub-EN082,11,L,60,0.9764082185427525
sub-EN082,11,L,80,0.9864866874142845
sub-EN082,11,L,100,0.9936904890105364
sub-EN082,11,L,120,1.0
sub-EN082,11,R,1,0.7710116870493362
sub-EN082,11,R,2,0.7829878600625525
sub-EN082,11,R,3,0.7960445932512598
sub-EN082,11,R,5,0.8709174667587936
sub-EN082,11,R,10,0.9007897201277322
sub-EN082,11,R,20,0.9344393459873045
sub-EN082,11,R,40,0.9585243906994849
sub-EN082,11,R,60,0.9740882072004305
sub-EN082,11,R,80,0.9858603599855951
sub-EN082,11,R,100,0.993512878571046
sub-EN082,11,R,120,1.0
sub-EN082,12,L,1,0.8010861453627729
sub-EN082,12,L,2,0.8080915530150928
sub-EN082,12,L,3,0.8253853230169056
sub-EN082,12,L,5,0.8799994529657801
sub-EN082,12,L,10,0.9017747113532032
sub-EN082,12,L,20,0.9334918375193968
sub-EN082,12,L,40,0.9552259638998845
sub-EN082,12,L,60,0.971989564266937
sub-EN082,12,L,80,0.9845264885582509
sub-EN082,12,L,100,0.9922564655137058
sub-EN082,12,L,120,1.0
sub-EN082,12,R,1,0.7764870837202749
sub-EN082,12,R,2,0.7878064588288615
sub-EN082,12,R,3,0.7975000466920824
sub-EN082,12,R,5,0.8717203333229548
sub-EN082,12,R,10,0.9005865276143875
sub-EN082,12,R,20,0.9375365954149129
sub-EN082,12,R,40,0.959511324388722
sub-EN082,12,R,60,0.9752452213318559
sub-EN082,12,R,80,0.9867996302453265
sub-EN082,12,R,100,0.9938554912302519
sub-EN082,12,R,120,1.0
sub-EN082,13,L,1,0.8026644621317374
sub-EN082,13,L,2,0.8088957551786105
sub-EN082,13,L,3,0.8314835044409792
sub-EN082,13,L,5,0.8849989273311606
sub-EN082,13,L,10,0.9070292078822593
sub-EN082,13,L,20,0.9374181563243374
sub-EN082,13,L,40,0.9587403189756998
sub-EN082,13,L,60,0.97525655893893
sub-EN082,13,L,80,0.98643942502829
sub-EN082,13,L,100,0.9929961820844602
sub-EN082,13,L,120,1.0
sub-EN082,13,R,1,0.7522133150615881
sub-EN082,13,R,2,0.7585185156335739
sub-EN082,13,R,3,0.7733928030006539
sub-EN082,13,R,5,0.8551489230106619
sub-EN082,13,R,10,0.8859537841724231
sub-EN082,13,R,20,0.9238873129624292
sub-EN082,13,R,40,0.9497104853400745
sub-EN082,13,R,60,0.9705373299497271
sub-EN082,13,R,80,0.9855889640344112
sub-EN082,13,R,100,0.9929685398100399
sub-EN082,13,R,120,1.0
sub-EN082,14,L,1,0.787419567085802
sub-EN082,14,L,2,0.8003881793835993
sub-EN082,14,L,3,0.8188724949118565
sub-EN082,14,L,5,0.8769338711419987
sub-EN082,14,L,10,0.9004231431971947
sub-EN082,14,L,20,0.9339545494431313
sub-EN082,14,L,40,0.9554269200204718
sub-EN082,14,L,60,0.9719678759004559
sub-EN082,14,L,80,0.9844892933337965
sub-EN082,14,L,100,0.9930324693572433
sub-EN082,14,L,120,1.0
sub-EN082,14,R,1,0.7698417354236866
sub-EN082,14,R,2,0.7920413670775287
sub-EN082,14,R,3,0.7999452082472436
sub-EN082,14,R,5,0.8707439254105349
sub-EN082,14,R,10,0.900254580022304
sub-EN082,14,R,20,0.9354690327983923
sub-EN082,14,R,40,0.959692207466075
sub-EN082,14,R,60,0.9740879193863239
sub-EN082,14,R,80,0.9861709104706612
sub-EN082,14,R,100,0.9936251905697044
sub-EN082,14,R,120,1.0
sub-EN082,6,L,1,0.8009610294532378
sub-EN082,6,L,2,0.8171876884380185
sub-EN082,6,L,3,0.8370998499755469
sub-EN082,6,L,5,0.891254295360772
sub-EN082,6,L,10,0.9154768206813951
sub-EN082,6,L,20,0.9467725058451905
sub-EN082,6,L,40,0.9631232837235815
sub-EN082,6,L,60,0.9762216969361183
sub-EN082,6,L,80,0.9866582771702529
sub-EN082,6,L,100,0.9937070506782791
sub-EN082,6,L,120,1.0
sub-EN082,6,R,1,0.7764332003131539
sub-EN082,6,R,2,0.7895750945711798
sub-EN082,6,R,3,0.8069942231081348
sub-EN082,6,R,5,0.8784123635081211
sub-EN082,6,R,10,0.9087082502627161
sub-EN082,6,R,20,0.9398701868464193
sub-EN082,6,R,40,0.960059592529804
sub-EN082,6,R,60,0.9753825502247148
sub-EN082,6,R,80,0.9856832791504364
sub-EN082,6,R,100,0.9928654551261558
sub-EN082,6,R,120,1.0
sub-EN082,7,L,1,0.8238630065532658
sub-EN082,7,L,2,0.8272205469244571
sub-EN082,7,L,3,0.8450958088783895
sub-EN082,7,L,5,0.8945673763187363
sub-EN082,7,L,10,0.9164280084213159
sub-EN082,7,L,20,0.9445097768589076
sub-EN082,7,L,40,0.9631231661297535
sub-EN082,7,L,60,0.9783876322679937
sub-EN082,7,L,80,0.9880971021201013
sub-EN082,7,L,100,0.9943136432762093
sub-EN082,7,L,120,1.0
sub-EN082,7,R,1,0.7923177991039829
sub-EN082,7,R,2,0.7982214102359568
sub-EN082,7,R,3,0.8088700826200966
sub-EN082,7,R,5,0.8814243199328906
sub-EN082,7,R,10,0.9113683275921589
sub-EN082,7,R,20,0.9426567698204582
sub-EN082,7,R,40,0.9638012175770547
sub-EN082,7,R,60,0.9780342075710732
sub-EN082,7,R,80,0.9885894847143181
sub-EN082,7,R,100,0.9949468282504633
sub-EN082,7,R,120,1.0
sub-EN082,8,L,1,0.8097292466928621
sub-EN082,8,L,2,0.8169453090883418
sub-EN082,8,L,3,0.8374096435481589
sub-EN082,8,L,5,0.8892793903743718
sub-EN082,8,L,10,0.9128352676052476
sub-EN082,8,L,20,0.9407419576995436
sub-EN082,8,L,40,0.9606808537932857
sub-EN082,8,L,60,0.9758546659416666
sub-EN082,8,L,80,0.986009042643494
sub-EN082,8,L,100,0.9927618734121777
sub-EN082,8,L,120,1.0
sub-EN082,8,R,1,0.7884707685619939
sub-EN082,8,R,2,0.7973503980471809
sub-EN082,8,R,3,0.8088026220704169
sub-EN082,8,R,5,0.8791244872645496
sub-EN082,8,R,10,0.9064556845155354
sub-EN082,8,R,20,0.9399456847110114
sub-EN082,8,R,40,0.9611163152888745
sub-EN082,8,R,60,0.9758413190434386
sub-EN082,8,R,80,0.9865585440757835
sub-EN082,8,R,100,0.9936663475450096
sub-EN082,8,R,120,1.0
sub-EN082,9,L,1,0.819499924024506
sub-EN082,9,L,2,0.8242000441094891
sub-EN082,9,L,3,0.8429075131026502
sub-EN082,9,L,5,0.8931287394232773
sub-EN082,9,L,10,0.9149655942671335
sub-EN082,9,L,20,0.9423399881564516
sub-EN082,9,L,40,0.9611004716087053
sub-EN082,9,L,60,0.9765297009187414
sub-EN082,9,L,80,0.9863551064350943
sub-EN082,9,L,100,0.9939399295178157
sub-EN082,9,L,120,1.0
sub-EN082,9,R,1,0.7941792900779604
sub-EN082,9,R,2,0.7980998415628556
sub-EN082,9,R,3,0.8130023202678226
sub-EN082,9,R,5,0.8797530781270175
sub-EN082,9,R,10,0.9074804029333375
sub-EN082,9,R,20,0.9385239759238252
sub-EN082,9,R,40,0.9593100944301478
sub-EN082,9,R,60,0.9737772537438508
sub-EN082,9,R,80,0.9853804317753058
sub-EN082,9,R,100,0.9934087191108105
sub-EN082,9,R,120,1.0
sub-EN083,10,L,1,0.8396101164826552
sub-EN083,10,L,2,0.8420450727923621
sub-EN083,10,L,3,0.8619600828540895
sub-EN083,10,L,5,0.9101950230625628
sub-EN083,10,L,10,0.9273945324171289
sub-EN083,10,L,20,0.9528718207822265
sub-EN083,10,L,40,0.9681509408238198
sub-EN083,10,L,60,0.9806177853839231
sub-EN083,10,L,80,0.9893004421104522
sub-EN083,10,L,100,0.9947148029274753
sub-EN083,10,L,120,1.0
sub-EN083,10,R,1,0.8199744969967192
sub-EN083,10,R,2,0.8238654255324092
sub-EN083,10,R,3,0.8342945024791373
sub-EN083,10,R,5,0.8981186000236319
sub-EN083,10,R,10,0.9200075196678713
sub-EN083,10,R,20,0.9494823142676619
sub-EN083,10,R,40,0.9691113981812732
sub-EN083,10,R,60,0.9805656811245108
sub-EN083,10,R,80,0.9896499425802157
sub-EN083,10,R,100,0.9958355596591412
sub-EN083,10,R,120,1.0
sub-EN083,11,L,1,0.8370541792399563
sub-EN083,11,L,2,0.8413034873188647
sub-EN083,11,L,3,0.8609192502395321
sub-EN083,11,L,5,0.9096297670265857
sub-EN083,11,L,10,0.92666470701335
sub-EN083,11,L,20,0.9522053663625367
sub-EN083,11,L,40,0.9676226967665874
sub-EN083,11,L,60,0.9801220758180385
sub-EN083,11,L,80,0.9894233200792758
sub-EN083,11,L,100,0.9948782631783603
sub-EN083,11,L,120,1.0
sub-EN083,11,R,1,0.8221040376137254
sub-EN083,11,R,2,0.8263276171980865
sub-EN083,11,R,3,0.8363223325744779
sub-EN083,11,R,5,0.9004444182119199
sub-EN083,11,R,10,0.9230182998959937
sub-EN083,11,R,20,0.9520645244086416
sub-EN083,11,R,40,0.9699908783324279
sub-EN083,11,R,60,0.980963386146835
sub-EN083,11,R,80,0.9900925021604837
sub-EN083,11,R,100,0.9956628797229488
sub-EN083,11,R,120,1.0
sub-EN083,12,L,1,0.8395632620754226
sub-EN083,12,L,2,0.8430950201115436
sub-EN083,12,L,3,0.8625140265667244
sub-EN083,12,L,5,0.9117015057741563
sub-EN083,12,L,10,0.9291702617831088
sub-EN083,12,L,20,0.9551133712440328
sub-EN083,12,L,40,0.969276104709709
sub-EN083,12,L,60,0.9816156306796159
sub-EN083,12,L,80,0.9901228402023989
sub-EN083,12,L,100,0.9952275284724286
sub-EN083,12,L,120,1.0
sub-EN083,12,R,1,0.8214004122063322
sub-EN083,12,R,2,0.824996406167498
sub-EN083,12,R,3,0.8351589526238219
sub-EN083,12,R,5,0.9008109181755591
sub-EN083,12,R,10,0.9249071159318116
sub-EN083,12,R,20,0.954524196513577
sub-EN083,12,R,40,0.9715141033039586
sub-EN083,12,R,60,0.9815203921046546
sub-EN083,12,R,80,0.9903869945839902
sub-EN083,12,R,100,0.9958144505602395
sub-EN083,12,R,120,1.0
sub-EN083,13,L,1,0.8311900082033592
sub-EN083,13,L,2,0.8351544166743637
sub-EN083,13,L,3,0.8565705195341261
sub-EN083,13,L,5,0.9048926438952599
sub-EN083,13,L,10,0.9228765897888651
sub-EN083,13,L,20,0.9506095664821618
sub-EN083,13,L,40,0.9666605665584822
sub-EN083,13,L,60,0.9792590366257585
sub-EN083,13,L,80,0.9889193893654119
sub-EN083,13,L,100,0.9948476426298137
sub-EN083,13,L,120,1.0
sub-EN083,13,R,1,0.8128622460939273
sub-EN083,13,R,2,0.8203373581839931
sub-EN083,13,R,3,0.8301337846632098
sub-EN083,13,R,5,0.8962773920493207
sub-EN083,13,R,10,0.9184441241134259
sub-EN083,13,R,20,0.949437313663124
sub-EN083,13,R,40,0.9685161067429399
sub-EN083,13,R,60,0.9799658628226473
sub-EN083,13,R,80,0.9900634517080262
sub-EN083,13,R,100,0.9957099864754235
sub-EN083,13,R,120,1.0
sub-EN083,14,L,1,0.8215164768541787
sub-EN083,14,L,2,0.8268218474372849
sub-EN083,14,L,3,0.8500216423350966
sub-EN083,14,L,5,0.9007422645577772
sub-EN083,14,L,10,0.9189213275974152
sub-EN083,14,L,20,0.9467838840998065
sub-EN083,14,L,40,0.9644320599904725
sub-EN083,14,L,60,0.9779918695989875
sub-EN083,14,L,80,0.9878894158762639
sub-EN083,14,L,100,0.9943085499803288
sub-EN083,14,L,120,1.0
sub-EN083,14,R,1,0.8130726590718803
sub-EN083,14,R,2,0.8154281358560631
sub-EN083,14,R,3,0.8253885008897659
sub-EN083,14,R,5,0.8940731387048945
sub-EN083,14,R,10,0.9192915033360863
sub-EN083,14,R,20,0.9490737477133473
sub-EN083,14,R,40,0.9685568361695835
sub-EN083,14,R,60,0.9795098918946927
sub-EN083,14,R,80,0.9894025402647239
sub-EN083,14,R,100,0.9956136635283593
sub-EN083,14,R,120,1.0
sub-EN083,15,L,1,0.8297664342481489
sub-EN083,15,L,2,0.832699026619912
sub-EN083,15,L,3,0.8532010803648973
sub-EN083,15,L,5,0.904041148663266
sub-EN083,15,L,10,0.922673435683485
sub-EN083,15,L,20,0.9502844302410316
sub-EN083,15,L,40,0.9661731498680811
sub-EN083,15,L,60,0.9801537993642995
sub-EN083,15,L,80,0.989450703943141
sub-EN083,15,L,100,0.9948139369192026
sub-EN083,15,L,120,1.0
sub-EN083,15,R,1,0.8154591705426434
sub-EN083,15,R,2,0.8188611851662583
sub-EN083,15,R,3,0.8287314397235178
sub-EN083,15,R,5,0.8962677234268772
sub-EN083,15,R,10,0.9192885090980932
sub-EN083,15,R,20,0.9500396339341864
sub-EN083,15,R,40,0.9687121116482245
sub-EN083,15,R,60,0.9804923045868107
sub-EN083,15,R,80,0.9898868142391744
sub-EN083,15,R,100,0.9957968890996536
sub-EN083,15,R,120,1.0
sub-EN083,16,L,1,0.8290151563581295
sub-EN083,16,L,2,0.8326914657589451
sub-EN083,16,L,3,0.8524729025256453
sub-EN083,16,L,5,0.9029456762829667
sub-EN083,16,L,10,0.9216683582619536
sub-EN083,16,L,20,0.9493398172330427
sub-EN083,16,L,40,0.966394877541941
sub-EN083,16,L,60,0.9794600442641401
sub-EN083,16,L,80,0.9890013033342104
sub-EN083,16,L,100,0.9948098662563745
sub-EN083,16,L,120,1.0
sub-EN083,16,R,1,0.8091027122802023
sub-EN083,16,R,2,0.813770909083299
sub-EN083,16,R,3,0.8241180533564176
sub-EN083,16,R,5,0.8905790865373849
sub-EN083,16,R,10,0.9151310759824528
sub-EN083,16,R,20,0.945912527781266
sub-EN083,16,R,40,0.96566369375477
sub-EN083,16,R,60,0.9777901979501717
sub-EN083,16,R,80,0.9880897196709855
sub-EN083,16,R,100,0.9948329541763916
sub-EN083,16,R,120,1.0
sub-EN083,8,L,1,0.8086662236590696
sub-EN083,8,L,2,0.8161134179827203
sub-EN083,8,L,3,0.8408797555713821
sub-EN083,8,L,5,0.8982105227121268
sub-EN083,8,L,10,0.9178219217121014
sub-EN083,8,L,20,0.9484617319440645
sub-EN083,8,L,40,0.96889413852033
sub-EN083,8,L,60,0.9810474867830528
sub-EN083,8,L,80,0.9894945398124536
sub-EN083,8,L,100,0.9949305232414593
sub-EN083,8,L,120,1.0
sub-EN083,8,R,1,0.7953665116824545
sub-EN083,8,R,2,0.8017103455066374
sub-EN083,8,R,3,0.815525117194472
sub-EN083,8,R,5,0.8894686309601859
sub-EN083,8,R,10,0.9145811817978712
sub-EN083,8,R,20,0.9479426634379257
sub-EN083,8,R,40,0.9702977276563737
sub-EN083,8,R,60,0.980739276913547
sub-EN083,8,R,80,0.98988954861701
sub-EN083,8,R,100,0.9953868030486359
sub-EN083,8,R,120,1.0
sub-EN083,9,L,1,0.8317641338926436
sub-EN083,9,L,2,0.8346614167165206
sub-EN083,9,L,3,0.8544049755759249
sub-EN083,9,L,5,0.9051893852962948
sub-EN083,9,L,10,0.9231851662867724
sub-EN083,9,L,20,0.9505106273862618
sub-EN083,9,L,40,0.96687825101648
sub-EN083,9,L,60,0.9799858850681725
sub-EN083,9,L,80,0.9892573913392149
sub-EN083,9,L,100,0.9943997650000079
sub-EN083,9,L,120,1.0
sub-EN083,9,R,1,0.8143304862634376
sub-EN083,9,R,2,0.819431554964361
sub-EN083,9,R,3,0.8303982174837518
sub-EN083,9,R,5,0.8961241743589766
sub-EN083,9,R,10,0.9197569947495892
sub-EN083,9,R,20,0.9487221493767883
sub-EN083,9,R,40,0.9672875719179932
sub-EN083,9,R,60,0.9796398923813213
sub-EN083,9,R,80,0.9889509098340463
sub-EN083,9,R,100,0.9948239400456679
sub-EN083,9,R,120,1.0
sub-EN084,10,L,1,0.841258657779073
sub-EN084,10,L,2,0.847237262506319
sub-EN084,10,L,3,0.8633020576002771
sub-EN084,10,L,5,0.9137264838757148
sub-EN084,10,L,10,0.9321074373101813
sub-EN084,10,L,20,0.9565571883050726
sub-EN084,10,L,40,0.9696764490330847
sub-EN084,10,L,60,0.9821220292098796
sub-EN084,10,L,80,0.9910098292690087
sub-EN084,10,L,100,0.9959054709562497
sub-EN084,10,L,120,1.0
sub-EN084,10,R,1,0.8106218075042696
sub-EN084,10,R,2,0.821143722388127
sub-EN084,10,R,3,0.8292031527874921
sub-EN084,10,R,5,0.901262354236614
sub-EN084,10,R,10,0.9239097325016402
sub-EN084,10,R,20,0.9546785767451852
sub-EN084,10,R,40,0.9710074725725365
sub-EN084,10,R,60,0.9815158425641349
sub-EN084,10,R,80,0.9900239002812822
sub-EN084,10,R,100,0.9952585897529276
sub-EN084,10,R,120,1.0
sub-EN084,13,L,1,0.8478335704927679
sub-EN084,13,L,2,0.8499742214283083
sub-EN084,13,L,3,0.8680398459346005
sub-EN084,13,L,5,0.9174140382589399
sub-EN084,13,L,10,0.935684148738603
sub-EN084,13,L,20,0.9590973579928259
sub-EN084,13,L,40,0.9717375974670834
sub-EN084,13,L,60,0.9830985395829055
sub-EN084,13,L,80,0.9915381463670825
sub-EN084,13,L,100,0.9961469682553442
sub-EN084,13,L,120,1.0
sub-EN084,13,R,1,0.8253636949624403
sub-EN084,13,R,2,0.8274052045871829
sub-EN084,13,R,3,0.8357533151461798
sub-EN084,13,R,5,0.9057222647575704
sub-EN084,13,R,10,0.9307726967107314
sub-EN084,13,R,20,0.9587756669323424
sub-EN084,13,R,40,0.973311952018292
sub-EN084,13,R,60,0.9824568941420602
sub-EN084,13,R,80,0.9912624833787474
sub-EN084,13,R,100,0.9959510716632596
sub-EN084,13,R,120,1.0
sub-EN084,14,L,1,0.8479963711350137
sub-EN084,14,L,2,0.8499787561427175
sub-EN084,14,L,3,0.8669392136633193
sub-EN084,14,L,5,0.9168642692171967
sub-EN084,14,L,10,0.9361271209057708
sub-EN084,14,L,20,0.9600681174164913
sub-EN084,14,L,40,0.9720892969348989
sub-EN084,14,L,60,0.9836948010155203
sub-EN084,14,L,80,0.9920409111586184
sub-EN084,14,L,100,0.9964892374052762
sub-EN084,14,L,120,1.0
sub-EN084,14,R,1,0.8300527933338039
sub-EN084,14,R,2,0.8317309913860494
sub-EN084,14,R,3,0.8390622327460341
sub-EN084,14,R,5,0.9067034796188314
sub-EN084,14,R,10,0.9302576258560258
sub-EN084,14,R,20,0.9593226333460189
sub-EN084,14,R,40,0.9742519936062206
sub-EN084,14,R,60,0.9832789921756397
sub-EN084,14,R,80,0.9919060406735507
sub-EN084,14,R,100,0.9962621855991803
sub-EN084,14,R,120,1.0
sub-EN084,15,L,1,0.8460219927727487
sub-EN084,15,L,2,0.8487988134099851
sub-EN084,15,L,3,0.8653494929621636
sub-EN084,15,L,5,0.9152203803392616
sub-EN084,15,L,10,0.9337845707256889
sub-EN084,15,L,20,0.9586598719937248
sub-EN084,15,L,40,0.971111581388363
sub-EN084,15,L,60,0.9823886817666684
sub-EN084,15,L,80,0.9911742478077596
sub-EN084,15,L,100,0.9960191318427771
sub-EN084,15,L,120,1.0
sub-EN084,15,R,1,0.8255469476256003
sub-EN084,15,R,2,0.8301082079353526
sub-EN084,15,R,3,0.8373320028930842
sub-EN084,15,R,5,0.905268237948573
sub-EN084,15,R,10,0.9282042407271439
sub-EN084,15,R,20,0.9595331259669735
sub-EN084,15,R,40,0.973665677812223
sub-EN084,15,R,60,0.9828616034376302
sub-EN084,15,R,80,0.9917627575922209
sub-EN084,15,R,100,0.9962229250265271
sub-EN084,15,R,120,1.0
sub-EN084,16,L,1,0.8297277039191363
sub-EN084,16,L,2,0.835619059417735
sub-EN084,16,L,3,0.8547572600897402
sub-EN084,16,L,5,0.9060047119359379
sub-EN084,16,L,10,0.92657195067308
sub-EN084,16,L,20,0.9529231185347282
sub-EN084,16,L,40,0.9676800471380284
sub-EN084,16,L,60,0.9801721554604829
sub-EN084,16,L,80,0.9898275045088124
sub-EN084,16,L,100,0.9955313632618155
sub-EN084,16,L,120,1.0
sub-EN084,16,R,1,0.8118395402885409
sub-EN084,16,R,2,0.8215727911051636
sub-EN084,16,R,3,0.8296589109254484
sub-EN084,16,R,5,0.8997132282844079
sub-EN084,16,R,10,0.9226962140837205
sub-EN084,16,R,20,0.954179252906353
sub-EN084,16,R,40,0.9703216829660672
sub-EN084,16,R,60,0.9805743993135732
sub-EN084,16,R,80,0.9905033263267827
sub-EN084,16,R,100,0.9954775816733069
sub-EN084,16,R,120,1.0
sub-EN084,17,L,1,0.8321426147627626
sub-EN084,17,L,2,0.8380235339789949
sub-EN084,17,L,3,0.8554841695449308
sub-EN084,17,L,5,0.9070439458473417
sub-EN084,17,L,10,0.9263063730504343
sub-EN084,17,L,20,0.9514464059032444
sub-EN084,17,L,40,0.9656454024694952
sub-EN084,17,L,60,0.9795092764991327
sub-EN084,17,L,80,0.9891025329177034
sub-EN084,17,L,100,0.9949888729563433
sub-EN084,17,L,120,1.0
sub-EN084,17,R,1,0.8090867852941271
sub-EN084,17,R,2,0.817976045193169
sub-EN084,17,R,3,0.8273633239579449
sub-EN084,17,R,5,0.8990698069523874
sub-EN084,17,R,10,0.9205265161839429
sub-EN084,17,R,20,0.9520865535971681
sub-EN084,17,R,40,0.9674262323700958
sub-EN084,17,R,60,0.9788628737999534
sub-EN084,17,R,80,0.9888461840261228
sub-EN084,17,R,100,0.9949250512316012
sub-EN084,17,R,120,1.0
sub-EN084,18,L,1,0.8496338298364348
sub-EN084,18,L,2,0.8528134014945816
sub-EN084,18,L,3,0.8696649050271337
sub-EN084,18,L,5,0.9189416840152206
sub-EN084,18,L,10,0.9373119125395653
sub-EN084,18,L,20,0.960773435679951
sub-EN084,18,L,40,0.9727816344609165
sub-EN084,18,L,60,0.9841264989626539
sub-EN084,18,L,80,0.9920380925053193
sub-EN084,18,L,100,0.9962365569452436
sub-EN084,18,L,120,1.0
sub-EN084,18,R,1,0.8335440227551294
sub-EN084,18,R,2,0.8375779971591316
sub-EN084,18,R,3,0.844698601190078
sub-EN084,18,R,5,0.910647049166466
sub-EN084,18,R,10,0.9328204608970176
sub-EN084,18,R,20,0.9606840069511934
sub-EN084,18,R,40,0.9744972224387389
sub-EN084,18,R,60,0.9834935452463947
sub-EN084,18,R,80,0.9920039688691047
sub-EN084,18,R,100,0.9962870664764348
sub-EN084,18,R,120,1.0
sub-EN084,19,L,1,0.8444704918247766
sub-EN084,19,L,2,0.8465723255286813
sub-EN084,19,L,3,0.8639971727741631
sub-EN084,19,L,5,0.9134978588176611
sub-EN084,19,L,10,0.9317144906290735
sub-EN084,19,L,20,0.9558762762332181
sub-EN084,19,L,40,0.9698425547028315
sub-EN084,19,L,60,0.98210873363161
sub-EN084,19,L,80,0.9907704888599631
sub-EN084,19,L,100,0.9960598206067602
sub-EN084,19,L,120,1.0
sub-EN084,19,R,1,0.8299950181961305
sub-EN084,19,R,2,0.8321178359608201
sub-EN084,19,R,3,0.8395022160555804
sub-EN084,19,R,5,0.9060379868171512
sub-EN084,19,R,10,0.9286312730384496
sub-EN084,19,R,20,0.9569091700555655
sub-EN084,19,R,40,0.9719905205700502
sub-EN084,19,R,60,0.9817519356167838
sub-EN084,19,R,80,0.990888589213555
sub-EN084,19,R,100,0.9959381550952638
sub-EN084,19,R,120,1.0
sub-EN084,9,L,1,0.848730598431508
sub-EN084,9,L,2,0.8511154894823395
sub-EN084,9,L,3,0.8679425556819332
sub-EN084,9,L,5,0.9182338193524362
sub-EN084,9,L,10,0.9362581913359084
sub-EN084,9,L,20,0.9601520657481944
sub-EN084,9,L,40,0.971653661843099
sub-EN084,9,L,60,0.9834539108452903
sub-EN084,9,L,80,0.9919171417157002
sub-EN084,9,L,100,0.9964925127577262
sub-EN084,9,L,120,1.0
sub-EN084,9,R,1,0.8223879934917332
sub-EN084,9,R,2,0.8288799076893003
sub-EN084,9,R,3,0.8365747064912377
sub-EN084,9,R,5,0.9047503790138041
sub-EN084,9,R,10,0.9271213126883726
sub-EN084,9,R,20,0.9563169104213419
sub-EN084,9,R,40,0.9731266774083673
sub-EN084,9,R,60,0.9825358307842
sub-EN084,9,R,80,0.9915333895012435
sub-EN084,9,R,100,0.9961317605634694
sub-EN084,9,R,120,1.0
sub-EN086,10,L,1,0.8506328270616181
sub-EN086,10,L,2,0.853323996182274
sub-EN086,10,L,3,0.867679748362039
sub-EN086,10,L,5,0.9136465427986088
sub-EN086,10,L,10,0.9324626871525951
sub-EN086,10,L,20,0.95721637969656
sub-EN086,10,L,40,0.9714026594409683
sub-EN086,10,L,60,0.9835844571980101
sub-EN086,10,L,80,0.9919047560987123
sub-EN086,10,L,100,0.9960212999761823
sub-EN086,10,L,120,1.0
sub-EN086,10,R,1,0.8347834334095902
sub-EN086,10,R,2,0.8375194566036704
sub-EN086,10,R,3,0.844111799546692
sub-EN086,10,R,5,0.9044159107916704
sub-EN086,10,R,10,0.9287856079774945
sub-EN086,10,R,20,0.956654500791737
sub-EN086,10,R,40,0.9727509580029732
sub-EN086,10,R,60,0.9828168432892012
sub-EN086,10,R,80,0.9913731466888995
sub-EN086,10,R,100,0.996072474456559
sub-EN086,10,R,120,1.0
sub-EN086,11,L,1,0.8380686048392658
sub-EN086,11,L,2,0.8412608976008144
sub-EN086,11,L,3,0.855863054230814
sub-EN086,11,L,5,0.9021271341426184
sub-EN086,11,L,10,0.9222040196481942
sub-EN086,11,L,20,0.9486097916723826
sub-EN086,11,L,40,0.9653000254654572
sub-EN086,11,L,60,0.9802753114511049
sub-EN086,11,L,80,0.9901145488474656
sub-EN086,11,L,100,0.9952482739984958
sub-EN086,11,L,120,1.0
sub-EN086,11,R,1,0.8259182462945653
sub-EN086,11,R,2,0.8296377046971334
sub-EN086,11,R,3,0.8360714546790102
sub-EN086,11,R,5,0.8961530304700198
sub-EN086,11,R,10,0.9205899080718568
sub-EN086,11,R,20,0.94987422973842
sub-EN086,11,R,40,0.9678649403983075
sub-EN086,11,R,60,0.9801127486730049
sub-EN086,11,R,80,0.9898408761677787
sub-EN086,11,R,100,0.9954323923549651
sub-EN086,11,R,120,1.0
sub-EN086,12,L,1,0.839348518658301
sub-EN086,12,L,2,0.8428271315652479
sub-EN086,12,L,3,0.8583946070844413
sub-EN086,12,L,5,0.9052899243303161
sub-EN086,12,L,10,0.9256673282373666
sub-EN086,12,L,20,0.9517296270204366
sub-EN086,12,L,40,0.966811538264295
sub-EN086,12,L,60,0.9808538501182571
sub-EN086,12,L,80,0.9904130503000993
sub-EN086,12,L,100,0.9951102060254903
sub-EN086,12,L,120,1.0
sub-EN086,12,R,1,0.8273127824624437
sub-EN086,12,R,2,0.830397678057271
sub-EN086,12,R,3,0.8393498834226278
sub-EN086,12,R,5,0.9005625051883187
sub-EN086,12,R,10,0.9239258609151753
sub-EN086,12,R,20,0.9525764628892699
sub-EN086,12,R,40,0.9696249737858498
sub-EN086,12,R,60,0.9810992222667834
sub-EN086,12,R,80,0.9899154259932367
sub-EN086,12,R,100,0.9953773552344369
sub-EN086,12,R,120,1.0
sub-EN086,13,L,1,0.847040657179265
sub-EN086,13,L,2,0.8509283397109376
sub-EN086,13,L,3,0.8653763535721015
sub-EN086,13,L,5,0.9125034199272848
sub-EN086,13,L,10,0.9311047403623144
sub-EN086,13,L,20,0.9563919784484555
sub-EN086,13,L,40,0.969928887244893
sub-EN086,13,L,60,0.9822665613284269
sub-EN086,13,L,80,0.9910999947236201
sub-EN086,13,L,100,0.9955324645717736
sub-EN086,13,L,120,1.0
sub-EN086,13,R,1,0.8325929557082179
sub-EN086,13,R,2,0.8360058765544367
sub-EN086,13,R,3,0.8429324272045763
sub-EN086,13,R,5,0.9046927916595466
sub-EN086,13,R,10,0.9278215280504872
sub-EN086,13,R,20,0.9558048850334775
sub-EN086,13,R,40,0.9716313724511011
sub-EN086,13,R,60,0.9818903031624457
sub-EN086,13,R,80,0.9907863631367189
sub-EN086,13,R,100,0.9958727258660516
sub-EN086,13,R,120,1.0
sub-EN086,14,L,1,0.8368998049763318
sub-EN086,14,L,2,0.8395033558730334
sub-EN086,14,L,3,0.85546919766698
sub-EN086,14,L,5,0.9016111387386349
sub-EN086,14,L,10,0.9217510040042943
sub-EN086,14,L,20,0.9482430570839416
sub-EN086,14,L,40,0.9652368695837478
sub-EN086,14,L,60,0.9797678446476086
sub-EN086,14,L,80,0.9897413976346583
sub-EN086,14,L,100,0.9947450571157908
sub-EN086,14,L,120,1.0
sub-EN086,14,R,1,0.825228159838417
sub-EN086,14,R,2,0.8279951279065159
sub-EN086,14,R,3,0.8352042561825743
sub-EN086,14,R,5,0.8962892899320414
sub-EN086,14,R,10,0.920354064709733
sub-EN086,14,R,20,0.9497764819954163
sub-EN086,14,R,40,0.9677774563831631
sub-EN086,14,R,60,0.9797720838223537
sub-EN086,14,R,80,0.9891603309854341
sub-EN086,14,R,100,0.9950696842045476
sub-EN086,14,R,120,1.0
sub-EN086,6,L,1,0.8483579112386137
sub-EN086,6,L,2,0.8518279884061827
sub-EN086,6,L,3,0.8688400306047636
sub-EN086,6,L,5,0.9152183395434004
sub-EN086,6,L,10,0.9325604742531487
sub-EN086,6,L,20,0.9566274929199404
sub-EN086,6,L,40,0.9706479853154801
sub-EN086,6,L,60,0.982986696756945
sub-EN086,6,L,80,0.9914977638033132
sub-EN086,6,L,100,0.9957885872663093
sub-EN086,6,L,120,1.0
sub-EN086,6,R,1,0.8329045501855522
sub-EN086,6,R,2,0.8357246156643908
sub-EN086,6,R,3,0.8427326100759434
sub-EN086,6,R,5,0.9040583559306564
sub-EN086,6,R,10,0.9271994635758989
sub-EN086,6,R,20,0.9551017623615494
sub-EN086,6,R,40,0.9713559305663302
sub-EN086,6,R,60,0.9818283258475228
sub-EN086,6,R,80,0.990513376911508
sub-EN086,6,R,100,0.9955203560031592
sub-EN086,6,R,120,1.0
sub-EN086,7,L,1,0.8461879194112324
sub-EN086,7,L,2,0.849070164250074
sub-EN086,7,L,3,0.8636626805372836
sub-EN086,7,L,5,0.909178895917611
sub-EN086,7,L,10,0.9276928446029439
sub-EN086,7,L,20,0.9524639128207049
sub-EN086,7,L,40,0.9673587861849202
sub-EN086,7,L,60,0.9808897587365993
sub-EN086,7,L,80,0.9903242586052247
sub-EN086,7,L,100,0.9950421945565934
sub-EN086,7,L,120,1.0
sub-EN086,7,R,1,0.830735895731373
sub-EN086,7,R,2,0.8337643740869571
sub-EN086,7,R,3,0.8401947511914547
sub-EN086,7,R,5,0.9005051982406932
sub-EN086,7,R,10,0.9235371023186216
sub-EN086,7,R,20,0.9519192696139127
sub-EN086,7,R,40,0.9688510316459947
sub-EN086,7,R,60,0.9805391885290475
sub-EN086,7,R,80,0.9898064263963521
sub-EN086,7,R,100,0.9954966986458669
sub-EN086,7,R,120,1.0
sub-EN086,8,L,1,0.8441420355883107
sub-EN086,8,L,2,0.8469719769140333
sub-EN086,8,L,3,0.8618890494906344
sub-EN086,8,L,5,0.9075992028760569
sub-EN086,8,L,10,0.9260191798365657
sub-EN086,8,L,20,0.9512715400240739
sub-EN086,8,L,40,0.9667100184288043
sub-EN086,8,L,60,0.9803454986088654
sub-EN086,8,L,80,0.989750009782817
sub-EN086,8,L,100,0.9948906151838584
sub-EN086,8,L,120,1.0
sub-EN086,8,R,1,0.8264395640955944
sub-EN086,8,R,2,0.8294504597839153
sub-EN086,8,R,3,0.8363502365817554
sub-EN086,8,R,5,0.8976613072240911
sub-EN086,8,R,10,0.9208142614494009
sub-EN086,8,R,20,0.9490411583900016
sub-EN086,8,R,40,0.968026715011953
sub-EN086,8,R,60,0.9796927793853996
sub-EN086,8,R,80,0.9889309752214588
sub-EN086,8,R,100,0.9950686896525766
sub-EN086,8,R,120,1.0
sub-EN086,9,L,1,0.8429003685697176
sub-EN086,9,L,2,0.8454456598323338
sub-EN086,9,L,3,0.8614058106857108
sub-EN086,9,L,5,0.9080807011234223
sub-EN086,9,L,10,0.9273787327536928
sub-EN086,9,L,20,0.9528272959692432
sub-EN086,9,L,40,0.9685042739003883
sub-EN086,9,L,60,0.9816442468363767
sub-EN086,9,L,80,0.9905915672404039
sub-EN086,9,L,100,0.9953970088109269
sub-EN086,9,L,120,1.0
sub-EN086,9,R,1,0.8275511859467429
sub-EN086,9,R,2,0.8296708702996501
sub-EN086,9,R,3,0.8381162168002856
sub-EN086,9,R,5,0.8995159525817922
sub-EN086,9,R,10,0.9234425228593558
sub-EN086,9,R,20,0.951691318007196
sub-EN086,9,R,40,0.9695134650310979
sub-EN086,9,R,60,0.9806494484350587
sub-EN086,9,R,80,0.9896648381320167
sub-EN086,9,R,100,0.9954690093073334
sub-EN086,9,R,120,1.0
sub-EN087,13,L,1,0.8308572990801553
sub-EN087,13,L,2,0.8352214842528407
sub-EN087,13,L,3,0.861348054673652
sub-EN087,13,L,5,0.910692639227671
sub-EN087,13,L,10,0.9288131666495166
sub-EN087,13,L,20,0.9546211439796016
sub-EN087,13,L,40,0.9703369253324343
sub-EN087,13,L,60,0.9823322698314262
sub-EN087,13,L,80,0.9905045201711054
sub-EN087,13,L,100,0.9957824038303348
sub-EN087,13,L,120,1.0
sub-EN087,13,R,1,0.8117469840402565
sub-EN087,13,R,2,0.8145270153368925
sub-EN087,13,R,3,0.8281970110127214
sub-EN087,13,R,5,0.8966204307077714
sub-EN087,13,R,10,0.9209562092026217
sub-EN087,13,R,20,0.9500642748873517
sub-EN087,13,R,40,0.9686893687433367
sub-EN087,13,R,60,0.9793893850354765
sub-EN087,13,R,80,0.9892950200670898
sub-EN087,13,R,100,0.9951781152485946
sub-EN087,13,R,120,1.0
sub-EN087,14,L,1,0.8431808811822032
sub-EN087,14,L,2,0.8460413772759481
sub-EN087,14,L,3,0.8638238841678314
sub-EN087,14,L,5,0.912597919921852
sub-EN087,14,L,10,0.931788265915694
sub-EN087,14,L,20,0.9566404635374399
sub-EN087,14,L,40,0.9709501855448026
sub-EN087,14,L,60,0.9831878328547808
sub-EN087,14,L,80,0.9910427855745755
sub-EN087,14,L,100,0.995795107521154
sub-EN087,14,L,120,1.0
sub-EN087,14,R,1,0.8224483558329893
sub-EN087,14,R,2,0.8241093385477558
sub-EN087,14,R,3,0.8351788831061833
sub-EN087,14,R,5,0.8997775669331392
sub-EN087,14,R,10,0.923696816302996
sub-EN087,14,R,20,0.9523826913278242
sub-EN087,14,R,40,0.9699974944412232
sub-EN087,14,R,60,0.9799437026340294
sub-EN087,14,R,80,0.9896886428521733
sub-EN087,14,R,100,0.9953710759986308
sub-EN087,14,R,120,1.0
sub-EN087,15,L,1,0.8286379809616033
sub-EN087,15,L,2,0.8326104368288103
sub-EN087,15,L,3,0.8532763996901634
sub-EN087,15,L,5,0.9028952542600576
sub-EN087,15,L,10,0.9221769562013113
sub-EN087,15,L,20,0.9495184125803257
sub-EN087,15,L,40,0.9666824851630754
sub-EN087,15,L,60,0.9807658290910782
sub-EN087,15,L,80,0.9896443393297666
sub-EN087,15,L,100,0.9952109593552775
sub-EN087,15,L,120,1.0
sub-EN087,15,R,1,0.8071893086524231
sub-EN087,15,R,2,0.8106148068232365
sub-EN087,15,R,3,0.8235548806946157
sub-EN087,15,R,5,0.8908646785011676
sub-EN087,15,R,10,0.9160203402145181
sub-EN087,15,R,20,0.9462091514616756
sub-EN087,15,R,40,0.9652692077398476
sub-EN087,15,R,60,0.9773915754798632
sub-EN087,15,R,80,0.9878107684957198
sub-EN087,15,R,100,0.9945192040434178
sub-EN087,15,R,120,1.0
sub-EN087,16,L,1,0.8155428807275056
sub-EN087,16,L,2,0.8234436180953079
sub-EN087,16,L,3,0.8448519944342658
sub-EN087,16,L,5,0.8961521764240382
sub-EN087,16,L,10,0.9160393191945709
sub-EN087,16,L,20,0.9465675015053225
sub-EN087,16,L,40,0.9642614330474805
sub-EN087,16,L,60,0.9784643635315128
sub-EN087,16,L,80,0.98814653663622
sub-EN087,16,L,100,0.9945679932035358
sub-EN087,16,L,120,1.0
sub-EN087,16,R,1,0.7876691723564904
sub-EN087,16,R,2,0.7964204770765372
sub-EN087,16,R,3,0.8101961845203902
sub-EN087,16,R,5,0.8801115381451734
sub-EN087,16,R,10,0.9067116050511532
sub-EN087,16,R,20,0.9404691737823314
sub-EN087,16,R,40,0.9604215720373117
sub-EN087,16,R,60,0.9740486869691909
sub-EN087,16,R,80,0.9863388599721202
sub-EN087,16,R,100,0.9939994401152192
sub-EN087,16,R,120,1.0
sub-EN087,17,L,1,0.8295590803539029
sub-EN087,17,L,2,0.8369207376686717
sub-EN087,17,L,3,0.8563544030111218
sub-EN087,17,L,5,0.9054898740707142
sub-EN087,17,L,10,0.9240412509019015
sub-EN087,17,L,20,0.9531143881370165
sub-EN087,17,L,40,0.9692121937506651
sub-EN087,17,L,60,0.9823249652474492
sub-EN087,17,L,80,0.9904799683341345
sub-EN087,17,L,100,0.9958847050006722
sub-EN087,17,L,120,1.0
sub-EN087,17,R,1,0.813843241535045
sub-EN087,17,R,2,0.8200351487705375
sub-EN087,17,R,3,0.8302325103965144
sub-EN087,17,R,5,0.8962091144086325
sub-EN087,17,R,10,0.9208312366592828
sub-EN087,17,R,20,0.9508702620948821
sub-EN087,17,R,40,0.9679238228796437
sub-EN087,17,R,60,0.9795287717055327
sub-EN087,17,R,80,0.9895269087151454
sub-EN087,17,R,100,0.9952359068835874
sub-EN087,17,R,120,1.0
sub-EN087,18,L,1,0.8348539733942327
sub-EN087,18,L,2,0.8371752496200768
sub-EN087,18,L,3,0.8558774423256457
sub-EN087,18,L,5,0.9035517121748277
sub-EN087,18,L,10,0.9226497131512953
sub-EN087,18,L,20,0.9504836005764823
sub-EN087,18,L,40,0.9670036038454505
sub-EN087,18,L,60,0.9806194143541817
sub-EN087,18,L,80,0.989977609829184
sub-EN087,18,L,100,0.9954376157346517
sub-EN087,18,L,120,1.0
sub-EN087,18,R,1,0.8157894089545431
sub-EN087,18,R,2,0.8179523461253938
sub-EN087,18,R,3,0.82761190698794
sub-EN087,18,R,5,0.8929536948108975
sub-EN087,18,R,10,0.9172389734135192
sub-EN087,18,R,20,0.9477254886121276
sub-EN087,18,R,40,0.9663816623083035
sub-EN087,18,R,60,0.9776684908141342
sub-EN087,18,R,80,0.9884710954091932
sub-EN087,18,R,100,0.9949561652049724
sub-EN087,18,R,120,1.0
sub-EN087,7,L,1,0.7967192289911125
sub-EN087,7,L,2,0.8049352772578123
sub-EN087,7,L,3,0.8336443870800486
sub-EN087,7,L,5,0.8902270104463689
sub-EN087,7,L,10,0.9151483987816544
sub-EN087,7,L,20,0.9449397080986495
sub-EN087,7,L,40,0.9626882471134037
sub-EN087,7,L,60,0.9775813590249839
sub-EN087,7,L,80,0.9874884004129283
sub-EN087,7,L,100,0.9947171370836523
sub-EN087,7,L,120,1.0
sub-EN087,7,R,1,0.7591940310512761
sub-EN087,7,R,2,0.7680509527751118
sub-EN087,7,R,3,0.7898330975066743
sub-EN087,7,R,5,0.8647637355712342
sub-EN087,7,R,10,0.8998335407251165
sub-EN087,7,R,20,0.9347460748992141
sub-EN087,7,R,40,0.9589851941670516
sub-EN087,7,R,60,0.9732622230293752
sub-EN087,7,R,80,0.9858298828315278
sub-EN087,7,R,100,0.9934773571304808
sub-EN087,7,R,120,1.0
sub-EN087,8,L,1,0.8223361500196052
sub-EN087,8,L,2,0.8306612706439869
sub-EN087,8,L,3,0.8524368631556484
sub-EN087,8,L,5,0.9025040427643637
sub-EN087,8,L,10,0.9244627408771835
sub-EN087,8,L,20,0.9511056603983187
sub-EN087,8,L,40,0.9676891418095225
sub-EN087,8,L,60,0.9810526719396929
sub-EN087,8,L,80,0.9898558741574912
sub-EN087,8,L,100,0.9954091830334472
sub-EN087,8,L,120,1.0
sub-EN087,8,R,1,0.8030735168582698
sub-EN087,8,R,2,0.8127432015662921
sub-EN087,8,R,3,0.8246246573299483
sub-EN087,8,R,5,0.8917417456305193
sub-EN087,8,R,10,0.9182774172661275
sub-EN087,8,R,20,0.9489665639858503
sub-EN087,8,R,40,0.9682511682022914
sub-EN087,8,R,60,0.9793029446098583
sub-EN087,8,R,80,0.9887726475749529
sub-EN087,8,R,100,0.9945591204542685
sub-EN087,8,R,120,1.0
sub-EN087,9,L,1,0.8145377726377669
sub-EN087,9,L,2,0.8231384642216965
sub-EN087,9,L,3,0.847436759731937
sub-EN087,9,L,5,0.8979693777581361
sub-EN087,9,L,10,0.9231179410502164
sub-EN087,9,L,20,0.9488328253964211
sub-EN087,9,L,40,0.9667330536918729
sub-EN087,9,L,60,0.9803651715589495
sub-EN087,9,L,80,0.9887133705572102
sub-EN087,9,L,100,0.9950768716800497
sub-EN087,9,L,120,1.0
sub-EN087,9,R,1,0.8011815840741269
sub-EN087,9,R,2,0.8061260483482668
sub-EN087,9,R,3,0.8185165108412746
sub-EN087,9,R,5,0.8839195434553406
sub-EN087,9,R,10,0.9132849800974892
sub-EN087,9,R,20,0.9447924923528227
sub-EN087,9,R,40,0.9660070006301925
sub-EN087,9,R,60,0.9777807266100348
sub-EN087,9,R,80,0.987564649585472
sub-EN087,9,R,100,0.9938974335437135
sub-EN087,9,R,120,1.0
sub-EN088,10,L,1,0.8403011191646949
sub-EN088,10,L,2,0.8426948479358167
sub-EN088,10,L,3,0.8583928228929766
sub-EN088,10,L,5,0.9052522596523603
sub-EN088,10,L,10,0.9253774016272878
sub-EN088,10,L,20,0.952067450361537
sub-EN088,10,L,40,0.9679478035526954
sub-EN088,10,L,60,0.9813198451627367
sub-EN088,10,L,80,0.9901083847762243
sub-EN088,10,L,100,0.9952346681776784
sub-EN088,10,L,120,1.0
sub-EN088,10,R,1,0.8271892310286351
sub-EN088,10,R,2,0.8294398513863027
sub-EN088,10,R,3,0.8375438582069287
sub-EN088,10,R,5,0.9000471252014407
sub-EN088,10,R,10,0.9247242916205687
sub-EN088,10,R,20,0.9528685370631302
sub-EN088,10,R,40,0.9699775182528727
sub-EN088,10,R,60,0.9809324412278594
sub-EN088,10,R,80,0.9903064650836216
sub-EN088,10,R,100,0.9956270544688658
sub-EN088,10,R,120,1.0
sub-EN088,11,L,1,0.8284308113641491
sub-EN088,11,L,2,0.8318731417923578
sub-EN088,11,L,3,0.8488793817898111
sub-EN088,11,L,5,0.8977852064416167
sub-EN088,11,L,10,0.9180434435010363
sub-EN088,11,L,20,0.9457146136600552
sub-EN088,11,L,40,0.9638462675522124
sub-EN088,11,L,60,0.9785841429377322
sub-EN088,11,L,80,0.9886936692256809
sub-EN088,11,L,100,0.9946721709888685
sub-EN088,11,L,120,1.0
sub-EN088,11,R,1,0.8072704048778586
sub-EN088,11,R,2,0.8114818848749711
sub-EN088,11,R,3,0.8192995675252204
sub-EN088,11,R,5,0.8866127300649661
sub-EN088,11,R,10,0.9122651215213555
sub-EN088,11,R,20,0.9436774206646624
sub-EN088,11,R,40,0.9654793561225072
sub-EN088,11,R,60,0.9779939344837439
sub-EN088,11,R,80,0.9885484815227927
sub-EN088,11,R,100,0.99481161631624
sub-EN088,11,R,120,1.0
sub-EN088,12,L,1,0.8229167340876721
sub-EN088,12,L,2,0.8273033889610363
sub-EN088,12,L,3,0.8424999389866813
sub-EN088,12,L,5,0.8904695013717099
sub-EN088,12,L,10,0.9125245351091908
sub-EN088,12,L,20,0.9406759133933571
sub-EN088,12,L,40,0.9611753692081482
sub-EN088,12,L,60,0.9771332761155311
sub-EN088,12,L,80,0.9881506102652114
sub-EN088,12,L,100,0.9942094912124909
sub-EN088,12,L,120,1.0
sub-EN088,12,R,1,0.8079149269397137
sub-EN088,12,R,2,0.8121396460884389
sub-EN088,12,R,3,0.8210508262007087
sub-EN088,12,R,5,0.8850742978872197
sub-EN088,12,R,10,0.9109656795052719
sub-EN088,12,R,20,0.9425118972229735
sub-EN088,12,R,40,0.9639301533976553
sub-EN088,12,R,60,0.9771107055323952
sub-EN088,12,R,80,0.9881462263248099
sub-EN088,12,R,100,0.9946118307413143
sub-EN088,12,R,120,1.0
sub-EN088,13,L,1,0.816211574067082
sub-EN088,13,L,2,0.8205412509260099
sub-EN088,13,L,3,0.8406586054977442
sub-EN088,13,L,5,0.891181392095528
sub-EN088,13,L,10,0.9148868926350479
sub-EN088,13,L,20,0.9462801123205387
sub-EN088,13,L,40,0.9645128746026069
sub-EN088,13,L,60,0.9789113600845982
sub-EN088,13,L,80,0.9886483596275197
sub-EN088,13,L,100,0.9950216935712424
sub-EN088,13,L,120,1.0
sub-EN088,13,R,1,0.7973933666254233
sub-EN088,13,R,2,0.8024099313266898
sub-EN088,13,R,3,0.812269880136246
sub-EN088,13,R,5,0.8846329043807148
sub-EN088,13,R,10,0.9105047315003528
sub-EN088,13,R,20,0.94473006769743
sub-EN088,13,R,40,0.9656774098619478
sub-EN088,13,R,60,0.9783221122833696
sub-EN088,13,R,80,0.9888334595626738
sub-EN088,13,R,100,0.9946137256019126
sub-EN088,13,R,120,1.0
sub-EN088,14,L,1,0.8329830398761187
sub-EN088,14,L,2,0.8365972001152425
sub-EN088,14,L,3,0.8526382508276196
sub-EN088,14,L,5,0.9006555621659704
sub-EN088,14,L,10,0.9216620774384374
sub-EN088,14,L,20,0.948743442361128
sub-EN088,14,L,40,0.9655319779647477
sub-EN088,14,L,60,0.9799055335511281
sub-EN088,14,L,80,0.9895911765184081
sub-EN088,14,L,100,0.9949356436015334
sub-EN088,14,L,120,1.0
sub-EN088,14,R,1,0.8167890069632917
sub-EN088,14,R,2,0.8214889555123494
sub-EN088,14,R,3,0.8289822408588483
sub-EN088,14,R,5,0.8939736240186414
sub-EN088,14,R,10,0.9194647291414685
sub-EN088,14,R,20,0.9488024414027169
sub-EN088,14,R,40,0.9679057981344266
sub-EN088,14,R,60,0.9798552133361715
sub-EN088,14,R,80,0.9895337208215838
sub-EN088,14,R,100,0.9949801505881561
sub-EN088,14,R,120,1.0
sub-EN088,6,L,1,0.849830089577829
sub-EN088,6,L,2,0.8520365770602606
sub-EN088,6,L,3,0.8678450323745316
sub-EN088,6,L,5,0.9140453406013549
sub-EN088,6,L,10,0.9318607796822761
sub-EN088,6,L,20,0.9557859192775916
sub-EN088,6,L,40,0.9700241060320629
sub-EN088,6,L,60,0.9826125520048947
sub-EN088,6,L,80,0.9910074103291643
sub-EN088,6,L,100,0.9956318729137641
sub-EN088,6,L,120,1.0
sub-EN088,6,R,1,0.8317910993386466
sub-EN088,6,R,2,0.8342946557214567
sub-EN088,6,R,3,0.841336121098011
sub-EN088,6,R,5,0.9027646046546112
sub-EN088,6,R,10,0.9270792778920989
sub-EN088,6,R,20,0.954751909731213
sub-EN088,6,R,40,0.9710993554680148
sub-EN088,6,R,60,0.9816124037182584
sub-EN088,6,R,80,0.9906232128584121
sub-EN088,6,R,100,0.9953693180952276
sub-EN088,6,R,120,1.0
sub-EN088,7,L,1,0.8386270228620278
sub-EN088,7,L,2,0.8417065711294525
sub-EN088,7,L,3,0.8579302366620545
sub-EN088,7,L,5,0.9072243246039235
sub-EN088,7,L,10,0.9265495978791388
sub-EN088,7,L,20,0.952093442817077
sub-EN088,7,L,40,0.9676322146530083
sub-EN088,7,L,60,0.980956469404228
sub-EN088,7,L,80,0.9898880129721666
sub-EN088,7,L,100,0.9951568936617196
sub-EN088,7,L,120,1.0
sub-EN088,7,R,1,0.8204815041651953
sub-EN088,7,R,2,0.8252839152366368
sub-EN088,7,R,3,0.8329079096340606
sub-EN088,7,R,5,0.8969086389076223
sub-EN088,7,R,10,0.9210278486153749
sub-EN088,7,R,20,0.9498931824524184
sub-EN088,7,R,40,0.9682360570517512
sub-EN088,7,R,60,0.9796574811270962
sub-EN088,7,R,80,0.9892356818280623
sub-EN088,7,R,100,0.995066860637529
sub-EN088,7,R,120,1.0
sub-EN088,8,L,1,0.8137823609004357
sub-EN088,8,L,2,0.8243659711057421
sub-EN088,8,L,3,0.8461298700380445
sub-EN088,8,L,5,0.8972008908943602
sub-EN088,8,L,10,0.9187970866130065
sub-EN088,8,L,20,0.9464484714390208
sub-EN088,8,L,40,0.9639286217717971
sub-EN088,8,L,60,0.9778906294001702
sub-EN088,8,L,80,0.9872699934401136
sub-EN088,8,L,100,0.9940546494796375
sub-EN088,8,L,120,1.0
sub-EN088,8,R,1,0.7960913881758457
sub-EN088,8,R,2,0.8071000700654458
sub-EN088,8,R,3,0.8171734768735921
sub-EN088,8,R,5,0.8865955846520014
sub-EN088,8,R,10,0.9133841500511141
sub-EN088,8,R,20,0.9447814951067434
sub-EN088,8,R,40,0.9640675701657795
sub-EN088,8,R,60,0.9769817352686048
sub-EN088,8,R,80,0.987386661585092
sub-EN088,8,R,100,0.9936394161676185
sub-EN088,8,R,120,1.0
sub-EN088,9,L,1,0.8294486757580982
sub-EN088,9,L,2,0.8322117566032025
sub-EN088,9,L,3,0.8505399858535059
sub-EN088,9,L,5,0.8987106760559762
sub-EN088,9,L,10,0.9192529564795096
sub-EN088,9,L,20,0.9463716120308914
sub-EN088,9,L,40,0.96432996843196
sub-EN088,9,L,60,0.9784675911013612
sub-EN088,9,L,80,0.988869737503702
sub-EN088,9,L,100,0.9949895788132446
sub-EN088,9,L,120,1.0
sub-EN088,9,R,1,0.8066313529448071
sub-EN088,9,R,2,0.8094703641403574
sub-EN088,9,R,3,0.8186643114093104
sub-EN088,9,R,5,0.8868634158975479
sub-EN088,9,R,10,0.9153936886095392
sub-EN088,9,R,20,0.9463376398727504
sub-EN088,9,R,40,0.9662271694693934
sub-EN088,9,R,60,0.9779764831238222
sub-EN088,9,R,80,0.9886618360840642
sub-EN088,9,R,100,0.9948593616068747
sub-EN088,9,R,120,1.0
sub-EN089,10,L,1,0.8131048527241758
sub-EN089,10,L,2,0.8178218180635344
sub-EN089,10,L,3,0.8379659445190528
sub-EN089,10,L,5,0.8935798295512207
sub-EN089,10,L,10,0.9161368706306824
sub-EN089,10,L,20,0.9466799170362815
sub-EN089,10,L,40,0.9646656817968988
sub-EN089,10,L,60,0.9781940281541432
sub-EN089,10,L,80,0.9885111294183956
sub-EN089,10,L,100,0.99433963684832
sub-EN089,10,L,120,1.0
sub-EN089,10,R,1,0.8057926306891362
sub-EN089,10,R,2,0.8090156570260636
sub-EN089,10,R,3,0.8174674787823727
sub-EN089,10,R,5,0.8895255598342563
sub-EN089,10,R,10,0.9152781617723939
sub-EN089,10,R,20,0.9455101902374071
sub-EN089,10,R,40,0.9652070950801825
sub-EN089,10,R,60,0.9769386500296782
sub-EN089,10,R,80,0.9878530160287416
sub-EN089,10,R,100,0.9939104011317457
sub-EN089,10,R,120,1.0
sub-EN089,11,L,1,0.8059711868418482
sub-EN089,11,L,2,0.811568597214795
sub-EN089,11,L,3,0.8318500198580909
sub-EN089,11,L,5,0.8814093883537735
sub-EN089,11,L,10,0.9081671301570101
sub-EN089,11,L,20,0.9407603978206044
sub-EN089,11,L,40,0.9614129963855652
sub-EN089,11,L,60,0.9766849908761818
sub-EN089,11,L,80,0.9875926232500384
sub-EN089,11,L,100,0.9941606716364685
sub-EN089,11,L,120,1.0
sub-EN089,11,R,1,0.7965219871005169
sub-EN089,11,R,2,0.8015005792198888
sub-EN089,11,R,3,0.8113028311864011
sub-EN089,11,R,5,0.8765238627384153
sub-EN089,11,R,10,0.9049005767651438
sub-EN089,11,R,20,0.9400986653989621
sub-EN089,11,R,40,0.962154778588989
sub-EN089,11,R,60,0.9758790440253414
sub-EN089,11,R,80,0.9869792369762054
sub-EN089,11,R,100,0.9941502057186853
sub-EN089,11,R,120,1.0
sub-EN089,12,L,1,0.8380444731031323
sub-EN089,12,L,2,0.8407941888664285
sub-EN089,12,L,3,0.8580193756133266
sub-EN089,12,L,5,0.9078264893924084
sub-EN089,12,L,10,0.9267690071436864
sub-EN089,12,L,20,0.9530681397228864
sub-EN089,12,L,40,0.9673919248401179
sub-EN089,12,L,60,0.9808380822266737
sub-EN089,12,L,80,0.9903609124615901
sub-EN089,12,L,100,0.9953223554166948
sub-EN089,12,L,120,1.0
sub-EN089,12,R,1,0.8255914481783715
sub-EN089,12,R,2,0.827735021426816
sub-EN089,12,R,3,0.8352886420319087
sub-EN089,12,R,5,0.9001643374848847
sub-EN089,12,R,10,0.9232641250548098
sub-EN089,12,R,20,0.9518976726176049
sub-EN089,12,R,40,0.9682598531507368
sub-EN089,12,R,60,0.9796791453647689
sub-EN089,12,R,80,0.9892991716441754
sub-EN089,12,R,100,0.9946627471364125
sub-EN089,12,R,120,1.0
sub-EN089,13,L,1,0.8394202411670413
sub-EN089,13,L,2,0.8423416328092629
sub-EN089,13,L,3,0.8597120067222579
sub-EN089,13,L,5,0.9115251462373092
sub-EN089,13,L,10,0.9305258385333868
sub-EN089,13,L,20,0.9556086601974431
sub-EN089,13,L,40,0.9701689211287785
sub-EN089,13,L,60,0.9823050756190135
sub-EN089,13,L,80,0.9907236447865375
sub-EN089,13,L,100,0.9953590019486889
sub-EN089,13,L,120,1.0
sub-EN089,13,R,1,0.8247503406932287
sub-EN089,13,R,2,0.8268966462449295
sub-EN089,13,R,3,0.8347800615275435
sub-EN089,13,R,5,0.9014221962473465
sub-EN089,13,R,10,0.9240070913725741
sub-EN089,13,R,20,0.9525015032684998
sub-EN089,13,R,40,0.9690799974710771
sub-EN089,13,R,60,0.9799816375366494
sub-EN089,13,R,80,0.989705749181433
sub-EN089,13,R,100,0.9949648705591104
sub-EN089,13,R,120,1.0
sub-EN089,14,L,1,0.8305085839916815
sub-EN089,14,L,2,0.8330996893810849
sub-EN089,14,L,3,0.8500752601469117
sub-EN089,14,L,5,0.899885578909776
sub-EN089,14,L,10,0.9194166107463636
sub-EN089,14,L,20,0.9471806303513988
sub-EN089,14,L,40,0.9636917266721113
sub-EN089,14,L,60,0.9776689695839076
sub-EN089,14,L,80,0.9883098614758432
sub-EN089,14,L,100,0.9943501130050973
sub-EN089,14,L,120,1.0
sub-EN089,14,R,1,0.8205650951308391
sub-EN089,14,R,2,0.8225681187393065
sub-EN089,14,R,3,0.8304565482819867
sub-EN089,14,R,5,0.8959872830449681
sub-EN089,14,R,10,0.9191939661942664
sub-EN089,14,R,20,0.948237907381649
sub-EN089,14,R,40,0.9663552737783744
sub-EN089,14,R,60,0.9784015571466466
sub-EN089,14,R,80,0.9883232237570267
sub-EN089,14,R,100,0.9944402244435614
sub-EN089,14,R,120,1.0
sub-EN089,6,L,1,0.8232862523467711
sub-EN089,6,L,2,0.8301111361171609
sub-EN089,6,L,3,0.8497865319018193
sub-EN089,6,L,5,0.9017574401759966
sub-EN089,6,L,10,0.9236645056173888
sub-EN089,6,L,20,0.9499486044597689
sub-EN089,6,L,40,0.9656165262780999
sub-EN089,6,L,60,0.9786361836116426
sub-EN089,6,L,80,0.9890288256060179
sub-EN089,6,L,100,0.9946167135495692
sub-EN089,6,L,120,1.0
sub-EN089,6,R,1,0.8080122691774592
sub-EN089,6,R,2,0.8134479358434982
sub-EN089,6,R,3,0.8221775814399794
sub-EN089,6,R,5,0.8938482984737807
sub-EN089,6,R,10,0.9171706381468174
sub-EN089,6,R,20,0.9482190041989925
sub-EN089,6,R,40,0.9664360696627994
sub-EN089,6,R,60,0.9779473410488405
sub-EN089,6,R,80,0.9887077094842569
sub-EN089,6,R,100,0.9947887985995354
sub-EN089,6,R,120,1.0
sub-EN089,7,L,1,0.8187444383236722
sub-EN089,7,L,2,0.8252052068396354
sub-EN089,7,L,3,0.8417564087300685
sub-EN089,7,L,5,0.8940746267241279
sub-EN089,7,L,10,0.9157570593859042
sub-EN089,7,L,20,0.9455538797721723
sub-EN089,7,L,40,0.9634038434058508
sub-EN089,7,L,60,0.9776785629168784
sub-EN089,7,L,80,0.9881875579475394
sub-EN089,7,L,100,0.9942365922975867
sub-EN089,7,L,120,1.0
sub-EN089,7,R,1,0.8019796050954618
sub-EN089,7,R,2,0.8072385749337725
sub-EN089,7,R,3,0.8151487902171146
sub-EN089,7,R,5,0.8873519089522786
sub-EN089,7,R,10,0.9130820475206249
sub-EN089,7,R,20,0.9459694992752443
sub-EN089,7,R,40,0.9642844898194035
sub-EN089,7,R,60,0.9768946281015044
sub-EN089,7,R,80,0.9879285016733854
sub-EN089,7,R,100,0.9942145297125182
sub-EN089,7,R,120,1.0
sub-EN089,8,L,1,0.8033634733341911
sub-EN089,8,L,2,0.8090705425873044
sub-EN089,8,L,3,0.8299286939370967
sub-EN089,8,L,5,0.8836225622964564
sub-EN089,8,L,10,0.9096319773799584
sub-EN089,8,L,20,0.9415177485890902
sub-EN089,8,L,40,0.9608785491416538
sub-EN089,8,L,60,0.9757069489171669
sub-EN089,8,L,80,0.9872125177114348
sub-EN089,8,L,100,0.993974962385405
sub-EN089,8,L,120,1.0
sub-EN089,8,R,1,0.792986918016684
sub-EN089,8,R,2,0.7981873547886299
sub-EN089,8,R,3,0.807410159188413
sub-EN089,8,R,5,0.8801575082176669
sub-EN089,8,R,10,0.907995480189804
sub-EN089,8,R,20,0.9422803100716179
sub-EN089,8,R,40,0.9630271212117766
sub-EN089,8,R,60,0.9760020219065778
sub-EN089,8,R,80,0.9874607256523528
sub-EN089,8,R,100,0.9943216425750936
sub-EN089,8,R,120,1.0
sub-EN089,9,L,1,0.828896802085558
sub-EN089,9,L,2,0.8335014329897111
sub-EN089,9,L,3,0.8505870195622744
sub-EN089,9,L,5,0.9013193442242934
sub-EN089,9,L,10,0.9221122343482172
sub-EN089,9,L,20,0.9500781263035188
sub-EN089,9,L,40,0.9661085158470322
sub-EN089,9,L,60,0.9793169634074708
sub-EN089,9,L,80,0.9892276726726337
sub-EN089,9,L,100,0.9949713065687278
sub-EN089,9,L,120,1.0
sub-EN089,9,R,1,0.8173538376617852
sub-EN089,9,R,2,0.8203623049383436
sub-EN089,9,R,3,0.8293410409427215
sub-EN089,9,R,5,0.8961855150257116
sub-EN089,9,R,10,0.9205684065085602
sub-EN089,9,R,20,0.9508618141736012
sub-EN089,9,R,40,0.9676565750734627
sub-EN089,9,R,60,0.9795244851688162
sub-EN089,9,R,80,0.9892000039391577
sub-EN089,9,R,100,0.9947982960611426
sub-EN089,9,R,120,1.0
sub-EN091,10,L,1,0.7450311376844766
sub-EN091,10,L,2,0.7618123692281115
sub-EN091,10,L,3,0.7897387866311337
sub-EN091,10,L,5,0.8400322294368634
sub-EN091,10,L,10,0.8856054148816621
sub-EN091,10,L,20,0.9244510779589338
sub-EN091,10,L,40,0.9514380891984336
sub-EN091,10,L,60,0.9709155658032779
sub-EN091,10,L,80,0.9836254796139667
sub-EN091,10,L,100,0.9917680048219564
sub-EN091,10,L,120,1.0
sub-EN091,10,R,1,0.7304467261420691
sub-EN091,10,R,2,0.7435409814909373
sub-EN091,10,R,3,0.763287319000446
sub-EN091,10,R,5,0.8327659959622169
sub-EN091,10,R,10,0.8830661698687358
sub-EN091,10,R,20,0.9246381519073136
sub-EN091,10,R,40,0.9521472045722698
sub-EN091,10,R,60,0.9680210182951914
sub-EN091,10,R,80,0.9823073606185245
sub-EN091,10,R,100,0.9925170609041707
sub-EN091,10,R,120,1.0
sub-EN091,11,L,1,0.8057725756613653
sub-EN091,11,L,2,0.8150665953913742
sub-EN091,11,L,3,0.8380283453026691
sub-EN091,11,L,5,0.8918788397057726
sub-EN091,11,L,10,0.9143930278258792
sub-EN091,11,L,20,0.9441583319044916
sub-EN091,11,L,40,0.965165658172388
sub-EN091,11,L,60,0.979556287628046
sub-EN091,11,L,80,0.9889504668838188
sub-EN091,11,L,100,0.9947821673227449
sub-EN091,11,L,120,1.0
sub-EN091,11,R,1,0.794220596887883
sub-EN091,11,R,2,0.8047622933983761
sub-EN091,11,R,3,0.818416936811453
sub-EN091,11,R,5,0.8852647235958846
sub-EN091,11,R,10,0.9125429186030815
sub-EN091,11,R,20,0.9471190245987798
sub-EN091,11,R,40,0.9674609859094316
sub-EN091,11,R,60,0.9792044326331737
sub-EN091,11,R,80,0.9892556024336194
sub-EN091,11,R,100,0.9953008665047693
sub-EN091,11,R,120,1.0
sub-EN091,12,L,1,0.7656510493454877
sub-EN091,12,L,2,0.7873556821784767
sub-EN091,12,L,3,0.8177520031977087
sub-EN091,12,L,5,0.8754234555944292
sub-EN091,12,L,10,0.9029197541787528
sub-EN091,12,L,20,0.9369138141333534
sub-EN091,12,L,40,0.9583415304445034
sub-EN091,12,L,60,0.9751146451765688
sub-EN091,12,L,80,0.9866517349001046
sub-EN091,12,L,100,0.9931533377903836
sub-EN091,12,L,120,1.0
sub-EN091,12,R,1,0.7389443930740225
sub-EN091,12,R,2,0.7719553380437855
sub-EN091,12,R,3,0.7903695068729453
sub-EN091,12,R,5,0.8664418159910421
sub-EN091,12,R,10,0.8989888012408354
sub-EN091,12,R,20,0.9367382160821212
sub-EN091,12,R,40,0.9600883670868967
sub-EN091,12,R,60,0.9750602708977771
sub-EN091,12,R,80,0.9862551544643046
sub-EN091,12,R,100,0.9940214283075739
sub-EN091,12,R,120,1.0
sub-EN091,13,L,1,0.7601685898739684
sub-EN091,13,L,2,0.7680428533031538
sub-EN091,13,L,3,0.8076724796012926
sub-EN091,13,L,5,0.8696664206415075
sub-EN091,13,L,10,0.8988758745126653
sub-EN091,13,L,20,0.9345534978671379
sub-EN091,13,L,40,0.958690284745309
sub-EN091,13,L,60,0.9741790867679654
sub-EN091,13,L,80,0.9865121246326327
sub-EN091,13,L,100,0.9935078008127289
sub-EN091,13,L,120,1.0
sub-EN091,13,R,1,0.7457431583864531
sub-EN091,13,R,2,0.7544224109490691
sub-EN091,13,R,3,0.7795531824581227
sub-EN091,13,R,5,0.8594359794673546
sub-EN091,13,R,10,0.8918725682759396
sub-EN091,13,R,20,0.9377976749086863
sub-EN091,13,R,40,0.9617675079897889
sub-EN091,13,R,60,0.975910827883927
sub-EN091,13,R,80,0.9870384705361508
sub-EN091,13,R,100,0.9943766797964573
sub-EN091,13,R,120,1.0
sub-EN091,14,L,1,0.7586319455351787
sub-EN091,14,L,2,0.7767673853864657
sub-EN091,14,L,3,0.8107637984500599
sub-EN091,14,L,5,0.8750539713926189
sub-EN091,14,L,10,0.9008927794182048
sub-EN091,14,L,20,0.9378711533585586
sub-EN091,14,L,40,0.9598389951692999
sub-EN091,14,L,60,0.9770608718932969
sub-EN091,14,L,80,0.9875173051116842
sub-EN091,14,L,100,0.9937368111865442
sub-EN091,14,L,120,1.0
sub-EN091,14,R,1,0.7476987164456685
sub-EN091,14,R,2,0.7698432501229024
sub-EN091,14,R,3,0.7918764475312491
sub-EN091,14,R,5,0.8711216984666795
sub-EN091,14,R,10,0.9008941322902758
sub-EN091,14,R,20,0.9397570070085537
sub-EN091,14,R,40,0.9631222483192047
sub-EN091,14,R,60,0.9769681695932524
sub-EN091,14,R,80,0.9877869526365808
sub-EN091,14,R,100,0.9947924724443346
sub-EN091,14,R,120,1.0
sub-EN091,15,L,1,0.7571224114890891
sub-EN091,15,L,2,0.7789078707003215
sub-EN091,15,L,3,0.812599916427857
sub-EN091,15,L,5,0.8663511924676844
sub-EN091,15,L,10,0.8968219446444368
sub-EN091,15,L,20,0.9341324860029199
sub-EN091,15,L,40,0.9582016356430999
sub-EN091,15,L,60,0.9744712016405213
sub-EN091,15,L,80,0.9854754300942077
sub-EN091,15,L,100,0.9929348540389612
sub-EN091,15,L,120,1.0
sub-EN091,15,R,1,0.7390000601940647
sub-EN091,15,R,2,0.7656622509637373
sub-EN091,15,R,3,0.7873845565218168
sub-EN091,15,R,5,0.8620199563335644
sub-EN091,15,R,10,0.8937065861110433
sub-EN091,15,R,20,0.9353292737914203
sub-EN091,15,R,40,0.9612231934194616
sub-EN091,15,R,60,0.975818074716483
sub-EN091,15,R,80,0.9870057875514898
sub-EN091,15,R,100,0.9945393494732693
sub-EN091,15,R,120,1.0
sub-EN091,7,L,1,0.8421649691427869
sub-EN091,7,L,2,0.8449060913713302
sub-EN091,7,L,3,0.8622354688408257
sub-EN091,7,L,5,0.911266103683477
sub-EN091,7,L,10,0.929739882690776
sub-EN091,7,L,20,0.9553509765845369
sub-EN091,7,L,40,0.9698315962486174
sub-EN091,7,L,60,0.982208429569267
sub-EN091,7,L,80,0.9906108325196836
sub-EN091,7,L,100,0.9954800290535781
sub-EN091,7,L,120,1.0
sub-EN091,7,R,1,0.826005673816295
sub-EN091,7,R,2,0.8327733424363973
sub-EN091,7,R,3,0.841153422542072
sub-EN091,7,R,5,0.9045485251840175
sub-EN091,7,R,10,0.9269786577550555
sub-EN091,7,R,20,0.956008170174538
sub-EN091,7,R,40,0.9713931666259791
sub-EN091,7,R,60,0.9821199903473241
sub-EN091,7,R,80,0.9908510733505633
sub-EN091,7,R,100,0.9959959701643012
sub-EN091,7,R,120,1.0
sub-EN091,8,L,1,0.8234411524138412
sub-EN091,8,L,2,0.8280349446774485
sub-EN091,8,L,3,0.850782879897307
sub-EN091,8,L,5,0.9008526522097885
sub-EN091,8,L,10,0.918699202954958
sub-EN091,8,L,20,0.9458696774609446
sub-EN091,8,L,40,0.9637482203626297
sub-EN091,8,L,60,0.978237102622664
sub-EN091,8,L,80,0.9883486660694346
sub-EN091,8,L,100,0.994509673084694
sub-EN091,8,L,120,1.0
sub-EN091,8,R,1,0.8124327010787493
sub-EN091,8,R,2,0.8159060165855071
sub-EN091,8,R,3,0.8281304242386684
sub-EN091,8,R,5,0.8961818354936063
sub-EN091,8,R,10,0.9170644652382671
sub-EN091,8,R,20,0.9484510212999842
sub-EN091,8,R,40,0.9672398983291266
sub-EN091,8,R,60,0.9787602575071104
sub-EN091,8,R,80,0.9889277545487484
sub-EN091,8,R,100,0.9951179624101787
sub-EN091,8,R,120,1.0
sub-EN091,9,L,1,0.718611125174087
sub-EN091,9,L,2,0.7349597924803916
sub-EN091,9,L,3,0.7729197068396945
sub-EN091,9,L,5,0.8506580098425721
sub-EN091,9,L,10,0.8833832392081095
sub-EN091,9,L,20,0.9225752707607758
sub-EN091,9,L,40,0.9504652027929922
sub-EN091,9,L,60,0.96926258348206
sub-EN091,9,L,80,0.9829341209222959
sub-EN091,9,L,100,0.9925035451572369
sub-EN091,9,L,120,1.0
sub-EN091,9,R,1,0.7352631483274623
sub-EN091,9,R,2,0.7470415527460451
sub-EN091,9,R,3,0.7634601609912928
sub-EN091,9,R,5,0.8542379900345806
sub-EN091,9,R,10,0.8930339907383227
sub-EN091,9,R,20,0.9364929704463322
sub-EN091,9,R,40,0.9605540820096619
sub-EN091,9,R,60,0.9751499170626433
sub-EN091,9,R,80,0.9862974347266465
sub-EN091,9,R,100,0.9934033546210418
sub-EN091,9,R,120,1.0
sub-EN092,10,L,1,0.826584052055789
sub-EN092,10,L,2,0.8306321227945535
sub-EN092,10,L,3,0.8468384952634039
sub-EN092,10,L,5,0.8990947199421839
sub-EN092,10,L,10,0.920653459738965
sub-EN092,10,L,20,0.9496731221611451
sub-EN092,10,L,40,0.9661578865607153
sub-EN092,10,L,60,0.9795568549643779
sub-EN092,10,L,80,0.9894540215391909
sub-EN092,10,L,100,0.9949234248890705
sub-EN092,10,L,120,1.0
sub-EN092,10,R,1,0.811245708562004
sub-EN092,10,R,2,0.8206367134228205
sub-EN092,10,R,3,0.827445359514714
sub-EN092,10,R,5,0.8951606454407116
sub-EN092,10,R,10,0.9205750672419297
sub-EN092,10,R,20,0.9500911956568774
sub-EN092,10,R,40,0.9676933606384828
sub-EN092,10,R,60,0.9795181436106624
sub-EN092,10,R,80,0.9896367546950953
sub-EN092,10,R,100,0.994810968719891
sub-EN092,10,R,120,1.0
sub-EN092,11,L,1,0.7964867013850897
sub-EN092,11,L,2,0.8006868406284335
sub-EN092,11,L,3,0.8413166707027301
sub-EN092,11,L,5,0.8882482692426817
sub-EN092,11,L,10,0.9147623582303168
sub-EN092,11,L,20,0.9465760782145728
sub-EN092,11,L,40,0.964466328733585
sub-EN092,11,L,60,0.978693657858493
sub-EN092,11,L,80,0.9888441607966303
sub-EN092,11,L,100,0.9949175926617444
sub-EN092,11,L,120,1.0
sub-EN092,11,R,1,0.8010166437853671
sub-EN092,11,R,2,0.8145350040531976
sub-EN092,11,R,3,0.8217690026626552
sub-EN092,11,R,5,0.8927198630578158
sub-EN092,11,R,10,0.9184018897235111
sub-EN092,11,R,20,0.9518952841702016
sub-EN092,11,R,40,0.9689272403020767
sub-EN092,11,R,60,0.9796474950326483
sub-EN092,11,R,80,0.9898888207968582
sub-EN092,11,R,100,0.9954474673943299
sub-EN092,11,R,120,1.0
sub-EN092,12,L,1,0.8285733573776236
sub-EN092,12,L,2,0.8327653166681005
sub-EN092,12,L,3,0.8523491984330038
sub-EN092,12,L,5,0.9018716526134813
sub-EN092,12,L,10,0.9209347869117922
sub-EN092,12,L,20,0.9495787008503777
sub-EN092,12,L,40,0.9655663960777268
sub-EN092,12,L,60,0.9784694028062817
sub-EN092,12,L,80,0.9885030052959696
sub-EN092,12,L,100,0.9941333530788737
sub-EN092,12,L,120,1.0
sub-EN092,12,R,1,0.8198484930550242
sub-EN092,12,R,2,0.8226025688354395
sub-EN092,12,R,3,0.831262929904901
sub-EN092,12,R,5,0.8962374984624955
sub-EN092,12,R,10,0.9202046290129169
sub-EN092,12,R,20,0.9500296878076999
sub-EN092,12,R,40,0.9683633284949149
sub-EN092,12,R,60,0.9795218871002309
sub-EN092,12,R,80,0.9890342216611586
sub-EN092,12,R,100,0.9948149919724265
sub-EN092,12,R,120,1.0
sub-EN092,13,L,1,0.8422083867090069
sub-EN092,13,L,2,0.8447795886116563
sub-EN092,13,L,3,0.8615613272465518
sub-EN092,13,L,5,0.9094499713543487
sub-EN092,13,L,10,0.9273838122550094
sub-EN092,13,L,20,0.9549854533415273
sub-EN092,13,L,40,0.969182465756009
sub-EN092,13,L,60,0.9812533967252782
sub-EN092,13,L,80,0.9903962694881393
sub-EN092,13,L,100,0.9953228697993864
sub-EN092,13,L,120,1.0
sub-EN092,13,R,1,0.8287323160877453
sub-EN092,13,R,2,0.8300439283903402
sub-EN092,13,R,3,0.8382731606297597
sub-EN092,13,R,5,0.9019291859006435
sub-EN092,13,R,10,0.9260889713115179
sub-EN092,13,R,20,0.9547637466554497
sub-EN092,13,R,40,0.9701764297749249
sub-EN092,13,R,60,0.9801173456472239
sub-EN092,13,R,80,0.9898538665949692
sub-EN092,13,R,100,0.995183693710473
sub-EN092,13,R,120,1.0
sub-EN092,14,L,1,0.829339767715683
sub-EN092,14,L,2,0.8337417838894435
sub-EN092,14,L,3,0.8505133010017804
sub-EN092,14,L,5,0.9012966939480545
sub-EN092,14,L,10,0.9232297032376001
sub-EN092,14,L,20,0.9506304742293032
sub-EN092,14,L,40,0.9665987975635313
sub-EN092,14,L,60,0.9797744190915888
sub-EN092,14,L,80,0.9893938889690905
sub-EN092,14,L,100,0.9949508662761355
sub-EN092,14,L,120,1.0
sub-EN092,14,R,1,0.811303648162241
sub-EN092,14,R,2,0.8143249861204256
sub-EN092,14,R,3,0.8239936304560863
sub-EN092,14,R,5,0.8891892508504408
sub-EN092,14,R,10,0.9180741824531735
sub-EN092,14,R,20,0.9484254352610616
sub-EN092,14,R,40,0.9671146283039719
sub-EN092,14,R,60,0.9784273097426023
sub-EN092,14,R,80,0.988521628366949
sub-EN092,14,R,100,0.9943735065151311
sub-EN092,14,R,120,1.0
sub-EN092,15,L,1,0.81631834829564
sub-EN092,15,L,2,0.8212942864764885
sub-EN092,15,L,3,0.8406921994577711
sub-EN092,15,L,5,0.8893899430355542
sub-EN092,15,L,10,0.9104831620440375
sub-EN092,15,L,20,0.9421765378657141
sub-EN092,15,L,40,0.9603816933270057
sub-EN092,15,L,60,0.9756841494537156
sub-EN092,15,L,80,0.9870441924525869
sub-EN092,15,L,100,0.9938771244054482
sub-EN092,15,L,120,1.0
sub-EN092,15,R,1,0.8102258219887456
sub-EN092,15,R,2,0.8179972442508726
sub-EN092,15,R,3,0.8250434652073354
sub-EN092,15,R,5,0.8928902744857382
sub-EN092,15,R,10,0.9174169709618631
sub-EN092,15,R,20,0.9479588550592565
sub-EN092,15,R,40,0.9663486314675176
sub-EN092,15,R,60,0.9780646451243832
sub-EN092,15,R,80,0.9883480515250879
sub-EN092,15,R,100,0.9946447841249627
sub-EN092,15,R,120,1.0
sub-EN092,7,L,1,0.8351450683979154
sub-EN092,7,L,2,0.8387180348707157
sub-EN092,7,L,3,0.857037453866397
sub-EN092,7,L,5,0.9069313848068181
sub-EN092,7,L,10,0.9272945883708292
sub-EN092,7,L,20,0.953652188733545
sub-EN092,7,L,40,0.9684870993280182
sub-EN092,7,L,60,0.9812406004185018
sub-EN092,7,L,80,0.9904371394814109
sub-EN092,7,L,100,0.9954420748331446
sub-EN092,7,L,120,1.0
sub-EN092,7,R,1,0.8172572959353366
sub-EN092,7,R,2,0.8232559908264223
sub-EN092,7,R,3,0.8316822118831195
sub-EN092,7,R,5,0.8971800235495978
sub-EN092,7,R,10,0.922336890095206
sub-EN092,7,R,20,0.9522871069303919
sub-EN092,7,R,40,0.9696102410569556
sub-EN092,7,R,60,0.9804571795440223
sub-EN092,7,R,80,0.9900735274268126
sub-EN092,7,R,100,0.9950961796891984
sub-EN092,7,R,120,1.0
sub-EN092,8,L,1,0.8286579134775043
sub-EN092,8,L,2,0.8325059071556581
sub-EN092,8,L,3,0.8489654547394323
sub-EN092,8,L,5,0.9002043142046808
sub-EN092,8,L,10,0.9228591092007645
sub-EN092,8,L,20,0.951019920503201
sub-EN092,8,L,40,0.9667710364881013
sub-EN092,8,L,60,0.9798488425968239
sub-EN092,8,L,80,0.9893750156956205
sub-EN092,8,L,100,0.9953012888188898
sub-EN092,8,L,120,1.0
sub-EN092,8,R,1,0.8125677252125494
sub-EN092,8,R,2,0.8175420374212834
sub-EN092,8,R,3,0.825172649113623
sub-EN092,8,R,5,0.892193347203107
sub-EN092,8,R,10,0.921212518859057
sub-EN092,8,R,20,0.9510151876590247
sub-EN092,8,R,40,0.9688069328673359
sub-EN092,8,R,60,0.9791898149251457
sub-EN092,8,R,80,0.9893493856249505
sub-EN092,8,R,100,0.9949944462234221
sub-EN092,8,R,120,1.0
sub-EN092,9,L,1,0.8070013402207228
sub-EN092,9,L,2,0.8161612133904953
sub-EN092,9,L,3,0.835728977537043
sub-EN092,9,L,5,0.8888431110722392
sub-EN092,9,L,10,0.9114822817332123
sub-EN092,9,L,20,0.9434279794869692
sub-EN092,9,L,40,0.9618339951245133
sub-EN092,9,L,60,0.9765069391493223
sub-EN092,9,L,80,0.9874489115688979
sub-EN092,9,L,100,0.9939118311329974
sub-EN092,9,L,120,1.0
sub-EN092,9,R,1,0.7831979972394454
sub-EN092,9,R,2,0.8005550931096636
sub-EN092,9,R,3,0.810774826001382
sub-EN092,9,R,5,0.8814035466744594
sub-EN092,9,R,10,0.9080188075636222
sub-EN092,9,R,20,0.9416404795437606
sub-EN092,9,R,40,0.9636371666757665
sub-EN092,9,R,60,0.9760882006704608
sub-EN092,9,R,80,0.9871989891262979
sub-EN092,9,R,100,0.9935370105558476
sub-EN092,9,R,120,1.0
sub-EN093,11,L,1,0.757030159259439
sub-EN093,11,L,2,0.773516340946169
sub-EN093,11,L,3,0.8050711088155316
sub-EN093,11,L,5,0.8632105905324421
sub-EN093,11,L,10,0.887757885613276
sub-EN093,11,L,20,0.9248472314884477
sub-EN093,11,L,40,0.9516403954718258
sub-EN093,11,L,60,0.9703471951462502
sub-EN093,11,L,80,0.9831855956058294
sub-EN093,11,L,100,0.9920548711145882
sub-EN093,11,L,120,1.0
sub-EN093,11,R,1,0.737733505069032
sub-EN093,11,R,2,0.7500235771807785
sub-EN093,11,R,3,0.7764688023146762
sub-EN093,11,R,5,0.8464144182369074
sub-EN093,11,R,10,0.8748886620264341
sub-EN093,11,R,20,0.9174010977278917
sub-EN093,11,R,40,0.9492857066749218
sub-EN093,11,R,60,0.9674920282640186
sub-EN093,11,R,80,0.9827782110768759
sub-EN093,11,R,100,0.9914196494089162
sub-EN093,11,R,120,1.0
sub-EN093,12,L,1,0.7491161499435123
sub-EN093,12,L,2,0.7755224298255511
sub-EN093,12,L,3,0.8043257613399802
sub-EN093,12,L,5,0.8613833166312548
sub-EN093,12,L,10,0.8912661475946566
sub-EN093,12,L,20,0.9303100062685336
sub-EN093,12,L,40,0.9549922017434481
sub-EN093,12,L,60,0.972980868247786
sub-EN093,12,L,80,0.9848537529318704
sub-EN093,12,L,100,0.9926643746117377
sub-EN093,12,L,120,1.0
sub-EN093,12,R,1,0.7438868782141775
sub-EN093,12,R,2,0.7668020966142244
sub-EN093,12,R,3,0.7849904409552332
sub-EN093,12,R,5,0.8553874474588331
sub-EN093,12,R,10,0.8874162951047176
sub-EN093,12,R,20,0.9284864841423294
sub-EN093,12,R,40,0.9556062314724023
sub-EN093,12,R,60,0.9726114166668927
sub-EN093,12,R,80,0.985666304668708
sub-EN093,12,R,100,0.9928154742666337
sub-EN093,12,R,120,1.0
sub-EN093,13,L,1,0.67565150246355
sub-EN093,13,L,2,0.7253754830921835
sub-EN093,13,L,3,0.7902871429687346
sub-EN093,13,L,5,0.8479571880896518
sub-EN093,13,L,10,0.8829251474178659
sub-EN093,13,L,20,0.9248253886282852
sub-EN093,13,L,40,0.9527500330590141
sub-EN093,13,L,60,0.9701742090683457
sub-EN093,13,L,80,0.9830514142051737
sub-EN093,13,L,100,0.9919487175852201
sub-EN093,13,L,120,1.0
sub-EN093,13,R,1,0.6685739292294313
sub-EN093,13,R,2,0.7136151198699218
sub-EN093,13,R,3,0.7537264247097568
sub-EN093,13,R,5,0.8328302236337045
sub-EN093,13,R,10,0.8729395283183145
sub-EN093,13,R,20,0.9197973493834428
sub-EN093,13,R,40,0.9509899851385664
sub-EN093,13,R,60,0.9686139633189649
sub-EN093,13,R,80,0.983419321226794
sub-EN093,13,R,100,0.9921972511955895
sub-EN093,13,R,120,1.0
sub-EN093,14,L,1,0.7524648782957591
sub-EN093,14,L,2,0.7616818162902546
sub-EN093,14,L,3,0.7929387386125062
sub-EN093,14,L,5,0.8500242981669281
sub-EN093,14,L,10,0.8827017529393403
sub-EN093,14,L,20,0.92162599863908
sub-EN093,14,L,40,0.950382597494346
sub-EN093,14,L,60,0.9698349466669325
sub-EN093,14,L,80,0.9828899495440607
sub-EN093,14,L,100,0.9918632511298446
sub-EN093,14,L,120,1.0
sub-EN093,14,R,1,0.7386988795181784
sub-EN093,14,R,2,0.7482828675951201
sub-EN093,14,R,3,0.7672219488406105
sub-EN093,14,R,5,0.8375265970491158
sub-EN093,14,R,10,0.8785717347924996
sub-EN093,14,R,20,0.9211286267275436
sub-EN093,14,R,40,0.9523695382434663
sub-EN093,14,R,60,0.9698532984285296
sub-EN093,14,R,80,0.9836098035392067
sub-EN093,14,R,100,0.9909816296139825
sub-EN093,14,R,120,1.0
sub-EN093,15,L,1,0.7417569981364391
sub-EN093,15,L,2,0.753348913323477
sub-EN093,15,L,3,0.786754770606398
sub-EN093,15,L,5,0.8437581373956314
sub-EN093,15,L,10,0.8787921865036451
sub-EN093,15,L,20,0.9211614503662322
sub-EN093,15,L,40,0.9500760205352575
sub-EN093,15,L,60,0.968717773780179
sub-EN093,15,L,80,0.9814757177252542
sub-EN093,15,L,100,0.9905341975214965
sub-EN093,15,L,120,1.0
sub-EN093,15,R,1,0.7166525744680133
sub-EN093,15,R,2,0.7314991680509959
sub-EN093,15,R,3,0.752317051469509
sub-EN093,15,R,5,0.8269259172291958
sub-EN093,15,R,10,0.8646326694769402
sub-EN093,15,R,20,0.9137737980772714
sub-EN093,15,R,40,0.9463969521658167
sub-EN093,15,R,60,0.967404049399774
sub-EN093,15,R,80,0.9825189125694643
sub-EN093,15,R,100,0.9921777494913897
sub-EN093,15,R,120,1.0
sub-EN093,16,L,1,0.734388574228786
sub-EN093,16,L,2,0.7530322335966856
sub-EN093,16,L,3,0.7910369339642257
sub-EN093,16,L,5,0.8524947089931509
sub-EN093,16,L,10,0.880356642809163
sub-EN093,16,L,20,0.921133144869947
sub-EN093,16,L,40,0.9499889937973203
sub-EN093,16,L,60,0.9685232821154147
sub-EN093,16,L,80,0.9819146640862569
sub-EN093,16,L,100,0.9914203357913189
sub-EN093,16,L,120,1.0
sub-EN093,16,R,1,0.7163061938289927
sub-EN093,16,R,2,0.7344003514803269
sub-EN093,16,R,3,0.7596036867805075
sub-EN093,16,R,5,0.8383791224329538
sub-EN093,16,R,10,0.8711659032851757
sub-EN093,16,R,20,0.9177905325889937
sub-EN093,16,R,40,0.9507342040838822
sub-EN093,16,R,60,0.9699463299451595
sub-EN093,16,R,80,0.9840309435955085
sub-EN093,16,R,100,0.992656423917377
sub-EN093,16,R,120,1.0
sub-EN093,6,L,1,0.8080919354906343
sub-EN093,6,L,2,0.8144320327773765
sub-EN093,6,L,3,0.8358444437618374
sub-EN093,6,L,5,0.8878923594137934
sub-EN093,6,L,10,0.9090665850304097
sub-EN093,6,L,20,0.9401254721623661
sub-EN093,6,L,40,0.9589094251131789
sub-EN093,6,L,60,0.9749741816377746
sub-EN093,6,L,80,0.9861619874961586
sub-EN093,6,L,100,0.9933580620901629
sub-EN093,6,L,120,1.0
sub-EN093,6,R,1,0.7952493357673638
sub-EN093,6,R,2,0.8037222296867473
sub-EN093,6,R,3,0.8146393916313598
sub-EN093,6,R,5,0.8815945174909512
sub-EN093,6,R,10,0.9062533638575939
sub-EN093,6,R,20,0.9402578343225052
sub-EN093,6,R,40,0.9623089400768716
sub-EN093,6,R,60,0.976037669971624
sub-EN093,6,R,80,0.9872654333117529
sub-EN093,6,R,100,0.9937900444423577
sub-EN093,6,R,120,1.0
sub-EN093,7,L,1,0.8099392115246644
sub-EN093,7,L,2,0.8151263632281708
sub-EN093,7,L,3,0.8361303160117849
sub-EN093,7,L,5,0.8894380323049982
sub-EN093,7,L,10,0.9115581516676156
sub-EN093,7,L,20,0.9401116197867126
sub-EN093,7,L,40,0.9597444911618579
sub-EN093,7,L,60,0.975641957794568
sub-EN093,7,L,80,0.9863810527540467
sub-EN093,7,L,100,0.9928373614956959
sub-EN093,7,L,120,1.0
sub-EN093,7,R,1,0.7881869894618243
sub-EN093,7,R,2,0.7970496151806242
sub-EN093,7,R,3,0.8087827282585913
sub-EN093,7,R,5,0.8772372967765393
sub-EN093,7,R,10,0.9030365196713772
sub-EN093,7,R,20,0.9389437195681574
sub-EN093,7,R,40,0.961003638623354
sub-EN093,7,R,60,0.9755709094321336
sub-EN093,7,R,80,0.9863974736052592
sub-EN093,7,R,100,0.9939110815985847
sub-EN093,7,R,120,1.0
sub-EN093,8,L,1,0.7708049404610502
sub-EN093,8,L,2,0.7858951594887532
sub-EN093,8,L,3,0.8131702165821837
sub-EN093,8,L,5,0.8666322084468061
sub-EN093,8,L,10,0.8927505605811782
sub-EN093,8,L,20,0.9296996029053771
sub-EN093,8,L,40,0.9543969111400098
sub-EN093,8,L,60,0.9722745986987271
sub-EN093,8,L,80,0.9844806716121401
sub-EN093,8,L,100,0.9921999927154441
sub-EN093,8,L,120,1.0
sub-EN093,8,R,1,0.7444031036553148
sub-EN093,8,R,2,0.7631006681347792
sub-EN093,8,R,3,0.7780815182713191
sub-EN093,8,R,5,0.8490436480930295
sub-EN093,8,R,10,0.8813590081670165
sub-EN093,8,R,20,0.9237196944258003
sub-EN093,8,R,40,0.9518320413220253
sub-EN093,8,R,60,0.9701662967195968
sub-EN093,8,R,80,0.9837856250088662
sub-EN093,8,R,100,0.9917178442060604
sub-EN093,8,R,120,1.0
sub-EN094,10,L,1,0.7844686622663949
sub-EN094,10,L,2,0.7911092573443211
sub-EN094,10,L,3,0.8206730961911642
sub-EN094,10,L,5,0.8726422757122955
sub-EN094,10,L,10,0.8994659900521096
sub-EN094,10,L,20,0.931879738720389
sub-EN094,10,L,40,0.9554186070846912
sub-EN094,10,L,60,0.9723291263914176
sub-EN094,10,L,80,0.9843714511154932
sub-EN094,10,L,100,0.9929718402794617
sub-EN094,10,L,120,1.0
sub-EN094,10,R,1,0.7720629739935891
sub-EN094,10,R,2,0.7776038215174947
sub-EN094,10,R,3,0.7908439609650866
sub-EN094,10,R,5,0.8630613046926457
sub-EN094,10,R,10,0.8940183592390871
sub-EN094,10,R,20,0.9309063611343663
sub-EN094,10,R,40,0.9544818645641757
sub-EN094,10,R,60,0.9713102414557887
sub-EN094,10,R,80,0.9840554470541301
sub-EN094,10,R,100,0.9926609765823496
sub-EN094,10,R,120,1.0
sub-EN094,11,L,1,0.7788705830267862
sub-EN094,11,L,2,0.7874566021842708
sub-EN094,11,L,3,0.8172114971652611
sub-EN094,11,L,5,0.8709224997206936
sub-EN094,11,L,10,0.8976346772044366
sub-EN094,11,L,20,0.9343961157205063
sub-EN094,11,L,40,0.9566588111380835
sub-EN094,11,L,60,0.9722054064501428
sub-EN094,11,L,80,0.9838736354874604
sub-EN094,11,L,100,0.992561719226831
sub-EN094,11,L,120,1.0
sub-EN094,11,R,1,0.7714867457327501
sub-EN094,11,R,2,0.7821195525399643
sub-EN094,11,R,3,0.7939699535482497
sub-EN094,11,R,5,0.8674602044465598
sub-EN094,11,R,10,0.9025484513646771
sub-EN094,11,R,20,0.9399189777348996
sub-EN094,11,R,40,0.9628086148856917
sub-EN094,11,R,60,0.9771823243838911
sub-EN094,11,R,80,0.9872587624053476
sub-EN094,11,R,100,0.9940252520752181
sub-EN094,11,R,120,1.0
sub-EN094,12,L,1,0.7505452466429741
sub-EN094,12,L,2,0.7675774440142716
sub-EN094,12,L,3,0.8023119909387083
sub-EN094,12,L,5,0.859072351478145
sub-EN094,12,L,10,0.8879980798339172
sub-EN094,12,L,20,0.9252076304962401
sub-EN094,12,L,40,0.9506586800678086
sub-EN094,12,L,60,0.9702617003985972
sub-EN094,12,L,80,0.983026937905878
sub-EN094,12,L,100,0.9921582820694506
sub-EN094,12,L,120,1.0
sub-EN094,12,R,1,0.7391583177574367
sub-EN094,12,R,2,0.7558524204647084
sub-EN094,12,R,3,0.7722958636305246
sub-EN094,12,R,5,0.8487251309988196
sub-EN094,12,R,10,0.8823904410300154
sub-EN094,12,R,20,0.925425021064633
sub-EN094,12,R,40,0.9505124424701347
sub-EN094,12,R,60,0.9682089747521347
sub-EN094,12,R,80,0.9821012353226
sub-EN094,12,R,100,0.9917285764820631
sub-EN094,12,R,120,1.0
sub-EN094,13,L,1,0.7696043766046073
sub-EN094,13,L,2,0.7760595386154946
sub-EN094,13,L,3,0.8085216120245171
sub-EN094,13,L,5,0.8662465008571609
sub-EN094,13,L,10,0.8949856930652476
sub-EN094,13,L,20,0.9328219003762619
sub-EN094,13,L,40,0.9550913934552143
sub-EN094,13,L,60,0.9724166141238746
sub-EN094,13,L,80,0.9849426398390171
sub-EN094,13,L,100,0.9928749708132242
sub-EN094,13,L,120,1.0
sub-EN094,13,R,1,0.7533570522777809
sub-EN094,13,R,2,0.7645854815465679
sub-EN094,13,R,3,0.7830046724273467
sub-EN094,13,R,5,0.8607198581890835
sub-EN094,13,R,10,0.8941917206984198
sub-EN094,13,R,20,0.9335934612430684
sub-EN094,13,R,40,0.9573894553488793
sub-EN094,13,R,60,0.9746579271427841
sub-EN094,13,R,80,0.9861430053436794
sub-EN094,13,R,100,0.993527329227589
sub-EN094,13,R,120,1.0
sub-EN094,14,L,1,0.8063504474702967
sub-EN094,14,L,2,0.8152592206686821
sub-EN094,14,L,3,0.836315131659544
sub-EN094,14,L,5,0.8860682176802972
sub-EN094,14,L,10,0.9084241645026407
sub-EN094,14,L,20,0.9383206470020365
sub-EN094,14,L,40,0.9593949006997589
sub-EN094,14,L,60,0.9759370809407986
sub-EN094,14,L,80,0.9868494247705104
sub-EN094,14,L,100,0.9937275201118663
sub-EN094,14,L,120,1.0
sub-EN094,14,R,1,0.7911502348434015
sub-EN094,14,R,2,0.7980842188000892
sub-EN094,14,R,3,0.8083928446054243
sub-EN094,14,R,5,0.8778585446539501
sub-EN094,14,R,10,0.9053748514707513
sub-EN094,14,R,20,0.9384179093602227
sub-EN094,14,R,40,0.9606452076918455
sub-EN094,14,R,60,0.9755757182520255
sub-EN094,14,R,80,0.9868329551252896
sub-EN094,14,R,100,0.9939243872520281
sub-EN094,14,R,120,1.0
sub-EN094,15,L,1,0.773752739607075
sub-EN094,15,L,2,0.7818267801255788
sub-EN094,15,L,3,0.8094493978843844
sub-EN094,15,L,5,0.8651275255859547
sub-EN094,15,L,10,0.8913028532052305
sub-EN094,15,L,20,0.9296344790922453
sub-EN094,15,L,40,0.9539863271064878
sub-EN094,15,L,60,0.9706340563094716
sub-EN094,15,L,80,0.9830849124579296
sub-EN094,15,L,100,0.991875001444576
sub-EN094,15,L,120,1.0
sub-EN094,15,R,1,0.7566148960892622
sub-EN094,15,R,2,0.7713976351363937
sub-EN094,15,R,3,0.784590035852108
sub-EN094,15,R,5,0.859840714207158
sub-EN094,15,R,10,0.8946364444368977
sub-EN094,15,R,20,0.9330128862484866
sub-EN094,15,R,40,0.9580979432509609
sub-EN094,15,R,60,0.9736280774076707
sub-EN094,15,R,80,0.9853784625843676
sub-EN094,15,R,100,0.9931226770191102
sub-EN094,15,R,120,1.0
sub-EN094,7,L,1,0.8331574386143773
sub-EN094,7,L,2,0.8362608473454051
sub-EN094,7,L,3,0.855635885526863
sub-EN094,7,L,5,0.9033383528647803
sub-EN094,7,L,10,0.9223099508940718
sub-EN094,7,L,20,0.9489193263250691
sub-EN094,7,L,40,0.9654671709729121
sub-EN094,7,L,60,0.9795903981959146
sub-EN094,7,L,80,0.9889370813134606
sub-EN094,7,L,100,0.9946328303794103
sub-EN094,7,L,120,1.0
sub-EN094,7,R,1,0.8172809875938885
sub-EN094,7,R,2,0.8195926719380562
sub-EN094,7,R,3,0.829540034295253
sub-EN094,7,R,5,0.8946310903923872
sub-EN094,7,R,10,0.9191645760881826
sub-EN094,7,R,20,0.9480493771410862
sub-EN094,7,R,40,0.966487906318152
sub-EN094,7,R,60,0.9788127267394329
sub-EN094,7,R,80,0.9886573081190314
sub-EN094,7,R,100,0.9947060368731241
sub-EN094,7,R,120,1.0
sub-EN094,8,L,1,0.7925071325971171
sub-EN094,8,L,2,0.8012547439433929
sub-EN094,8,L,3,0.8254917402590658
sub-EN094,8,L,5,0.8793269252529156
sub-EN094,8,L,10,0.906268532231861
sub-EN094,8,L,20,0.9383286942912137
sub-EN094,8,L,40,0.9593237794260762
sub-EN094,8,L,60,0.9753974403593354
sub-EN094,8,L,80,0.9866016743657207
sub-EN094,8,L,100,0.9937172755719513
sub-EN094,8,L,120,1.0
sub-EN094,8,R,1,0.779610754269344
sub-EN094,8,R,2,0.7881292401976805
sub-EN094,8,R,3,0.7993773534733356
sub-EN094,8,R,5,0.8707903341035074
sub-EN094,8,R,10,0.9059724702236375
sub-EN094,8,R,20,0.9401575590402113
sub-EN094,8,R,40,0.9626614873000691
sub-EN094,8,R,60,0.9762116391966477
sub-EN094,8,R,80,0.9868232549493231
sub-EN094,8,R,100,0.9936963955929133
sub-EN094,8,R,120,1.0
sub-EN094,9,L,1,0.7720768414318158
sub-EN094,9,L,2,0.780344759541301
sub-EN094,9,L,3,0.8078890917587038
sub-EN094,9,L,5,0.8662611506087458
sub-EN094,9,L,10,0.896031360278199
sub-EN094,9,L,20,0.9323884153215997
sub-EN094,9,L,40,0.9567937829499684
sub-EN094,9,L,60,0.9732311155049035
sub-EN094,9,L,80,0.9852820238732869
sub-EN094,9,L,100,0.9933413362529355
sub-EN094,9,L,120,1.0
sub-EN094,9,R,1,0.7609176671899527
sub-EN094,9,R,2,0.7694455740625481
sub-EN094,9,R,3,0.7826956077402758
sub-EN094,9,R,5,0.8592055182692353
sub-EN094,9,R,10,0.8956508453105689
sub-EN094,9,R,20,0.9331809654184768
sub-EN094,9,R,40,0.9569663593469308
sub-EN094,9,R,60,0.9729287201448493
sub-EN094,9,R,80,0.9844982544968681
sub-EN094,9,R,100,0.9930611497299786
sub-EN094,9,R,120,1.0
sub-EN095,10,L,1,0.8114799740108887
sub-EN095,10,L,2,0.8159237375020261
sub-EN095,10,L,3,0.8407554091337307
sub-EN095,10,L,5,0.8928085459475555
sub-EN095,10,L,10,0.9135999019333728
sub-EN095,10,L,20,0.9446912891821104
sub-EN095,10,L,40,0.9634177806994385
sub-EN095,10,L,60,0.9771847205218082
sub-EN095,10,L,80,0.9877973399228238
sub-EN095,10,L,100,0.9942095690994986
sub-EN095,10,L,120,1.0
sub-EN095,10,R,1,0.7957632723492619
sub-EN095,10,R,2,0.7997399682845188
sub-EN095,10,R,3,0.8103399497680832
sub-EN095,10,R,5,0.8814388629495475
sub-EN095,10,R,10,0.9075479907551826
sub-EN095,10,R,20,0.942751132837685
sub-EN095,10,R,40,0.9635618719259493
sub-EN095,10,R,60,0.9760850747108394
sub-EN095,10,R,80,0.9875526967807287
sub-EN095,10,R,100,0.9940282845956492
sub-EN095,10,R,120,1.0
sub-EN095,11,L,1,0.7949715679372911
sub-EN095,11,L,2,0.7991348037941165
sub-EN095,11,L,3,0.8269599563269072
sub-EN095,11,L,5,0.8837037770483437
sub-EN095,11,L,10,0.9056160974464496
sub-EN095,11,L,20,0.9394696290422406
sub-EN095,11,L,40,0.9599238171708925
sub-EN095,11,L,60,0.9739973901289299
sub-EN095,11,L,80,0.9859731655879153
sub-EN095,11,L,100,0.9931514564918706
sub-EN095,11,L,120,1.0
sub-EN095,11,R,1,0.7759420311537649
sub-EN095,11,R,2,0.7809138022757695
sub-EN095,11,R,3,0.7940908660279483
sub-EN095,11,R,5,0.8712920934038233
sub-EN095,11,R,10,0.8998716140554733
sub-EN095,11,R,20,0.9374996103927674
sub-EN095,11,R,40,0.9603866269760093
sub-EN095,11,R,60,0.973125637018472
sub-EN095,11,R,80,0.9860115100987907
sub-EN095,11,R,100,0.9930864814114223
sub-EN095,11,R,120,1.0
sub-EN095,12,L,1,0.707461943248487
sub-EN095,12,L,2,0.7211205254909097
sub-EN095,12,L,3,0.753020374730243
sub-EN095,12,L,5,0.8195095389842881
sub-EN095,12,L,10,0.8637700390319776
sub-EN095,12,L,20,0.911480127812606
sub-EN095,12,L,40,0.9432171266952909
sub-EN095,12,L,60,0.9633509522841487
sub-EN095,12,L,80,0.9794802418918096
sub-EN095,12,L,100,0.9893401501666821
sub-EN095,12,L,120,1.0
sub-EN095,12,R,1,0.7162785849824188
sub-EN095,12,R,2,0.7256189661463016
sub-EN095,12,R,3,0.7431220924934528
sub-EN095,12,R,5,0.8232651105528705
sub-EN095,12,R,10,0.862377493188405
sub-EN095,12,R,20,0.9172810746360072
sub-EN095,12,R,40,0.9484966456467138
sub-EN095,12,R,60,0.9652930762943822
sub-EN095,12,R,80,0.9813218737776032
sub-EN095,12,R,100,0.9909997682487829
sub-EN095,12,R,120,1.0
sub-EN095,13,L,1,0.7768600543361487
sub-EN095,13,L,2,0.7820390404330537
sub-EN095,13,L,3,0.8139011398825458
sub-EN095,13,L,5,0.8688550238087068
sub-EN095,13,L,10,0.894551444423563
sub-EN095,13,L,20,0.9312512688371334
sub-EN095,13,L,40,0.9541055458746522
sub-EN095,13,L,60,0.9706692331862218
sub-EN095,13,L,80,0.9849438504945679
sub-EN095,13,L,100,0.9928174429685086
sub-EN095,13,L,120,1.0
sub-EN095,13,R,1,0.7874905449575905
sub-EN095,13,R,2,0.7917908149946064
sub-EN095,13,R,3,0.8036756021027172
sub-EN095,13,R,5,0.8755535388154677
sub-EN095,13,R,10,0.902936279212959
sub-EN095,13,R,20,0.9392642400611312
sub-EN095,13,R,40,0.9628564365491016
sub-EN095,13,R,60,0.9743299126753729
sub-EN095,13,R,80,0.9862439257992343
sub-EN095,13,R,100,0.9938498345817189
sub-EN095,13,R,120,1.0
sub-EN095,14,L,1,0.7574876566189033
sub-EN095,14,L,2,0.7636957061538141
sub-EN095,14,L,3,0.787516849567393
sub-EN095,14,L,5,0.8426000375654052
sub-EN095,14,L,10,0.8952709335856383
sub-EN095,14,L,20,0.9318892637547859
sub-EN095,14,L,40,0.9545943625693498
sub-EN095,14,L,60,0.9704159803521916
sub-EN095,14,L,80,0.984397551317576
sub-EN095,14,L,100,0.9932097654797488
sub-EN095,14,L,120,1.0
sub-EN095,14,R,1,0.7383046301200314
sub-EN095,14,R,2,0.7454024566599702
sub-EN095,14,R,3,0.756643578743778
sub-EN095,14,R,5,0.8301470772200642
sub-EN095,14,R,10,0.8805431216878341
sub-EN095,14,R,20,0.9286326719473473
sub-EN095,14,R,40,0.9540653979149942
sub-EN095,14,R,60,0.9690097945790549
sub-EN095,14,R,80,0.9827310066309466
sub-EN095,14,R,100,0.9923367903266813
sub-EN095,14,R,120,1.0
sub-EN095,15,L,1,0.7846374477908453
sub-EN095,15,L,2,0.7890204875455571
sub-EN095,15,L,3,0.8083939496960719
sub-EN095,15,L,5,0.8617532464083039
sub-EN095,15,L,10,0.9045097538926407
sub-EN095,15,L,20,0.9363113095767206
sub-EN095,15,L,40,0.9578578891591318
sub-EN095,15,L,60,0.9720065139039342
sub-EN095,15,L,80,0.9844801620023818
sub-EN095,15,L,100,0.9930632337556934
sub-EN095,15,L,120,1.0
sub-EN095,15,R,1,0.7699621488363928
sub-EN095,15,R,2,0.77617171393295
sub-EN095,15,R,3,0.7853076397786752
sub-EN095,15,R,5,0.8573618745666968
sub-EN095,15,R,10,0.8986257146214051
sub-EN095,15,R,20,0.9362186211036672
sub-EN095,15,R,40,0.9593496827765823
sub-EN095,15,R,60,0.9723703641886713
sub-EN095,15,R,80,0.9847521796705841
sub-EN095,15,R,100,0.9930289284272639
sub-EN095,15,R,120,1.0
sub-EN095,7,L,1,0.8224942484727733
sub-EN095,7,L,2,0.8281303943460343
sub-EN095,7,L,3,0.850709453799992
sub-EN095,7,L,5,0.9008463732903702
sub-EN095,7,L,10,0.9199571975421469
sub-EN095,7,L,20,0.9497050090349434
sub-EN095,7,L,40,0.9670561801621252
sub-EN095,7,L,60,0.9797326378352382
sub-EN095,7,L,80,0.9892294703749277
sub-EN095,7,L,100,0.9948152602327465
sub-EN095,7,L,120,1.0
sub-EN095,7,R,1,0.8072909140769866
sub-EN095,7,R,2,0.8107365886533058
sub-EN095,7,R,3,0.8216688063345223
sub-EN095,7,R,5,0.8887858174395988
sub-EN095,7,R,10,0.9129188291563481
sub-EN095,7,R,20,0.9468222551695393
sub-EN095,7,R,40,0.9657097126169308
sub-EN095,7,R,60,0.9767372612420023
sub-EN095,7,R,80,0.9880846290383593
sub-EN095,7,R,100,0.9944649330477799
sub-EN095,7,R,120,1.0
sub-EN095,8,L,1,0.825364129745736
sub-EN095,8,L,2,0.8276426621551426
sub-EN095,8,L,3,0.8512234249894748
sub-EN095,8,L,5,0.8997186306131499
sub-EN095,8,L,10,0.9173842000932644
sub-EN095,8,L,20,0.9467037079119105
sub-EN095,8,L,40,0.9642217187367772
sub-EN095,8,L,60,0.978249023648965
sub-EN095,8,L,80,0.9887459509617798
sub-EN095,8,L,100,0.9951250140499752
sub-EN095,8,L,120,1.0
sub-EN095,8,R,1,0.8054991911331227
sub-EN095,8,R,2,0.8072324260230156
sub-EN095,8,R,3,0.8190149691509133
sub-EN095,8,R,5,0.8866672430968981
sub-EN095,8,R,10,0.910830672383247
sub-EN095,8,R,20,0.9440751836324345
sub-EN095,8,R,40,0.9641088824202453
sub-EN095,8,R,60,0.9763437099380945
sub-EN095,8,R,80,0.9873250852270841
sub-EN095,8,R,100,0.9946966085065967
sub-EN095,8,R,120,1.0
sub-EN095,9,L,1,0.8132496171558109
sub-EN095,9,L,2,0.8171481823230429
sub-EN095,9,L,3,0.8457525368182884
sub-EN095,9,L,5,0.8951451666367463
sub-EN095,9,L,10,0.9145221492957877
sub-EN095,9,L,20,0.944012129084934
sub-EN095,9,L,40,0.9616614818899586
sub-EN095,9,L,60,0.9762593655499444
sub-EN095,9,L,80,0.9872015205175189
sub-EN095,9,L,100,0.9938083212048819
sub-EN095,9,L,120,1.0
sub-EN095,9,R,1,0.7987684466513202
sub-EN095,9,R,2,0.8024862544725433
sub-EN095,9,R,3,0.8155334413860764
sub-EN095,9,R,5,0.8852524409703614
sub-EN095,9,R,10,0.9093874330154402
sub-EN095,9,R,20,0.9424155902420611
sub-EN095,9,R,40,0.9630318855352028
sub-EN095,9,R,60,0.9754032690524589
sub-EN095,9,R,80,0.9868667042283615
sub-EN095,9,R,100,0.9940636233311918
sub-EN095,9,R,120,1.0
sub-EN096,10,L,1,0.8168522960910781
sub-EN096,10,L,2,0.8209510107615521
sub-EN096,10,L,3,0.8432375107891276
sub-EN096,10,L,5,0.8924644991889898
sub-EN096,10,L,10,0.9122818767009838
sub-EN096,10,L,20,0.9412266112326877
sub-EN096,10,L,40,0.9629195624346338
sub-EN096,10,L,60,0.9776097728285825
sub-EN096,10,L,80,0.9878356232920676
sub-EN096,10,L,100,0.9946550197996232
sub-EN096,10,L,120,1.0
sub-EN096,10,R,1,0.7997454548707906
sub-EN096,10,R,2,0.803909484779662
sub-EN096,10,R,3,0.8192667841152343
sub-EN096,10,R,5,0.8856376653072494
sub-EN096,10,R,10,0.910040337918265
sub-EN096,10,R,20,0.9431710956650028
sub-EN096,10,R,40,0.9639893130863673
sub-EN096,10,R,60,0.9774321179756293
sub-EN096,10,R,80,0.9881378871319975
sub-EN096,10,R,100,0.9946026584195936
sub-EN096,10,R,120,1.0
sub-EN096,11,L,1,0.7508106611818646
sub-EN096,11,L,2,0.758874008354552
sub-EN096,11,L,3,0.7838903298900294
sub-EN096,11,L,5,0.83538665385624
sub-EN096,11,L,10,0.8925182559926417
sub-EN096,11,L,20,0.9283921671439537
sub-EN096,11,L,40,0.9540482580773785
sub-EN096,11,L,60,0.9719123374649796
sub-EN096,11,L,80,0.9838906111942187
sub-EN096,11,L,100,0.9933465452678962
sub-EN096,11,L,120,1.0
sub-EN096,11,R,1,0.7401308711741504
sub-EN096,11,R,2,0.7459047339450969
sub-EN096,11,R,3,0.7591314608357292
sub-EN096,11,R,5,0.8398405928198963
sub-EN096,11,R,10,0.8902512130406557
sub-EN096,11,R,20,0.9305174105418828
sub-EN096,11,R,40,0.9553320430067103
sub-EN096,11,R,60,0.9718722475245375
sub-EN096,11,R,80,0.9855111367317974
sub-EN096,11,R,100,0.9930247998990489
sub-EN096,11,R,120,1.0
sub-EN096,12,L,1,0.8043925480795717
sub-EN096,12,L,2,0.8074453833272615
sub-EN096,12,L,3,0.8318366857616181
sub-EN096,12,L,5,0.8813445534103097
sub-EN096,12,L,10,0.9048759938397021
sub-EN096,12,L,20,0.9387287406163314
sub-EN096,12,L,40,0.9607367560129956
sub-EN096,12,L,60,0.975742366210351
sub-EN096,12,L,80,0.9868893950174463
sub-EN096,12,L,100,0.9940808269146044
sub-EN096,12,L,120,1.0
sub-EN096,12,R,1,0.7899962811530314
sub-EN096,12,R,2,0.7940171822688223
sub-EN096,12,R,3,0.8063926254710571
sub-EN096,12,R,5,0.8757876636778358
sub-EN096,12,R,10,0.9026410193211336
sub-EN096,12,R,20,0.9384733132121535
sub-EN096,12,R,40,0.9593236451489118
sub-EN096,12,R,60,0.9747594081826033
sub-EN096,12,R,80,0.9866689603495142
sub-EN096,12,R,100,0.9938113604849653
sub-EN096,12,R,120,1.0
sub-EN096,13,L,1,0.8074401099590907
sub-EN096,13,L,2,0.8117092828102924
sub-EN096,13,L,3,0.8337927858870087
sub-EN096,13,L,5,0.8854423234950014
sub-EN096,13,L,10,0.9046075079238054
sub-EN096,13,L,20,0.9369563603591897
sub-EN096,13,L,40,0.9599853724903836
sub-EN096,13,L,60,0.9752443456951757
sub-EN096,13,L,80,0.9856632775738395
sub-EN096,13,L,100,0.9942331854829568
sub-EN096,13,L,120,1.0
sub-EN096,13,R,1,0.7928582782255829
sub-EN096,13,R,2,0.7982680884998098
sub-EN096,13,R,3,0.8109860235001733
sub-EN096,13,R,5,0.8788621234340535
sub-EN096,13,R,10,0.9039049989480028
sub-EN096,13,R,20,0.939772166148733
sub-EN096,13,R,40,0.9611556740303121
sub-EN096,13,R,60,0.9748263259824056
sub-EN096,13,R,80,0.9861798402086607
sub-EN096,13,R,100,0.9934724765640337
sub-EN096,13,R,120,1.0
sub-EN096,14,L,1,0.7729994800084046
sub-EN096,14,L,2,0.7765993071990633
sub-EN096,14,L,3,0.8022595136403934
sub-EN096,14,L,5,0.8566510965377248
sub-EN096,14,L,10,0.8911273147342709
sub-EN096,14,L,20,0.9285395202093085
sub-EN096,14,L,40,0.9548630819494484
sub-EN096,14,L,60,0.9718367554226912
sub-EN096,14,L,80,0.9833911741490278
sub-EN096,14,L,100,0.9933390298628765
sub-EN096,14,L,120,1.0
sub-EN096,14,R,1,0.7634530391964056
sub-EN096,14,R,2,0.7681145321253328
sub-EN096,14,R,3,0.7811704062113509
sub-EN096,14,R,5,0.8586462279168078
sub-EN096,14,R,10,0.895321679140888
sub-EN096,14,R,20,0.9329841811293756
sub-EN096,14,R,40,0.956473609857527
sub-EN096,14,R,60,0.9722165890790311
sub-EN096,14,R,80,0.9847691740642173
sub-EN096,14,R,100,0.9925517521588711
sub-EN096,14,R,120,1.0
sub-EN096,6,L,1,0.7996827016497668
sub-EN096,6,L,2,0.8060831776297112
sub-EN096,6,L,3,0.8310303901156502
sub-EN096,6,L,5,0.8806886212985909
sub-EN096,6,L,10,0.9029997033712777
sub-EN096,6,L,20,0.9387842023433158
sub-EN096,6,L,40,0.9597312841337907
sub-EN096,6,L,60,0.9755834830391941
sub-EN096,6,L,80,0.9872773781073775
sub-EN096,6,L,100,0.9942520978791122
sub-EN096,6,L,120,1.0
sub-EN096,6,R,1,0.7918220406718355
sub-EN096,6,R,2,0.7972716298932131
sub-EN096,6,R,3,0.8099730657916384
sub-EN096,6,R,5,0.8805582946998612
sub-EN096,6,R,10,0.9060369960830201
sub-EN096,6,R,20,0.9418642105263096
sub-EN096,6,R,40,0.9617201630359528
sub-EN096,6,R,60,0.9751297206631485
sub-EN096,6,R,80,0.9866278476148714
sub-EN096,6,R,100,0.9937085428429432
sub-EN096,6,R,120,1.0
sub-EN096,7,L,1,0.7816815310269267
sub-EN096,7,L,2,0.791892767869818
sub-EN096,7,L,3,0.8205775140369667
sub-EN096,7,L,5,0.874783076781504
sub-EN096,7,L,10,0.8951673715083228
sub-EN096,7,L,20,0.9310181480696481
sub-EN096,7,L,40,0.956497932606675
sub-EN096,7,L,60,0.9729708342796268
sub-EN096,7,L,80,0.9853639049498922
sub-EN096,7,L,100,0.9936233029739548
sub-EN096,7,L,120,1.0
sub-EN096,7,R,1,0.7580679170636428
sub-EN096,7,R,2,0.765573402492567
sub-EN096,7,R,3,0.7857855953130988
sub-EN096,7,R,5,0.8615567312093598
sub-EN096,7,R,10,0.8865538739757338
sub-EN096,7,R,20,0.9265700890055851
sub-EN096,7,R,40,0.9521312860382298
sub-EN096,7,R,60,0.9694332545613745
sub-EN096,7,R,80,0.9836891296276765
sub-EN096,7,R,100,0.9925333265663787
sub-EN096,7,R,120,1.0
sub-EN096,8,L,1,0.8102117490205023
sub-EN096,8,L,2,0.8155104735350328
sub-EN096,8,L,3,0.8397147559623978
sub-EN096,8,L,5,0.8886378774417162
sub-EN096,8,L,10,0.9109151302891606
sub-EN096,8,L,20,0.942875265998033
sub-EN096,8,L,40,0.9623442821831446
sub-EN096,8,L,60,0.9764694699524755
sub-EN096,8,L,80,0.9866113161467756
sub-EN096,8,L,100,0.9941384474044345
sub-EN096,8,L,120,1.0
sub-EN096,8,R,1,0.7963984850115655
sub-EN096,8,R,2,0.8009356095979083
sub-EN096,8,R,3,0.8116917962772133
sub-EN096,8,R,5,0.8802705895962374
sub-EN096,8,R,10,0.9067625683755679
sub-EN096,8,R,20,0.9415313575443373
sub-EN096,8,R,40,0.961254792504498
sub-EN096,8,R,60,0.9749047051975591
sub-EN096,8,R,80,0.9867183740200511
sub-EN096,8,R,100,0.9938748415695265
sub-EN096,8,R,120,1.0
sub-EN096,9,L,1,0.7747916713273773
sub-EN096,9,L,2,0.7818302940766422
sub-EN096,9,L,3,0.8038026785173339
sub-EN096,9,L,5,0.8583871972224904
sub-EN096,9,L,10,0.9013766612005796
sub-EN096,9,L,20,0.9361324451201296
sub-EN096,9,L,40,0.9588263012795266
sub-EN096,9,L,60,0.97481897747157
sub-EN096,9,L,80,0.9859446811312699
sub-EN096,9,L,100,0.9935721637583712
sub-EN096,9,L,120,1.0
sub-EN096,9,R,1,0.7626257942998765
sub-EN096,9,R,2,0.7701682111732165
sub-EN096,9,R,3,0.7816548715755712
sub-EN096,9,R,5,0.8531079951407923
sub-EN096,9,R,10,0.8988789362090692
sub-EN096,9,R,20,0.9372492448224172
sub-EN096,9,R,40,0.9600710366563469
sub-EN096,9,R,60,0.9741946908412012
sub-EN096,9,R,80,0.986036970140384
sub-EN096,9,R,100,0.9933758547719733
sub-EN096,9,R,120,1.0
sub-EN097,10,L,1,0.8139510871097821
sub-EN097,10,L,2,0.8202942395779045
sub-EN097,10,L,3,0.841401381140653
sub-EN097,10,L,5,0.8931025316511649
sub-EN097,10,L,10,0.9156060843376073
sub-EN097,10,L,20,0.9446898264650252
sub-EN097,10,L,40,0.9647008068133593
sub-EN097,10,L,60,0.9781506547689596
sub-EN097,10,L,80,0.9888790228727593
sub-EN097,10,L,100,0.9945155513872609
sub-EN097,10,L,120,1.0
sub-EN097,10,R,1,0.7953164538892734
sub-EN097,10,R,2,0.801217865590934
sub-EN097,10,R,3,0.8113898756641234
sub-EN097,10,R,5,0.8824921601236522
sub-EN097,10,R,10,0.910148472683968
sub-EN097,10,R,20,0.9444057011509144
sub-EN097,10,R,40,0.9649174147042748
sub-EN097,10,R,60,0.9774865831974485
sub-EN097,10,R,80,0.9884085360263616
sub-EN097,10,R,100,0.9945553510774541
sub-EN097,10,R,120,1.0
sub-EN097,11,L,1,0.796157812804975
sub-EN097,11,L,2,0.8006837197483677
sub-EN097,11,L,3,0.8286778937306248
sub-EN097,11,L,5,0.8836198542567195
sub-EN097,11,L,10,0.9069781533116095
sub-EN097,11,L,20,0.9364115617476035
sub-EN097,11,L,40,0.9584352430962857
sub-EN097,11,L,60,0.9732076506533792
sub-EN097,11,L,80,0.9855371779261584
sub-EN097,11,L,100,0.9931579093109062
sub-EN097,11,L,120,1.0
sub-EN097,11,R,1,0.7717567401650187
sub-EN097,11,R,2,0.7761837735274214
sub-EN097,11,R,3,0.7914421348204033
sub-EN097,11,R,5,0.8672379232823034
sub-EN097,11,R,10,0.8977337065824491
sub-EN097,11,R,20,0.9334121476087848
sub-EN097,11,R,40,0.9579227925823381
sub-EN097,11,R,60,0.9724012797349987
sub-EN097,11,R,80,0.9855088661278703
sub-EN097,11,R,100,0.9934191194895007
sub-EN097,11,R,120,1.0
sub-EN097,12,L,1,0.8106002153572357
sub-EN097,12,L,2,0.8161775282034717
sub-EN097,12,L,3,0.8395893055513998
sub-EN097,12,L,5,0.8905272456103955
sub-EN097,12,L,10,0.9120363301921446
sub-EN097,12,L,20,0.9420239136010969
sub-EN097,12,L,40,0.9624340116457222
sub-EN097,12,L,60,0.9766335861802707
sub-EN097,12,L,80,0.9879578342142671
sub-EN097,12,L,100,0.9943350022386965
sub-EN097,12,L,120,1.0
sub-EN097,12,R,1,0.7903298691997335
sub-EN097,12,R,2,0.7968983338053051
sub-EN097,12,R,3,0.8077075859739001
sub-EN097,12,R,5,0.8781469953506421
sub-EN097,12,R,10,0.9073536306529929
sub-EN097,12,R,20,0.9414524426569186
sub-EN097,12,R,40,0.9625819070028079
sub-EN097,12,R,60,0.9759890306931434
sub-EN097,12,R,80,0.987514093717916
sub-EN097,12,R,100,0.9941544326666448
sub-EN097,12,R,120,1.0
sub-EN097,13,L,1,0.8209132144964919
sub-EN097,13,L,2,0.8263112728892167
sub-EN097,13,L,3,0.8450288660120763
sub-EN097,13,L,5,0.8948891388209987
sub-EN097,13,L,10,0.9167346338570593
sub-EN097,13,L,20,0.9445478264247027
sub-EN097,13,L,40,0.963268192956887
sub-EN097,13,L,60,0.9771732628727111
sub-EN097,13,L,80,0.9882037557281752
sub-EN097,13,L,100,0.994181406126285
sub-EN097,13,L,120,1.0
sub-EN097,13,R,1,0.799381898998259
sub-EN097,13,R,2,0.8064854216842958
sub-EN097,13,R,3,0.8162932621553304
sub-EN097,13,R,5,0.884728315383943
sub-EN097,13,R,10,0.9122860487056528
sub-EN097,13,R,20,0.9443081453031424
sub-EN097,13,R,40,0.9646064052932795
sub-EN097,13,R,60,0.9774437197954196
sub-EN097,13,R,80,0.9879088980008178
sub-EN097,13,R,100,0.9942516845143705
sub-EN097,13,R,120,1.0
sub-EN097,14,L,1,0.8020150966230769
sub-EN097,14,L,2,0.8074871827586242
sub-EN097,14,L,3,0.8328341740636895
sub-EN097,14,L,5,0.8846935440173483
sub-EN097,14,L,10,0.9082128815523142
sub-EN097,14,L,20,0.9391983601989432
sub-EN097,14,L,40,0.9600403362285352
sub-EN097,14,L,60,0.9750490020479935
sub-EN097,14,L,80,0.9857432952156503
sub-EN097,14,L,100,0.9929162099421072
sub-EN097,14,L,120,1.0
sub-EN097,14,R,1,0.7855390144831452
sub-EN097,14,R,2,0.7922378237812175
sub-EN097,14,R,3,0.8030753118313806
sub-EN097,14,R,5,0.87546154098681
sub-EN097,14,R,10,0.9035137960579175
sub-EN097,14,R,20,0.9388514275660077
sub-EN097,14,R,40,0.9608671500729461
sub-EN097,14,R,60,0.974887536267251
sub-EN097,14,R,80,0.9865280356212586
sub-EN097,14,R,100,0.9934250848930437
sub-EN097,14,R,120,1.0
sub-EN097,6,L,1,0.8380589450908255
sub-EN097,6,L,2,0.8404961292060429
sub-EN097,6,L,3,0.8571066858634587
sub-EN097,6,L,5,0.9042756576449343
sub-EN097,6,L,10,0.9243067902529895
sub-EN097,6,L,20,0.9494443619908901
sub-EN097,6,L,40,0.9663112132017138
sub-EN097,6,L,60,0.9793464916157547
sub-EN097,6,L,80,0.9892682361908929
sub-EN097,6,L,100,0.994517977337929
sub-EN097,6,L,120,1.0
sub-EN097,6,R,1,0.8157401630538622
sub-EN097,6,R,2,0.8189444432405059
sub-EN097,6,R,3,0.8265647359399678
sub-EN097,6,R,5,0.8925366888804345
sub-EN097,6,R,10,0.9172932037742185
sub-EN097,6,R,20,0.9492293027451785
sub-EN097,6,R,40,0.9672458522665405
sub-EN097,6,R,60,0.9800845119252571
sub-EN097,6,R,80,0.9896977805439762
sub-EN097,6,R,100,0.9947255300436098
sub-EN097,6,R,120,1.0
sub-EN097,7,L,1,0.8267990486768804
sub-EN097,7,L,2,0.8303370511035799
sub-EN097,7,L,3,0.8495160213766831
sub-EN097,7,L,5,0.8964950834341836
sub-EN097,7,L,10,0.9162906259239115
sub-EN097,7,L,20,0.9433019055005366
sub-EN097,7,L,40,0.9628540431500592
sub-EN097,7,L,60,0.9767270594969072
sub-EN097,7,L,80,0.9877439809004587
sub-EN097,7,L,100,0.9945150318087873
sub-EN097,7,L,120,1.0
sub-EN097,7,R,1,0.8086652188958644
sub-EN097,7,R,2,0.8123044666004665
sub-EN097,7,R,3,0.8229044457807655
sub-EN097,7,R,5,0.887536037759729
sub-EN097,7,R,10,0.9111241496047675
sub-EN097,7,R,20,0.9429978163614691
sub-EN097,7,R,40,0.9642096042720676
sub-EN097,7,R,60,0.9778002050415705
sub-EN097,7,R,80,0.9885031820513225
sub-EN097,7,R,100,0.994574580174139
sub-EN097,7,R,120,1.0
sub-EN097,8,L,1,0.7962613555657185
sub-EN097,8,L,2,0.8024367841266914
sub-EN097,8,L,3,0.8250538323521228
sub-EN097,8,L,5,0.8785904040852534
sub-EN097,8,L,10,0.9058781831293454
sub-EN097,8,L,20,0.9353004655549407
sub-EN097,8,L,40,0.9564805937127906
sub-EN097,8,L,60,0.9727288237366689
sub-EN097,8,L,80,0.9849867481974861
sub-EN097,8,L,100,0.9930522520863495
sub-EN097,8,L,120,1.0
sub-EN097,8,R,1,0.7737267958058579
sub-EN097,8,R,2,0.7805279475099995
sub-EN097,8,R,3,0.7948811570782375
sub-EN097,8,R,5,0.8667374495421416
sub-EN097,8,R,10,0.8975763423692368
sub-EN097,8,R,20,0.934982902459674
sub-EN097,8,R,40,0.9584321841689227
sub-EN097,8,R,60,0.9725878074866767
sub-EN097,8,R,80,0.9846644196982778
sub-EN097,8,R,100,0.9926114867275475
sub-EN097,8,R,120,1.0
sub-EN097,9,L,1,0.794652697575115
sub-EN097,9,L,2,0.8015254240132332
sub-EN097,9,L,3,0.8279237134207386
sub-EN097,9,L,5,0.8835789091656968
sub-EN097,9,L,10,0.907305483873651
sub-EN097,9,L,20,0.9379046249164807
sub-EN097,9,L,40,0.9583446429773059
sub-EN097,9,L,60,0.9736381647574955
sub-EN097,9,L,80,0.9861444691364112
sub-EN097,9,L,100,0.9934644182306338
sub-EN097,9,L,120,1.0
sub-EN097,9,R,1,0.7750583410932503
sub-EN097,9,R,2,0.7833247249382719
sub-EN097,9,R,3,0.796514058452402
sub-EN097,9,R,5,0.8729016433231799
sub-EN097,9,R,10,0.9026172794510285
sub-EN097,9,R,20,0.9375451514376165
sub-EN097,9,R,40,0.9619817566206686
sub-EN097,9,R,60,0.9760217218763227
sub-EN097,9,R,80,0.9864679113713077
sub-EN097,9,R,100,0.993986948467909
sub-EN097,9,R,120,1.0
sub-EN098,10,L,1,0.8125683925413888
sub-EN098,10,L,2,0.8163133429985103
sub-EN098,10,L,3,0.8410388946395485
sub-EN098,10,L,5,0.8920679607778135
sub-EN098,10,L,10,0.9118637478777133
sub-EN098,10,L,20,0.9406036322100515
sub-EN098,10,L,40,0.9616205543649317
sub-EN098,10,L,60,0.9767997386381833
sub-EN098,10,L,80,0.9870161076981447
sub-EN098,10,L,100,0.9941764878909155
sub-EN098,10,L,120,1.0
sub-EN098,10,R,1,0.7974472712343992
sub-EN098,10,R,2,0.8012052727515991
sub-EN098,10,R,3,0.8123893456461748
sub-EN098,10,R,5,0.8829622073966578
sub-EN098,10,R,10,0.9092502132715208
sub-EN098,10,R,20,0.9401224445005243
sub-EN098,10,R,40,0.9625668025976788
sub-EN098,10,R,60,0.975401254567755
sub-EN098,10,R,80,0.9869014193075193
sub-EN098,10,R,100,0.9935850872782843
sub-EN098,10,R,120,1.0
sub-EN098,13,L,1,0.7860765783598748
sub-EN098,13,L,2,0.7912790551076632
sub-EN098,13,L,3,0.8194814881762543
sub-EN098,13,L,5,0.8721758091271807
sub-EN098,13,L,10,0.8970368204713297
sub-EN098,13,L,20,0.9307334314491407
sub-EN098,13,L,40,0.9562317663668319
sub-EN098,13,L,60,0.97298825673289
sub-EN098,13,L,80,0.9841591919840713
sub-EN098,13,L,100,0.9925199221413482
sub-EN098,13,L,120,1.0
sub-EN098,13,R,1,0.7774771811123558
sub-EN098,13,R,2,0.7855889372882494
sub-EN098,13,R,3,0.8000913393618326
sub-EN098,13,R,5,0.8721831750444566
sub-EN098,13,R,10,0.9044755703250277
sub-EN098,13,R,20,0.9370352677840089
sub-EN098,13,R,40,0.9594759195946158
sub-EN098,13,R,60,0.9748801611818178
sub-EN098,13,R,80,0.9859720682013104
sub-EN098,13,R,100,0.9932597890278356
sub-EN098,13,R,120,1.0
sub-EN098,14,L,1,0.7878318077462454
sub-EN098,14,L,2,0.794120563128356
sub-EN098,14,L,3,0.8226640892459782
sub-EN098,14,L,5,0.8742972866527499
sub-EN098,14,L,10,0.8972060494421829
sub-EN098,14,L,20,0.9310369392564715
sub-EN098,14,L,40,0.9558464832687813
sub-EN098,14,L,60,0.9722319231395358
sub-EN098,14,L,80,0.9843414167517817
sub-EN098,14,L,100,0.9933547309506396
sub-EN098,14,L,120,1.0
sub-EN098,14,R,1,0.7820140015567951
sub-EN098,14,R,2,0.7882347805007447
sub-EN098,14,R,3,0.8009982302537353
sub-EN098,14,R,5,0.8708027269464088
sub-EN098,14,R,10,0.8999030780180476
sub-EN098,14,R,20,0.9340393137163017
sub-EN098,14,R,40,0.9585513275221142
sub-EN098,14,R,60,0.9733862750178703
sub-EN098,14,R,80,0.9863358311404402
sub-EN098,14,R,100,0.9935954798432084
sub-EN098,14,R,120,1.0
sub-EN098,15,L,1,0.7971979310368366
sub-EN098,15,L,2,0.8016884853280131
sub-EN098,15,L,3,0.8256140384725318
sub-EN098,15,L,5,0.8781760634409116
sub-EN098,15,L,10,0.902726669101334
sub-EN098,15,L,20,0.9381504026072939
sub-EN098,15,L,40,0.9594354490209643
sub-EN098,15,L,60,0.975442362148176
sub-EN098,15,L,80,0.9869231084918423
sub-EN098,15,L,100,0.9942133170500945
sub-EN098,15,L,120,1.0
sub-EN098,15,R,1,0.7824634862310725
sub-EN098,15,R,2,0.7871252972864797
sub-EN098,15,R,3,0.7977462821274504
sub-EN098,15,R,5,0.8700124673060872
sub-EN098,15,R,10,0.8998698377292235
sub-EN098,15,R,20,0.93655226114467
sub-EN098,15,R,40,0.9591632018361383
sub-EN098,15,R,60,0.9737637639521534
sub-EN098,15,R,80,0.9859453988457857
sub-EN098,15,R,100,0.9936404932828697
sub-EN098,15,R,120,1.0
sub-EN098,16,L,1,0.7797743790534963
sub-EN098,16,L,2,0.7865923943961226
sub-EN098,16,L,3,0.8143399514274273
sub-EN098,16,L,5,0.8659018871620018
sub-EN098,16,L,10,0.8901935262376075
sub-EN098,16,L,20,0.9263043489760726
sub-EN098,16,L,40,0.9532512670348766
sub-EN098,16,L,60,0.9705204734290548
sub-EN098,16,L,80,0.9838765416824852
sub-EN098,16,L,100,0.993272608637676
sub-EN098,16,L,120,1.0
sub-EN098,16,R,1,0.7790757575538367
sub-EN098,16,R,2,0.7838988241004334
sub-EN098,16,R,3,0.796831735310928
sub-EN098,16,R,5,0.868409509369438
sub-EN098,16,R,10,0.8977908441071991
sub-EN098,16,R,20,0.932845296318811
sub-EN098,16,R,40,0.9566688171239868
sub-EN098,16,R,60,0.9717577678135058
sub-EN098,16,R,80,0.9843979028416685
sub-EN098,16,R,100,0.9929909485393347
sub-EN098,16,R,120,1.0
sub-EN098,6,L,1,0.8160922923641029
sub-EN098,6,L,2,0.8202186190119785
sub-EN098,6,L,3,0.8444721331845197
sub-EN098,6,L,5,0.8939095417743839
sub-EN098,6,L,10,0.9122430353972245
sub-EN098,6,L,20,0.9418410427867371
sub-EN098,6,L,40,0.9599880340678175
sub-EN098,6,L,60,0.9759520017247643
sub-EN098,6,L,80,0.9870234766306779
sub-EN098,6,L,100,0.994441077174657
sub-EN098,6,L,120,1.0
sub-EN098,6,R,1,0.804044502497081
sub-EN098,6,R,2,0.8068876493135609
sub-EN098,6,R,3,0.8187187729442843
sub-EN098,6,R,5,0.8884694089979539
sub-EN098,6,R,10,0.9127555546719484
sub-EN098,6,R,20,0.9433103875975053
sub-EN098,6,R,40,0.9647301280502877
sub-EN098,6,R,60,0.9769645294335862
sub-EN098,6,R,80,0.9880486985015333
sub-EN098,6,R,100,0.994607597383585
sub-EN098,6,R,120,1.0
sub-EN098,7,L,1,0.8135034613042897
sub-EN098,7,L,2,0.818603765730249
sub-EN098,7,L,3,0.843664809109901
sub-EN098,7,L,5,0.895211262209394
sub-EN098,7,L,10,0.9135596736530139
sub-EN098,7,L,20,0.942719064215759
sub-EN098,7,L,40,0.9612638967048198
sub-EN098,7,L,60,0.9768778678036879
sub-EN098,7,L,80,0.9874175637003322
sub-EN098,7,L,100,0.9942113718415441
sub-EN098,7,L,120,1.0
sub-EN098,7,R,1,0.7919171977577656
sub-EN098,7,R,2,0.7965342355977698
sub-EN098,7,R,3,0.8084947007961546
sub-EN098,7,R,5,0.8806925545427025
sub-EN098,7,R,10,0.9056237920353297
sub-EN098,7,R,20,0.9385891489041382
sub-EN098,7,R,40,0.9599054167544859
sub-EN098,7,R,60,0.9738016067656424
sub-EN098,7,R,80,0.9865421011899054
sub-EN098,7,R,100,0.9939382081750772
sub-EN098,7,R,120,1.0
sub-EN098,8,L,1,0.7872526606823542
sub-EN098,8,L,2,0.7949899050546609
sub-EN098,8,L,3,0.82978046812097
sub-EN098,8,L,5,0.8825096079669742
sub-EN098,8,L,10,0.901287625253532
sub-EN098,8,L,20,0.9328333000637209
sub-EN098,8,L,40,0.9557882873207393
sub-EN098,8,L,60,0.9739192184035623
sub-EN098,8,L,80,0.9858864647961285
sub-EN098,8,L,100,0.9938414877411236
sub-EN098,8,L,120,1.0
sub-EN098,8,R,1,0.7627452786661151
sub-EN098,8,R,2,0.7715421188158187
sub-EN098,8,R,3,0.794795093401899
sub-EN098,8,R,5,0.872324997958071
sub-EN098,8,R,10,0.8993141396913643
sub-EN098,8,R,20,0.9315512274525518
sub-EN098,8,R,40,0.9567051110208127
sub-EN098,8,R,60,0.9721202689519537
sub-EN098,8,R,80,0.9863519101133551
sub-EN098,8,R,100,0.9939686867016062
sub-EN098,8,R,120,1.0
sub-EN098,9,L,1,0.8011455569906752
sub-EN098,9,L,2,0.8071203610748013
sub-EN098,9,L,3,0.8324257498303205
sub-EN098,9,L,5,0.8841142329378514
sub-EN098,9,L,10,0.9031081518721152
sub-EN098,9,L,20,0.9338421796313939
sub-EN098,9,L,40,0.9566793137440429
sub-EN098,9,L,60,0.9733984014917522
sub-EN098,9,L,80,0.9856145665891871
sub-EN098,9,L,100,0.9938027072757001
sub-EN098,9,L,120,1.0
sub-EN098,9,R,1,0.7860467987527495
sub-EN098,9,R,2,0.7901036695751615
sub-EN098,9,R,3,0.8046120698462945
sub-EN098,9,R,5,0.8767467701172507
sub-EN098,9,R,10,0.9024355625882454
sub-EN098,9,R,20,0.9352954886811864
sub-EN098,9,R,40,0.9585412276793209
sub-EN098,9,R,60,0.9730004122262272
sub-EN098,9,R,80,0.9865652414161398
sub-EN098,9,R,100,0.9937829954491714
sub-EN098,9,R,120,1.0
sub-EN099,10,L,1,0.7720929159422197
sub-EN099,10,L,2,0.7846977834562688
sub-EN099,10,L,3,0.8207065765754071
sub-EN099,10,L,5,0.8773849155210752
sub-EN099,10,L,10,0.9068041334254685
sub-EN099,10,L,20,0.939530069454795
sub-EN099,10,L,40,0.9596457564456894
sub-EN099,10,L,60,0.9739966502387754
sub-EN099,10,L,80,0.9854072669114411
sub-EN099,10,L,100,0.993903303413524
sub-EN099,10,L,120,1.0
sub-EN099,10,R,1,0.7630075264279491
sub-EN099,10,R,2,0.7818546041132024
sub-EN099,10,R,3,0.802590250281998
sub-EN099,10,R,5,0.8776926557220319
sub-EN099,10,R,10,0.909029768242165
sub-EN099,10,R,20,0.9447904348713665
sub-EN099,10,R,40,0.9650777230918118
sub-EN099,10,R,60,0.9771327720157404
sub-EN099,10,R,80,0.9880797946181418
sub-EN099,10,R,100,0.994411718950453
sub-EN099,10,R,120,1.0
sub-EN099,11,L,1,0.7646447468093489
sub-EN099,11,L,2,0.7805819547906895
sub-EN099,11,L,3,0.8098926270936667
sub-EN099,11,L,5,0.8701086534560997
sub-EN099,11,L,10,0.901627937355312
sub-EN099,11,L,20,0.9359897504307066
sub-EN099,11,L,40,0.9559699958424333
sub-EN099,11,L,60,0.9715751920733242
sub-EN099,11,L,80,0.9842305818320854
sub-EN099,11,L,100,0.992926802738057
sub-EN099,11,L,120,1.0
sub-EN099,11,R,1,0.7507482563803328
sub-EN099,11,R,2,0.7719491503160082
sub-EN099,11,R,3,0.7906818357887001
sub-EN099,11,R,5,0.86880768985714
sub-EN099,11,R,10,0.9015524614309309
sub-EN099,11,R,20,0.9374386144833555
sub-EN099,11,R,40,0.9602816827100775
sub-EN099,11,R,60,0.9732009881765101
sub-EN099,11,R,80,0.9856164684151447
sub-EN099,11,R,100,0.9935693987038533
sub-EN099,11,R,120,1.0
sub-EN099,12,L,1,0.7467553765031884
sub-EN099,12,L,2,0.761356011589172
sub-EN099,12,L,3,0.7966660005144401
sub-EN099,12,L,5,0.856156987250649
sub-EN099,12,L,10,0.8895958044460638
sub-EN099,12,L,20,0.9277337549608773
sub-EN099,12,L,40,0.9540130327654064
sub-EN099,12,L,60,0.9701971790910963
sub-EN099,12,L,80,0.982713518605441
sub-EN099,12,L,100,0.9919912725731703
sub-EN099,12,L,120,1.0
sub-EN099,12,R,1,0.7226769079274504
sub-EN099,12,R,2,0.7440927420816431
sub-EN099,12,R,3,0.7653490704023269
sub-EN099,12,R,5,0.8490235810437969
sub-EN099,12,R,10,0.8863800994589053
sub-EN099,12,R,20,0.9317660481745792
sub-EN099,12,R,40,0.9561930386902798
sub-EN099,12,R,60,0.9705031010907591
sub-EN099,12,R,80,0.9840831064355265
sub-EN099,12,R,100,0.9922346234724779
sub-EN099,12,R,120,1.0
sub-EN099,13,L,1,0.7433826021391599
sub-EN099,13,L,2,0.759176746880476
sub-EN099,13,L,3,0.7944652953281235
sub-EN099,13,L,5,0.8559729717456056
sub-EN099,13,L,10,0.9031609582119132
sub-EN099,13,L,20,0.9322698990910747
sub-EN099,13,L,40,0.9576599683584498
sub-EN099,13,L,60,0.9724018227057983
sub-EN099,13,L,80,0.9851289557452476
sub-EN099,13,L,100,0.9930174340823399
sub-EN099,13,L,120,1.0
sub-EN099,13,R,1,0.7066008249229476
sub-EN099,13,R,2,0.735999526255068
sub-EN099,13,R,3,0.7582271408530231
sub-EN099,13,R,5,0.8359274208045412
sub-EN099,13,R,10,0.8919436366959815
sub-EN099,13,R,20,0.9282583626863301
sub-EN099,13,R,40,0.9581677606727372
sub-EN099,13,R,60,0.9712696068208997
sub-EN099,13,R,80,0.9834616950585409
sub-EN099,13,R,100,0.9929389287760542
sub-EN099,13,R,120,1.0
sub-EN099,14,L,1,0.7509100898846987
sub-EN099,14,L,2,0.7634758456618727
sub-EN099,14,L,3,0.7945192252335225
sub-EN099,14,L,5,0.8595716394375621
sub-EN099,14,L,10,0.8931215038083136
sub-EN099,14,L,20,0.9309220359782139
sub-EN099,14,L,40,0.9536518125626916
sub-EN099,14,L,60,0.9710044342138956
sub-EN099,14,L,80,0.9840040122890328
sub-EN099,14,L,100,0.9927518927875858
sub-EN099,14,L,120,1.0
sub-EN099,14,R,1,0.7427583793377477
sub-EN099,14,R,2,0.7620069090680286
sub-EN099,14,R,3,0.7795727306919917
sub-EN099,14,R,5,0.8619065597108403
sub-EN099,14,R,10,0.8949275426327502
sub-EN099,14,R,20,0.9340781601120363
sub-EN099,14,R,40,0.9582826401388931
sub-EN099,14,R,60,0.9721979317527281
sub-EN099,14,R,80,0.9857903968087197
sub-EN099,14,R,100,0.9938249160607908
sub-EN099,14,R,120,1.0
sub-EN099,6,L,1,0.8026806219506384
sub-EN099,6,L,2,0.8132426351735697
sub-EN099,6,L,3,0.8397372941410177
sub-EN099,6,L,5,0.8935365451992685
sub-EN099,6,L,10,0.9179687355113791
sub-EN099,6,L,20,0.9461442455159028
sub-EN099,6,L,40,0.9645528171947848
sub-EN099,6,L,60,0.9782488791031992
sub-EN099,6,L,80,0.9879034376799682
sub-EN099,6,L,100,0.9943547370151462
sub-EN099,6,L,120,1.0
sub-EN099,6,R,1,0.7864033720946154
sub-EN099,6,R,2,0.8046211383340657
sub-EN099,6,R,3,0.8159488551304139
sub-EN099,6,R,5,0.8888199457169257
sub-EN099,6,R,10,0.917992350695909
sub-EN099,6,R,20,0.948668535047165
sub-EN099,6,R,40,0.9670372047034826
sub-EN099,6,R,60,0.9790528640115752
sub-EN099,6,R,80,0.9888092784986002
sub-EN099,6,R,100,0.9946317330350164
sub-EN099,6,R,120,1.0
sub-EN099,7,L,1,0.7738625846488278
sub-EN099,7,L,2,0.7821398748397171
sub-EN099,7,L,3,0.8094667617958159
sub-EN099,7,L,5,0.8681988701749355
sub-EN099,7,L,10,0.8980339654568779
sub-EN099,7,L,20,0.93296421826978
sub-EN099,7,L,40,0.9554080013729197
sub-EN099,7,L,60,0.9720802052769201
sub-EN099,7,L,80,0.9837466342620427
sub-EN099,7,L,100,0.9920832344445498
sub-EN099,7,L,120,1.0
sub-EN099,7,R,1,0.7572676456540921
sub-EN099,7,R,2,0.7663555113456242
sub-EN099,7,R,3,0.7888073697075642
sub-EN099,7,R,5,0.870970686405053
sub-EN099,7,R,10,0.900121570469976
sub-EN099,7,R,20,0.9364960313405967
sub-EN099,7,R,40,0.9595403079585814
sub-EN099,7,R,60,0.9734163875002219
sub-EN099,7,R,80,0.9846665396069418
sub-EN099,7,R,100,0.993531721502087
sub-EN099,7,R,120,1.0
sub-EN099,8,L,1,0.7407340499817461
sub-EN099,8,L,2,0.7620454121790954
sub-EN099,8,L,3,0.8009661398106505
sub-EN099,8,L,5,0.8623360571321826
sub-EN099,8,L,10,0.893609107405037
sub-EN099,8,L,20,0.9330639197415653
sub-EN099,8,L,40,0.9557242448892423
sub-EN099,8,L,60,0.97169467124414
sub-EN099,8,L,80,0.9837096583884392
sub-EN099,8,L,100,0.9927321502942001
sub-EN099,8,L,120,1.0
sub-EN099,8,R,1,0.7167224332937978
sub-EN099,8,R,2,0.7510868103456265
sub-EN099,8,R,3,0.7767987374142902
sub-EN099,8,R,5,0.8592553754833762
sub-EN099,8,R,10,0.8917295365277449
sub-EN099,8,R,20,0.9325790535183343
sub-EN099,8,R,40,0.9581920181537348
sub-EN099,8,R,60,0.9730910950662647
sub-EN099,8,R,80,0.9856785540314875
sub-EN099,8,R,100,0.9936697928003628
sub-EN099,8,R,120,1.0
sub-EN099,9,L,1,0.7423374826131485
sub-EN099,9,L,2,0.7539359845548437
sub-EN099,9,L,3,0.7935099641169386
sub-EN099,9,L,5,0.8565502792353951
sub-EN099,9,L,10,0.8924576549069794
sub-EN099,9,L,20,0.9279835972885657
sub-EN099,9,L,40,0.9527432266289011
sub-EN099,9,L,60,0.9702502253796235
sub-EN099,9,L,80,0.983880564413273
sub-EN099,9,L,100,0.9925846777705807
sub-EN099,9,L,120,1.0
sub-EN099,9,R,1,0.7268212331906478
sub-EN099,9,R,2,0.7414614440183638
sub-EN099,9,R,3,0.7602599377124872
sub-EN099,9,R,5,0.8437761388901011
sub-EN099,9,R,10,0.8941901882322882
sub-EN099,9,R,20,0.93115204244529
sub-EN099,9,R,40,0.9567902490832005
sub-EN099,9,R,60,0.9716220057894029
sub-EN099,9,R,80,0.9842196062352675
sub-EN099,9,R,100,0.9932132981580506
sub-EN099,9,R,120,1.0
sub-EN100,10,L,1,0.8054635795783988
sub-EN100,10,L,2,0.8120860137668112
sub-EN100,10,L,3,0.8344414425822617
sub-EN100,10,L,5,0.8874662812901483
sub-EN100,10,L,10,0.9091425012254456
sub-EN100,10,L,20,0.939726285593612
sub-EN100,10,L,40,0.9590567482022913
sub-EN100,10,L,60,0.9736870543837248
sub-EN100,10,L,80,0.9850900815688565
sub-EN100,10,L,100,0.9928255936706766
sub-EN100,10,L,120,1.0
sub-EN100,10,R,1,0.7865908637238606
sub-EN100,10,R,2,0.7935243085299828
sub-EN100,10,R,3,0.8069670109436354
sub-EN100,10,R,5,0.8782051130576415
sub-EN100,10,R,10,0.9067070740869818
sub-EN100,10,R,20,0.9401968219059944
sub-EN100,10,R,40,0.9612557590970376
sub-EN100,10,R,60,0.9741230174415719
sub-EN100,10,R,80,0.9859969642408573
sub-EN100,10,R,100,0.9934912923006093
sub-EN100,10,R,120,1.0
sub-EN100,11,L,1,0.7571515785509086
sub-EN100,11,L,2,0.7707865675851779
sub-EN100,11,L,3,0.7964159447901867
sub-EN100,11,L,5,0.8546213322726022
sub-EN100,11,L,10,0.8860852358419323
sub-EN100,11,L,20,0.9247081488587466
sub-EN100,11,L,40,0.9494161889609795
sub-EN100,11,L,60,0.9668789745944426
sub-EN100,11,L,80,0.9823362153253492
sub-EN100,11,L,100,0.9912826000126181
sub-EN100,11,L,120,1.0
sub-EN100,11,R,1,0.7431584882243399
sub-EN100,11,R,2,0.7588098258320052
sub-EN100,11,R,3,0.7717997090596209
sub-EN100,11,R,5,0.8470185171880237
sub-EN100,11,R,10,0.8807893176280301
sub-EN100,11,R,20,0.9211796727330077
sub-EN100,11,R,40,0.9492881985619471
sub-EN100,11,R,60,0.9662951105471735
sub-EN100,11,R,80,0.9806358849394308
sub-EN100,11,R,100,0.9911791309297694
sub-EN100,11,R,120,1.0
sub-EN100,12,L,1,0.8027269677214133
sub-EN100,12,L,2,0.808639456494036
sub-EN100,12,L,3,0.8333894120031625
sub-EN100,12,L,5,0.886321214930227
sub-EN100,12,L,10,0.9082100476303486
sub-EN100,12,L,20,0.9384478672189139
sub-EN100,12,L,40,0.9587225772115355
sub-EN100,12,L,60,0.9743749970335976
sub-EN100,12,L,80,0.9854630873741457
sub-EN100,12,L,100,0.9927976476551227
sub-EN100,12,L,120,1.0
sub-EN100,12,R,1,0.7880037958113912
sub-EN100,12,R,2,0.7931881017325644
sub-EN100,12,R,3,0.8059562642209644
sub-EN100,12,R,5,0.8744748925834036
sub-EN100,12,R,10,0.8998828883058364
sub-EN100,12,R,20,0.9359421371865998
sub-EN100,12,R,40,0.9583210805048903
sub-EN100,12,R,60,0.9726030071773436
sub-EN100,12,R,80,0.9851021425877771
sub-EN100,12,R,100,0.9932836494404496
sub-EN100,12,R,120,1.0
sub-EN100,13,L,1,0.8212638710646091
sub-EN100,13,L,2,0.8234151379184761
sub-EN100,13,L,3,0.8426487595187357
sub-EN100,13,L,5,0.8957025791141893
sub-EN100,13,L,10,0.9145753101881432
sub-EN100,13,L,20,0.9419443071542964
sub-EN100,13,L,40,0.9606324389526989
sub-EN100,13,L,60,0.9756259736082848
sub-EN100,13,L,80,0.9873055716394121
sub-EN100,13,L,100,0.9936514467491744
sub-EN100,13,L,120,1.0
sub-EN100,13,R,1,0.8110358616905062
sub-EN100,13,R,2,0.8128493495512455
sub-EN100,13,R,3,0.8209208251889096
sub-EN100,13,R,5,0.8858576186255572
sub-EN100,13,R,10,0.9136580469970106
sub-EN100,13,R,20,0.9433064422879205
sub-EN100,13,R,40,0.9638014248525838
sub-EN100,13,R,60,0.9764598220355305
sub-EN100,13,R,80,0.9873171392190131
sub-EN100,13,R,100,0.9941553494742598
sub-EN100,13,R,120,1.0
sub-EN100,14,L,1,0.8011429278075093
sub-EN100,14,L,2,0.8201356456191511
sub-EN100,14,L,3,0.8391125941970563
sub-EN100,14,L,5,0.895466262258821
sub-EN100,14,L,10,0.9194250071851873
sub-EN100,14,L,20,0.94742893307106
sub-EN100,14,L,40,0.9634761220517285
sub-EN100,14,L,60,0.9775832642010063
sub-EN100,14,L,80,0.9878746029655796
sub-EN100,14,L,100,0.9943240077456651
sub-EN100,14,L,120,1.0
sub-EN100,14,R,1,0.780207997219589
sub-EN100,14,R,2,0.7928188185859407
sub-EN100,14,R,3,0.8039073165961026
sub-EN100,14,R,5,0.874486272195276
sub-EN100,14,R,10,0.903177044338788
sub-EN100,14,R,20,0.936949040980055
sub-EN100,14,R,40,0.9583712478924107
sub-EN100,14,R,60,0.9716277902448551
sub-EN100,14,R,80,0.9848649723901274
sub-EN100,14,R,100,0.9933062914537151
sub-EN100,14,R,120,1.0
sub-EN100,6,L,1,0.8245018158193885
sub-EN100,6,L,2,0.8270110445559155
sub-EN100,6,L,3,0.8485092844877529
sub-EN100,6,L,5,0.8976105696509328
sub-EN100,6,L,10,0.9139357362544771
sub-EN100,6,L,20,0.9462438803865331
sub-EN100,6,L,40,0.9643416232400106
sub-EN100,6,L,60,0.9781722901777448
sub-EN100,6,L,80,0.9879379382103789
sub-EN100,6,L,100,0.9942696922995088
sub-EN100,6,L,120,1.0
sub-EN100,6,R,1,0.8037803681954728
sub-EN100,6,R,2,0.8066443262055565
sub-EN100,6,R,3,0.8161384544075131
sub-EN100,6,R,5,0.8814473907693565
sub-EN100,6,R,10,0.9043565648070614
sub-EN100,6,R,20,0.9376652788505694
sub-EN100,6,R,40,0.9619867751565382
sub-EN100,6,R,60,0.975812320589001
sub-EN100,6,R,80,0.9863960889081546
sub-EN100,6,R,100,0.9934723593868926
sub-EN100,6,R,120,1.0
sub-EN100,7,L,1,0.8358177984641026
sub-EN100,7,L,2,0.838830825297242
sub-EN100,7,L,3,0.8565718944388382
sub-EN100,7,L,5,0.9043489208615498
sub-EN100,7,L,10,0.9218888725640224
sub-EN100,7,L,20,0.9488871965625844
sub-EN100,7,L,40,0.9649962499942103
sub-EN100,7,L,60,0.9781958624277387
sub-EN100,7,L,80,0.9881810046153607
sub-EN100,7,L,100,0.9937592835303292
sub-EN100,7,L,120,1.0
sub-EN100,7,R,1,0.8171818209746272
sub-EN100,7,R,2,0.8202785060483284
sub-EN100,7,R,3,0.8285378007840953
sub-EN100,7,R,5,0.8919738857247682
sub-EN100,7,R,10,0.9138334270827875
sub-EN100,7,R,20,0.9441972845415916
sub-EN100,7,R,40,0.9635986747912149
sub-EN100,7,R,60,0.9766631999705618
sub-EN100,7,R,80,0.987330344671133
sub-EN100,7,R,100,0.9939421303602188
sub-EN100,7,R,120,1.0
sub-EN100,8,L,1,0.7760922318062118
sub-EN100,8,L,2,0.7851640394687188
sub-EN100,8,L,3,0.8167632325647959
sub-EN100,8,L,5,0.872163126465582
sub-EN100,8,L,10,0.8999726268194027
sub-EN100,8,L,20,0.9357331892699826
sub-EN100,8,L,40,0.9573229227224894
sub-EN100,8,L,60,0.9734824444720152
sub-EN100,8,L,80,0.9848137052288257
sub-EN100,8,L,100,0.9925675447616601
sub-EN100,8,L,120,1.0
sub-EN100,8,R,1,0.7498465300802979
sub-EN100,8,R,2,0.7639934862756665
sub-EN100,8,R,3,0.7803665036712824
sub-EN100,8,R,5,0.8527794407674816
sub-EN100,8,R,10,0.8863823769407572
sub-EN100,8,R,20,0.9264459292836746
sub-EN100,8,R,40,0.9526500557702662
sub-EN100,8,R,60,0.9686105035850681
sub-EN100,8,R,80,0.9824974005791612
sub-EN100,8,R,100,0.9925380278363218
sub-EN100,8,R,120,1.0
sub-EN100,9,L,1,0.8243137705220679
sub-EN100,9,L,2,0.827407103575341
sub-EN100,9,L,3,0.8467172430122195
sub-EN100,9,L,5,0.8963230693234336
sub-EN100,9,L,10,0.9150009458242505
sub-EN100,9,L,20,0.9431083151151274
sub-EN100,9,L,40,0.9618009858655644
sub-EN100,9,L,60,0.9767960829955222
sub-EN100,9,L,80,0.9872120977936083
sub-EN100,9,L,100,0.9934744840401147
sub-EN100,9,L,120,1.0
sub-EN100,9,R,1,0.8020354077996295
sub-EN100,9,R,2,0.8065306224567089
sub-EN100,9,R,3,0.8162277139542866
sub-EN100,9,R,5,0.882871946051545
sub-EN100,9,R,10,0.9071948761487624
sub-EN100,9,R,20,0.9404715674330241
sub-EN100,9,R,40,0.9609835253642717
sub-EN100,9,R,60,0.9745724393929989
sub-EN100,9,R,80,0.9861009071477981
sub-EN100,9,R,100,0.9938670348042528
sub-EN100,9,R,120,1.0
sub-EN101,10,L,1,0.8099953470734846
sub-EN101,10,L,2,0.8146128790703802
sub-EN101,10,L,3,0.8325341011983481
sub-EN101,10,L,5,0.886955903478339
sub-EN101,10,L,10,0.9065885182234772
sub-EN101,10,L,20,0.9384267745701742
sub-EN101,10,L,40,0.9608011134716862
sub-EN101,10,L,60,0.9758761294373215
sub-EN101,10,L,80,0.987748980928325
sub-EN101,10,L,100,0.9943321994336962
sub-EN101,10,L,120,1.0
sub-EN101,10,R,1,0.7920856355395174
sub-EN101,10,R,2,0.796087027671545
sub-EN101,10,R,3,0.8050904715383254
sub-EN101,10,R,5,0.8751547681875195
sub-EN101,10,R,10,0.9022234262698239
sub-EN101,10,R,20,0.9374466106539018
sub-EN101,10,R,40,0.9620063836160279
sub-EN101,10,R,60,0.9753680029576322
sub-EN101,10,R,80,0.9869132037498631
sub-EN101,10,R,100,0.9941217066886321
sub-EN101,10,R,120,1.0
sub-EN101,11,L,1,0.8065181762354598
sub-EN101,11,L,2,0.8119758119905113
sub-EN101,11,L,3,0.8291437158501579
sub-EN101,11,L,5,0.8815654677325805
sub-EN101,11,L,10,0.9028207538918099
sub-EN101,11,L,20,0.9350231756600934
sub-EN101,11,L,40,0.9581378344890686
sub-EN101,11,L,60,0.9745409499193032
sub-EN101,11,L,80,0.9865238707337757
sub-EN101,11,L,100,0.9939277440236374
sub-EN101,11,L,120,1.0
sub-EN101,11,R,1,0.7930057194341559
sub-EN101,11,R,2,0.7977236736382157
sub-EN101,11,R,3,0.8057084235707612
sub-EN101,11,R,5,0.8716530250280715
sub-EN101,11,R,10,0.8992029394155507
sub-EN101,11,R,20,0.9348743912202165
sub-EN101,11,R,40,0.959691478409178
sub-EN101,11,R,60,0.9742686628672825
sub-EN101,11,R,80,0.9858990071389311
sub-EN101,11,R,100,0.993814862888473
sub-EN101,11,R,120,1.0
sub-EN101,12,L,1,0.7942513626794016
sub-EN101,12,L,2,0.7984880032790765
sub-EN101,12,L,3,0.8175634289511792
sub-EN101,12,L,5,0.8680678084022196
sub-EN101,12,L,10,0.901897120430352
sub-EN101,12,L,20,0.9350246038327246
sub-EN101,12,L,40,0.9577076144488491
sub-EN101,12,L,60,0.974095810870574
sub-EN101,12,L,80,0.9866345107007273
sub-EN101,12,L,100,0.9936033352200367
sub-EN101,12,L,120,1.0
sub-EN101,12,R,1,0.7701301214664564
sub-EN101,12,R,2,0.774308509934203
sub-EN101,12,R,3,0.7847801586797131
sub-EN101,12,R,5,0.8541963809755102
sub-EN101,12,R,10,0.8967925118347243
sub-EN101,12,R,20,0.9317808070085338
sub-EN101,12,R,40,0.9571316139759853
sub-EN101,12,R,60,0.9720587524925914
sub-EN101,12,R,80,0.984385629395021
sub-EN101,12,R,100,0.992727629691285
sub-EN101,12,R,120,1.0
sub-EN101,13,L,1,0.8113608170299131
sub-EN101,13,L,2,0.8159150842614072
sub-EN101,13,L,3,0.8322082493860081
sub-EN101,13,L,5,0.8842458454991121
sub-EN101,13,L,10,0.9047222272942148
sub-EN101,13,L,20,0.9368601315612667
sub-EN101,13,L,40,0.9590179861490252
sub-EN101,13,L,60,0.9750550041968281
sub-EN101,13,L,80,0.9869437900257206
sub-EN101,13,L,100,0.9938402193278562
sub-EN101,13,L,120,1.0
sub-EN101,13,R,1,0.7928422026025042
sub-EN101,13,R,2,0.7968349589145615
sub-EN101,13,R,3,0.8067516782983435
sub-EN101,13,R,5,0.8738685216272636
sub-EN101,13,R,10,0.9010544767112928
sub-EN101,13,R,20,0.9362699043640705
sub-EN101,13,R,40,0.9605359564366945
sub-EN101,13,R,60,0.9750696419623472
sub-EN101,13,R,80,0.9868931491847986
sub-EN101,13,R,100,0.9939175955669337
sub-EN101,13,R,120,1.0
sub-EN101,14,L,1,0.7871263645029212
sub-EN101,14,L,2,0.7908485806485963
sub-EN101,14,L,3,0.8148926829441291
sub-EN101,14,L,5,0.8678736863436305
sub-EN101,14,L,10,0.8904806680668514
sub-EN101,14,L,20,0.9262689191186511
sub-EN101,14,L,40,0.9516352389448823
sub-EN101,14,L,60,0.9689329869881333
sub-EN101,14,L,80,0.9825878063897315
sub-EN101,14,L,100,0.991023705648507
sub-EN101,14,L,120,1.0
sub-EN101,14,R,1,0.7696403455787191
sub-EN101,14,R,2,0.7735828195772507
sub-EN101,14,R,3,0.7833978110413209
sub-EN101,14,R,5,0.8527466577532365
sub-EN101,14,R,10,0.881428142895224
sub-EN101,14,R,20,0.9222572593832059
sub-EN101,14,R,40,0.9512377958146884
sub-EN101,14,R,60,0.9686614759523254
sub-EN101,14,R,80,0.9821336719309547
sub-EN101,14,R,100,0.9917392151837234
sub-EN101,14,R,120,1.0
sub-EN101,6,L,1,0.8159904333137536
sub-EN101,6,L,2,0.8184390512721881
sub-EN101,6,L,3,0.8365591548146141
sub-EN101,6,L,5,0.88454505868523
sub-EN101,6,L,10,0.9047919348490472
sub-EN101,6,L,20,0.9363138332505685
sub-EN101,6,L,40,0.9570711722337557
sub-EN101,6,L,60,0.9738606367004146
sub-EN101,6,L,80,0.98562954052581
sub-EN101,6,L,100,0.9933202784285519
sub-EN101,6,L,120,1.0
sub-EN101,6,R,1,0.8027155633923845
sub-EN101,6,R,2,0.8054983448315642
sub-EN101,6,R,3,0.8150050606538564
sub-EN101,6,R,5,0.8787688505156024
sub-EN101,6,R,10,0.9033934948445198
sub-EN101,6,R,20,0.937394183889361
sub-EN101,6,R,40,0.9588804716443259
sub-EN101,6,R,60,0.9741260422319954
sub-EN101,6,R,80,0.9852991114648323
sub-EN101,6,R,100,0.9932349816500149
sub-EN101,6,R,120,1.0
sub-EN101,7,L,1,0.8055518177945807
sub-EN101,7,L,2,0.8109700780524407
sub-EN101,7,L,3,0.8291977194523927
sub-EN101,7,L,5,0.8792681257905478
sub-EN101,7,L,10,0.9005553535631795
sub-EN101,7,L,20,0.9331691483157393
sub-EN101,7,L,40,0.9547570945048375
sub-EN101,7,L,60,0.9719302100513953
sub-EN101,7,L,80,0.9844212695636658
sub-EN101,7,L,100,0.9926482067064224
sub-EN101,7,L,120,1.0
sub-EN101,7,R,1,0.7934911392306839
sub-EN101,7,R,2,0.7992946587485962
sub-EN101,7,R,3,0.8083949161247248
sub-EN101,7,R,5,0.8764310048137324
sub-EN101,7,R,10,0.9034818720918687
sub-EN101,7,R,20,0.9374700401888056
sub-EN101,7,R,40,0.9599263988740678
sub-EN101,7,R,60,0.9743887904199872
sub-EN101,7,R,80,0.9861665395752951
sub-EN101,7,R,100,0.9934388929155173
sub-EN101,7,R,120,1.0
sub-EN101,8,L,1,0.780347623344668
sub-EN101,8,L,2,0.7876292057669082
sub-EN101,8,L,3,0.8058675305743922
sub-EN101,8,L,5,0.8584051133045799
sub-EN101,8,L,10,0.8801650756904291
sub-EN101,8,L,20,0.9163754207288222
sub-EN101,8,L,40,0.9457190856197691
sub-EN101,8,L,60,0.9668479751191886
sub-EN101,8,L,80,0.9815421567492345
sub-EN101,8,L,100,0.9922243564115507
sub-EN101,8,L,120,1.0
sub-EN101,8,R,1,0.7679090479369087
sub-EN101,8,R,2,0.7739839614543859
sub-EN101,8,R,3,0.784870401394156
sub-EN101,8,R,5,0.8535567777658953
sub-EN101,8,R,10,0.8811853205030149
sub-EN101,8,R,20,0.9202716600621573
sub-EN101,8,R,40,0.9486483259781046
sub-EN101,8,R,60,0.9680389850567757
sub-EN101,8,R,80,0.9819472947810198
sub-EN101,8,R,100,0.9918674391358123
sub-EN101,8,R,120,1.0
sub-EN101,9,L,1,0.779962279038984
sub-EN101,9,L,2,0.7871300285422997
sub-EN101,9,L,3,0.813032669323154
sub-EN101,9,L,5,0.8639367087058141
sub-EN101,9,L,10,0.8877031385545417
sub-EN101,9,L,20,0.924080981544968
sub-EN101,9,L,40,0.9491348952393309
sub-EN101,9,L,60,0.9681156124196795
sub-EN101,9,L,80,0.9831376259258251
sub-EN101,9,L,100,0.9923827293834946
sub-EN101,9,L,120,1.0
sub-EN101,9,R,1,0.7838445337975559
sub-EN101,9,R,2,0.7906701727440423
sub-EN101,9,R,3,0.8007119115461211
sub-EN101,9,R,5,0.8694101381130916
sub-EN101,9,R,10,0.8965280390824099
sub-EN101,9,R,20,0.9328289012218536
sub-EN101,9,R,40,0.9578576880422498
sub-EN101,9,R,60,0.9730761488555861
sub-EN101,9,R,80,0.9852809410802983
sub-EN101,9,R,100,0.9932358895815967
sub-EN101,9,R,120,1.0
sub-EN103,10,L,1,0.820025686879707
sub-EN103,10,L,2,0.8226278253515088
sub-EN103,10,L,3,0.8506952974215516
sub-EN103,10,L,5,0.8993099320582271
sub-EN103,10,L,10,0.9199872672020528
sub-EN103,10,L,20,0.9481993562724286
sub-EN103,10,L,40,0.9655990886334551
sub-EN103,10,L,60,0.978695107648207
sub-EN103,10,L,80,0.9884634687280314
sub-EN103,10,L,100,0.9944302079545534
sub-EN103,10,L,120,1.0
sub-EN103,10,R,1,0.7998857594686963
sub-EN103,10,R,2,0.813587949930704
sub-EN103,10,R,3,0.8244914929460456
sub-EN103,10,R,5,0.8943383512266445
sub-EN103,10,R,10,0.9181953595257094
sub-EN103,10,R,20,0.9481681656368706
sub-EN103,10,R,40,0.966833352450877
sub-EN103,10,R,60,0.9797801845526072
sub-EN103,10,R,80,0.989441914270319
sub-EN103,10,R,100,0.9946439216574098
sub-EN103,10,R,120,1.0
sub-EN103,11,L,1,0.7865287535743591
sub-EN103,11,L,2,0.7920440371733536
sub-EN103,11,L,3,0.8222518976264372
sub-EN103,11,L,5,0.8766653999458863
sub-EN103,11,L,10,0.9019769021706232
sub-EN103,11,L,20,0.9338494068020896
sub-EN103,11,L,40,0.9573673487500334
sub-EN103,11,L,60,0.973746274090926
sub-EN103,11,L,80,0.9853175402186727
sub-EN103,11,L,100,0.992600376204219
sub-EN103,11,L,120,1.0
sub-EN103,11,R,1,0.7698561994580687
sub-EN103,11,R,2,0.7764920194356356
sub-EN103,11,R,3,0.7903129117415639
sub-EN103,11,R,5,0.8687674236026173
sub-EN103,11,R,10,0.9004728880720055
sub-EN103,11,R,20,0.9333957572883341
sub-EN103,11,R,40,0.9563047161865369
sub-EN103,11,R,60,0.9713406465739819
sub-EN103,11,R,80,0.9834038456061532
sub-EN103,11,R,100,0.9920018660280209
sub-EN103,11,R,120,1.0
sub-EN103,12,L,1,0.8021738122246981
sub-EN103,12,L,2,0.8086696728969188
sub-EN103,12,L,3,0.8342911176517032
sub-EN103,12,L,5,0.886576168548827
sub-EN103,12,L,10,0.9082992244570366
sub-EN103,12,L,20,0.9393480769932682
sub-EN103,12,L,40,0.9588942142943755
sub-EN103,12,L,60,0.9757455772373632
sub-EN103,12,L,80,0.9867512908603724
sub-EN103,12,L,100,0.9933775529510075
sub-EN103,12,L,120,1.0
sub-EN103,12,R,1,0.7824405050565476
sub-EN103,12,R,2,0.7895587699637422
sub-EN103,12,R,3,0.8017911760095875
sub-EN103,12,R,5,0.8762412429647702
sub-EN103,12,R,10,0.9049255159947859
sub-EN103,12,R,20,0.937551242788573
sub-EN103,12,R,40,0.9593254212385512
sub-EN103,12,R,60,0.9733660223765893
sub-EN103,12,R,80,0.9856285318270656
sub-EN103,12,R,100,0.9928357648853389
sub-EN103,12,R,120,1.0
sub-EN103,13,L,1,0.8074319253233628
sub-EN103,13,L,2,0.8137156953744539
sub-EN103,13,L,3,0.8385186296910666
sub-EN103,13,L,5,0.8899911498441831
sub-EN103,13,L,10,0.9135533205730818
sub-EN103,13,L,20,0.9452374869460451
sub-EN103,13,L,40,0.9636174220253962
sub-EN103,13,L,60,0.9781080636377661
sub-EN103,13,L,80,0.9879484566306018
sub-EN103,13,L,100,0.9940210287784348
sub-EN103,13,L,120,1.0
sub-EN103,13,R,1,0.7871428059075903
sub-EN103,13,R,2,0.7956917037896246
sub-EN103,13,R,3,0.806499640699581
sub-EN103,13,R,5,0.8800952588078901
sub-EN103,13,R,10,0.9106485319909554
sub-EN103,13,R,20,0.9425549867828068
sub-EN103,13,R,40,0.9644670145190029
sub-EN103,13,R,60,0.9771771567533912
sub-EN103,13,R,80,0.9875467109269647
sub-EN103,13,R,100,0.9939168724829158
sub-EN103,13,R,120,1.0
sub-EN103,14,L,1,0.7936387784881531
sub-EN103,14,L,2,0.798755635501044
sub-EN103,14,L,3,0.825708424085111
sub-EN103,14,L,5,0.8761145048242603
sub-EN103,14,L,10,0.9034801671772481
sub-EN103,14,L,20,0.9353139880436397
sub-EN103,14,L,40,0.9569374824738458
sub-EN103,14,L,60,0.973130927652597
sub-EN103,14,L,80,0.9837845041861573
sub-EN103,14,L,100,0.9919989365735941
sub-EN103,14,L,120,1.0
sub-EN103,14,R,1,0.7884069213699437
sub-EN103,14,R,2,0.793923033298773
sub-EN103,14,R,3,0.8041192515132978
sub-EN103,14,R,5,0.8749179490011285
sub-EN103,14,R,10,0.9038623352690555
sub-EN103,14,R,20,0.9370340761936401
sub-EN103,14,R,40,0.9593482423151246
sub-EN103,14,R,60,0.9734634506431851
sub-EN103,14,R,80,0.9845669168290044
sub-EN103,14,R,100,0.9929148343081916
sub-EN103,14,R,120,1.0
sub-EN103,6,L,1,0.8180169987448921
sub-EN103,6,L,2,0.8203909321250793
sub-EN103,6,L,3,0.8483457339584898
sub-EN103,6,L,5,0.8987089843191127
sub-EN103,6,L,10,0.9211676839840046
sub-EN103,6,L,20,0.9505598573254361
sub-EN103,6,L,40,0.9672661888401518
sub-EN103,6,L,60,0.9797087893741951
sub-EN103,6,L,80,0.989228988675618
sub-EN103,6,L,100,0.9946622427636905
sub-EN103,6,L,120,1.0
sub-EN103,6,R,1,0.7895159079835479
sub-EN103,6,R,2,0.8034290213671539
sub-EN103,6,R,3,0.8148461513764139
sub-EN103,6,R,5,0.8901414323308499
sub-EN103,6,R,10,0.9161410838695232
sub-EN103,6,R,20,0.949457221046545
sub-EN103,6,R,40,0.9691796739122197
sub-EN103,6,R,60,0.9803125842291003
sub-EN103,6,R,80,0.9896528187838525
sub-EN103,6,R,100,0.994882933572196
sub-EN103,6,R,120,1.0
sub-EN103,7,L,1,0.7884034687955115
sub-EN103,7,L,2,0.7919831463146908
sub-EN103,7,L,3,0.8242229799841935
sub-EN103,7,L,5,0.8772133171638723
sub-EN103,7,L,10,0.8988613059344156
sub-EN103,7,L,20,0.9348418312985108
sub-EN103,7,L,40,0.9571264308398919
sub-EN103,7,L,60,0.9743751693110996
sub-EN103,7,L,80,0.9868771976243234
sub-EN103,7,L,100,0.9931619910407804
sub-EN103,7,L,120,1.0
sub-EN103,7,R,1,0.7943193976070729
sub-EN103,7,R,2,0.8030218117009021
sub-EN103,7,R,3,0.8147967906460409
sub-EN103,7,R,5,0.8869061757179537
sub-EN103,7,R,10,0.9125394248075941
sub-EN103,7,R,20,0.943350029730815
sub-EN103,7,R,40,0.9627912612304486
sub-EN103,7,R,60,0.9762779382914132
sub-EN103,7,R,80,0.9881999393620273
sub-EN103,7,R,100,0.9941555175368675
sub-EN103,7,R,120,1.0
sub-EN103,8,L,1,0.7945576134490377
sub-EN103,8,L,2,0.7986901351594508
sub-EN103,8,L,3,0.8289165056593581
sub-EN103,8,L,5,0.8817237300837384
sub-EN103,8,L,10,0.9065531922453935
sub-EN103,8,L,20,0.9393298647055915
sub-EN103,8,L,40,0.9588592658311345
sub-EN103,8,L,60,0.9736386962706087
sub-EN103,8,L,80,0.9857744200120212
sub-EN103,8,L,100,0.9925617443052233
sub-EN103,8,L,120,1.0
sub-EN103,8,R,1,0.7821138524025198
sub-EN103,8,R,2,0.792320516062312
sub-EN103,8,R,3,0.8042118282931947
sub-EN103,8,R,5,0.8779291222892365
sub-EN103,8,R,10,0.9062759565046968
sub-EN103,8,R,20,0.9387519995692368
sub-EN103,8,R,40,0.9593251405791319
sub-EN103,8,R,60,0.9740076372783724
sub-EN103,8,R,80,0.9858201457054377
sub-EN103,8,R,100,0.9930377628746392
sub-EN103,8,R,120,1.0
sub-EN103,9,L,1,0.785801329833821
sub-EN103,9,L,2,0.7922636562677381
sub-EN103,9,L,3,0.8235086896850862
sub-EN103,9,L,5,0.8758754210635704
sub-EN103,9,L,10,0.9034985159459129
sub-EN103,9,L,20,0.9372138318001951
sub-EN103,9,L,40,0.9598443477622544
sub-EN103,9,L,60,0.9754974942553327
sub-EN103,9,L,80,0.986316902464692
sub-EN103,9,L,100,0.9930585866853934
sub-EN103,9,L,120,1.0
sub-EN103,9,R,1,0.7803433039738715
sub-EN103,9,R,2,0.7911819631376861
sub-EN103,9,R,3,0.804272100946956
sub-EN103,9,R,5,0.8779652692175296
sub-EN103,9,R,10,0.9121229526631502
sub-EN103,9,R,20,0.94312834150049
sub-EN103,9,R,40,0.9641127285197736
sub-EN103,9,R,60,0.976632826009049
sub-EN103,9,R,80,0.9873370222621052
sub-EN103,9,R,100,0.9944008990410148
sub-EN103,9,R,120,1.0
sub-EN104,10,L,1,0.8321293936110228
sub-EN104,10,L,2,0.83445482356421
sub-EN104,10,L,3,0.8510246671947308
sub-EN104,10,L,5,0.8978566839188424
sub-EN104,10,L,10,0.9182014999438513
sub-EN104,10,L,20,0.9451130688952877
sub-EN104,10,L,40,0.9619459553487544
sub-EN104,10,L,60,0.9767066348913115
sub-EN104,10,L,80,0.9869037534607753
sub-EN104,10,L,100,0.9938659897285888
sub-EN104,10,L,120,1.0
sub-EN104,10,R,1,0.8080324810585895
sub-EN104,10,R,2,0.8113424237969696
sub-EN104,10,R,3,0.822856514602349
sub-EN104,10,R,5,0.8852773525555356
sub-EN104,10,R,10,0.9092743193227477
sub-EN104,10,R,20,0.9413267170063996
sub-EN104,10,R,40,0.9609719799027453
sub-EN104,10,R,60,0.9755486591024952
sub-EN104,10,R,80,0.9869216334502332
sub-EN104,10,R,100,0.9935181128581592
sub-EN104,10,R,120,1.0
sub-EN104,11,L,1,0.8156278042579381
sub-EN104,11,L,2,0.8181762205549321
sub-EN104,11,L,3,0.8375966850597042
sub-EN104,11,L,5,0.8882016570591394
sub-EN104,11,L,10,0.9101802685921035
sub-EN104,11,L,20,0.9398142571138198
sub-EN104,11,L,40,0.9592871910517202
sub-EN104,11,L,60,0.9755719722050695
sub-EN104,11,L,80,0.986596926018186
sub-EN104,11,L,100,0.9936196794803368
sub-EN104,11,L,120,1.0
sub-EN104,11,R,1,0.7988855209255191
sub-EN104,11,R,2,0.8009911463745001
sub-EN104,11,R,3,0.8104394824949452
sub-EN104,11,R,5,0.8783229440043624
sub-EN104,11,R,10,0.9074994657877051
sub-EN104,11,R,20,0.9399654385461124
sub-EN104,11,R,40,0.9604280021381287
sub-EN104,11,R,60,0.9751147444333446
sub-EN104,11,R,80,0.9866439991927137
sub-EN104,11,R,100,0.9939484156416191
sub-EN104,11,R,120,1.0
sub-EN104,12,L,1,0.8158593416094085
sub-EN104,12,L,2,0.8188631209743225
sub-EN104,12,L,3,0.8379816540337324
sub-EN104,12,L,5,0.8886745121251028
sub-EN104,12,L,10,0.9094143104466983
sub-EN104,12,L,20,0.9389731809636335
sub-EN104,12,L,40,0.9584253708037875
sub-EN104,12,L,60,0.9744320113985839
sub-EN104,12,L,80,0.9855136190260524
sub-EN104,12,L,100,0.99287666577878
sub-EN104,12,L,120,1.0
sub-EN104,12,R,1,0.7992480011664636
sub-EN104,12,R,2,0.8022998142433383
sub-EN104,12,R,3,0.8124299270028158
sub-EN104,12,R,5,0.8796964160549413
sub-EN104,12,R,10,0.9066991476457156
sub-EN104,12,R,20,0.9379538606120288
sub-EN104,12,R,40,0.9586096130050622
sub-EN104,12,R,60,0.9736348500773743
sub-EN104,12,R,80,0.9854074298149352
sub-EN104,12,R,100,0.9931104339250458
sub-EN104,12,R,120,1.0
sub-EN104,13,L,1,0.8267452188095444
sub-EN104,13,L,2,0.8301814191142538
sub-EN104,13,L,3,0.8490846248855436
sub-EN104,13,L,5,0.8981313465075385
sub-EN104,13,L,10,0.9179646349065671
sub-EN104,13,L,20,0.9450729494292588
sub-EN104,13,L,40,0.9633628853766312
sub-EN104,13,L,60,0.9780411689147062
sub-EN104,13,L,80,0.9879001653166712
sub-EN104,13,L,100,0.9944289178342858
sub-EN104,13,L,120,1.0
sub-EN104,13,R,1,0.8074719850258802
sub-EN104,13,R,2,0.8104398567589871
sub-EN104,13,R,3,0.8198032819544876
sub-EN104,13,R,5,0.8864382332941569
sub-EN104,13,R,10,0.9116356716237611
sub-EN104,13,R,20,0.9417276680682036
sub-EN104,13,R,40,0.9612468197060795
sub-EN104,13,R,60,0.9762204135855839
sub-EN104,13,R,80,0.986881616551065
sub-EN104,13,R,100,0.9935945482322641
sub-EN104,13,R,120,1.0
sub-EN104,14,L,1,0.7974888479844269
sub-EN104,14,L,2,0.8011909275683647
sub-EN104,14,L,3,0.8270635443103851
sub-EN104,14,L,5,0.878168426114562
sub-EN104,14,L,10,0.9009673979021385
sub-EN104,14,L,20,0.9316166924496373
sub-EN104,14,L,40,0.9526804553472782
sub-EN104,14,L,60,0.9708535666343161
sub-EN104,14,L,80,0.9835386410286597
sub-EN104,14,L,100,0.9915283733233344
sub-EN104,14,L,120,1.0
sub-EN104,14,R,1,0.7756140423148249
sub-EN104,14,R,2,0.780976348949007
sub-EN104,14,R,3,0.7935110484986837
sub-EN104,14,R,5,0.8636135508317835
sub-EN104,14,R,10,0.8918911716440697
sub-EN104,14,R,20,0.9281320754672345
sub-EN104,14,R,40,0.9501276443530368
sub-EN104,14,R,60,0.9702312614242574
sub-EN104,14,R,80,0.9828342837194356
sub-EN104,14,R,100,0.9917774129801271
sub-EN104,14,R,120,1.0
sub-EN104,6,L,1,0.812037280406179
sub-EN104,6,L,2,0.814904829495773
sub-EN104,6,L,3,0.8404909389864663
sub-EN104,6,L,5,0.8895471811528934
sub-EN104,6,L,10,0.9103496866690416
sub-EN104,6,L,20,0.9393514189924341
sub-EN104,6,L,40,0.9586683230880507
sub-EN104,6,L,60,0.9754204459763918
sub-EN104,6,L,80,0.9865364869757695
sub-EN104,6,L,100,0.9940237234988618
sub-EN104,6,L,120,1.0
sub-EN104,6,R,1,0.8082396794912023
sub-EN104,6,R,2,0.8107979559580567
sub-EN104,6,R,3,0.8196784708148689
sub-EN104,6,R,5,0.886162801382476
sub-EN104,6,R,10,0.9120695394725611
sub-EN104,6,R,20,0.942964738781246
sub-EN104,6,R,40,0.9618806038071064
sub-EN104,6,R,60,0.9757287215181125
sub-EN104,6,R,80,0.9858653704025888
sub-EN104,6,R,100,0.993680310506322
sub-EN104,6,R,120,1.0
sub-EN104,7,L,1,0.8082966144901806
sub-EN104,7,L,2,0.8121058742436232
sub-EN104,7,L,3,0.8397127802390381
sub-EN104,7,L,5,0.8909958280094422
sub-EN104,7,L,10,0.9126808424519431
sub-EN104,7,L,20,0.9407921693634435
sub-EN104,7,L,40,0.9602428891443067
sub-EN104,7,L,60,0.9760623997073697
sub-EN104,7,L,80,0.9872933313988953
sub-EN104,7,L,100,0.9936362749442025
sub-EN104,7,L,120,1.0
sub-EN104,7,R,1,0.7922924481845637
sub-EN104,7,R,2,0.8010862003550975
sub-EN104,7,R,3,0.8115424936599289
sub-EN104,7,R,5,0.8820151757606673
sub-EN104,7,R,10,0.9094375227284419
sub-EN104,7,R,20,0.9412322384326129
sub-EN104,7,R,40,0.9625500238797553
sub-EN104,7,R,60,0.9769607995107833
sub-EN104,7,R,80,0.9875602929547297
sub-EN104,7,R,100,0.9941570375649421
sub-EN104,7,R,120,1.0
sub-EN104,8,L,1,0.8010452462798817
sub-EN104,8,L,2,0.8055589791263745
sub-EN104,8,L,3,0.8278486350645087
sub-EN104,8,L,5,0.8806031870802317
sub-EN104,8,L,10,0.9031243440386528
sub-EN104,8,L,20,0.9327102797737935
sub-EN104,8,L,40,0.9551241517060906
sub-EN104,8,L,60,0.9722744454146927
sub-EN104,8,L,80,0.9841970993589382
sub-EN104,8,L,100,0.992555727955464
sub-EN104,8,L,120,1.0
sub-EN104,8,R,1,0.7856508544914043
sub-EN104,8,R,2,0.7900900305646208
sub-EN104,8,R,3,0.799862209025484
sub-EN104,8,R,5,0.8677279131684442
sub-EN104,8,R,10,0.8976215440292872
sub-EN104,8,R,20,0.9314027948996415
sub-EN104,8,R,40,0.9554896888647665
sub-EN104,8,R,60,0.9716074310855235
sub-EN104,8,R,80,0.9843176729004487
sub-EN104,8,R,100,0.9926673583097724
sub-EN104,8,R,120,1.0
sub-EN104,9,L,1,0.810911540497116
sub-EN104,9,L,2,0.8139790298972506
sub-EN104,9,L,3,0.8370285839090315
sub-EN104,9,L,5,0.8868863730940789
sub-EN104,9,L,10,0.9097691479112351
sub-EN104,9,L,20,0.9388778051085133
sub-EN104,9,L,40,0.959180608835264
sub-EN104,9,L,60,0.9747980192008159
sub-EN104,9,L,80,0.9859778496539124
sub-EN104,9,L,100,0.9933565995167613
sub-EN104,9,L,120,1.0
sub-EN104,9,R,1,0.7874034948740356
sub-EN104,9,R,2,0.7899196891801838
sub-EN104,9,R,3,0.80291389099694
sub-EN104,9,R,5,0.8722333526303535
sub-EN104,9,R,10,0.9011631438933285
sub-EN104,9,R,20,0.9357223019461338
sub-EN104,9,R,40,0.9567883952353297
sub-EN104,9,R,60,0.9716821893837795
sub-EN104,9,R,80,0.9852824960619644
sub-EN104,9,R,100,0.9933327625667675
sub-EN104,9,R,120,1.0
sub-EN105,10,L,1,0.8346243524890187
sub-EN105,10,L,2,0.8371042676662018
sub-EN105,10,L,3,0.8535291698698602
sub-EN105,10,L,5,0.9007871443039824
sub-EN105,10,L,10,0.9201365628830754
sub-EN105,10,L,20,0.9479078859298996
sub-EN105,10,L,40,0.9644296928113825
sub-EN105,10,L,60,0.9786282745530268
sub-EN105,10,L,80,0.9882954258569288
sub-EN105,10,L,100,0.9947669665439411
sub-EN105,10,L,120,1.0
sub-EN105,10,R,1,0.8174889271687068
sub-EN105,10,R,2,0.8196387704881549
sub-EN105,10,R,3,0.8271078638516908
sub-EN105,10,R,5,0.8906128852728769
sub-EN105,10,R,10,0.9154139317617775
sub-EN105,10,R,20,0.9463744332006961
sub-EN105,10,R,40,0.9651906812236897
sub-EN105,10,R,60,0.9781241073003799
sub-EN105,10,R,80,0.9884235813996405
sub-EN105,10,R,100,0.9944319230644385
sub-EN105,10,R,120,1.0
sub-EN105,11,L,1,0.8420900038431351
sub-EN105,11,L,2,0.845297992960007
sub-EN105,11,L,3,0.8617150423198643
sub-EN105,11,L,5,0.9106357983903454
sub-EN105,11,L,10,0.9289156176941668
sub-EN105,11,L,20,0.955663435252663
sub-EN105,11,L,40,0.9699055698717506
sub-EN105,11,L,60,0.9822740994099736
sub-EN105,11,L,80,0.9909462151293024
sub-EN105,11,L,100,0.9958322356107878
sub-EN105,11,L,120,1.0
sub-EN105,11,R,1,0.8242213664944535
sub-EN105,11,R,2,0.8267542982791967
sub-EN105,11,R,3,0.834380269346089
sub-EN105,11,R,5,0.8997113200162452
sub-EN105,11,R,10,0.9225994211554297
sub-EN105,11,R,20,0.9531784480986153
sub-EN105,11,R,40,0.9705746623500769
sub-EN105,11,R,60,0.9812147102590583
sub-EN105,11,R,80,0.9906252882430651
sub-EN105,11,R,100,0.9956165340303667
sub-EN105,11,R,120,1.0
sub-EN105,12,L,1,0.8199690660066492
sub-EN105,12,L,2,0.8237963358926784
sub-EN105,12,L,3,0.8441472910494824
sub-EN105,12,L,5,0.8954430530750606
sub-EN105,12,L,10,0.9143446676369812
sub-EN105,12,L,20,0.9447472748658173
sub-EN105,12,L,40,0.9627156222868508
sub-EN105,12,L,60,0.9771407320066177
sub-EN105,12,L,80,0.9876614269840182
sub-EN105,12,L,100,0.9945001889789702
sub-EN105,12,L,120,1.0
sub-EN105,12,R,1,0.7948338539829678
sub-EN105,12,R,2,0.7989547767450718
sub-EN105,12,R,3,0.8096081765925486
sub-EN105,12,R,5,0.881614295309768
sub-EN105,12,R,10,0.9063024771699383
sub-EN105,12,R,20,0.9421940772352064
sub-EN105,12,R,40,0.9633790412250266
sub-EN105,12,R,60,0.9761800169546568
sub-EN105,12,R,80,0.9874027657656951
sub-EN105,12,R,100,0.9940903221007925
sub-EN105,12,R,120,1.0
sub-EN105,13,L,1,0.8155888306975693
sub-EN105,13,L,2,0.8210789640387854
sub-EN105,13,L,3,0.8410328433054497
sub-EN105,13,L,5,0.8941214854900393
sub-EN105,13,L,10,0.9152636207688426
sub-EN105,13,L,20,0.9453998060582446
sub-EN105,13,L,40,0.9633451471964257
sub-EN105,13,L,60,0.9773725433892262
sub-EN105,13,L,80,0.9877070803507059
sub-EN105,13,L,100,0.9942825219978153
sub-EN105,13,L,120,1.0
sub-EN105,13,R,1,0.7880054715725732
sub-EN105,13,R,2,0.7940615774718225
sub-EN105,13,R,3,0.8055177088257058
sub-EN105,13,R,5,0.8759424602854163
sub-EN105,13,R,10,0.9016372709250683
sub-EN105,13,R,20,0.9378590259067023
sub-EN105,13,R,40,0.9610441478203303
sub-EN105,13,R,60,0.9750186887550603
sub-EN105,13,R,80,0.9867029397427344
sub-EN105,13,R,100,0.9937550078971827
sub-EN105,13,R,120,1.0
sub-EN105,14,L,1,0.8168100931675107
sub-EN105,14,L,2,0.8206228874998861
sub-EN105,14,L,3,0.8406631579570952
sub-EN105,14,L,5,0.8945004396705751
sub-EN105,14,L,10,0.9130291783052421
sub-EN105,14,L,20,0.94321974337151
sub-EN105,14,L,40,0.9619089806448902
sub-EN105,14,L,60,0.9762458071767472
sub-EN105,14,L,80,0.9872024590244128
sub-EN105,14,L,100,0.9940981290790871
sub-EN105,14,L,120,1.0
sub-EN105,14,R,1,0.790377244983364
sub-EN105,14,R,2,0.7948969985161753
sub-EN105,14,R,3,0.8062584199759999
sub-EN105,14,R,5,0.879935689480652
sub-EN105,14,R,10,0.9039531574331174
sub-EN105,14,R,20,0.9380078509323025
sub-EN105,14,R,40,0.9608086016230021
sub-EN105,14,R,60,0.9741998560004049
sub-EN105,14,R,80,0.9861643109745117
sub-EN105,14,R,100,0.9934442540228904
sub-EN105,14,R,120,1.0
sub-EN105,15,L,1,0.8218094807205155
sub-EN105,15,L,2,0.8257269909533546
sub-EN105,15,L,3,0.8442607885918948
sub-EN105,15,L,5,0.8949680826207512
sub-EN105,15,L,10,0.9171261859188413
sub-EN105,15,L,20,0.945622742237441
sub-EN105,15,L,40,0.9631884136248166
sub-EN105,15,L,60,0.9772433619196271
sub-EN105,15,L,80,0.9873423839261378
sub-EN105,15,L,100,0.9940743631947286
sub-EN105,15,L,120,1.0
sub-EN105,15,R,1,0.7987890268239018
sub-EN105,15,R,2,0.8038979343588827
sub-EN105,15,R,3,0.8124425435963258
sub-EN105,15,R,5,0.8803727558804437
sub-EN105,15,R,10,0.9088005884181688
sub-EN105,15,R,20,0.9410444184429809
sub-EN105,15,R,40,0.9629399634210224
sub-EN105,15,R,60,0.9763844182004807
sub-EN105,15,R,80,0.9871711178117805
sub-EN105,15,R,100,0.9943263359300412
sub-EN105,15,R,120,1.0
sub-EN105,6,L,1,0.843233021707337
sub-EN105,6,L,2,0.8452891965167517
sub-EN105,6,L,3,0.862869007543627
sub-EN105,6,L,5,0.9087584489786223
sub-EN105,6,L,10,0.9279350481422175
sub-EN105,6,L,20,0.9544772372959608
sub-EN105,6,L,40,0.9699191762489644
sub-EN105,6,L,60,0.9820715598739151
sub-EN105,6,L,80,0.9903885030876348
sub-EN105,6,L,100,0.9957812759901653
sub-EN105,6,L,120,1.0
sub-EN105,6,R,1,0.8283864533173754
sub-EN105,6,R,2,0.8305105633431769
sub-EN105,6,R,3,0.837970602337723
sub-EN105,6,R,5,0.9004396378300494
sub-EN105,6,R,10,0.9243740906662339
sub-EN105,6,R,20,0.9531714770575832
sub-EN105,6,R,40,0.970721003054926
sub-EN105,6,R,60,0.9814231677883066
sub-EN105,6,R,80,0.9903086355327944
sub-EN105,6,R,100,0.9955134149058402
sub-EN105,6,R,120,1.0
sub-EN105,8,L,1,0.843560776767194
sub-EN105,8,L,2,0.8463670160817601
sub-EN105,8,L,3,0.8627028793270071
sub-EN105,8,L,5,0.9097919974230779
sub-EN105,8,L,10,0.9278346231236473
sub-EN105,8,L,20,0.9545441841744218
sub-EN105,8,L,40,0.9690783100686952
sub-EN105,8,L,60,0.9815052261935588
sub-EN105,8,L,80,0.9902610829997107
sub-EN105,8,L,100,0.9954682060350154
sub-EN105,8,L,120,1.0
sub-EN105,8,R,1,0.8234823160770626
sub-EN105,8,R,2,0.8265067323931791
sub-EN105,8,R,3,0.8336408939553568
sub-EN105,8,R,5,0.8961501754762303
sub-EN105,8,R,10,0.9206660728488678
sub-EN105,8,R,20,0.9502288714801478
sub-EN105,8,R,40,0.9682643939414596
sub-EN105,8,R,60,0.9796704265462335
sub-EN105,8,R,80,0.9893707231731461
sub-EN105,8,R,100,0.9950309083938337
sub-EN105,8,R,120,1.0
sub-EN105,9,L,1,0.8337104308185209
sub-EN105,9,L,2,0.8362216380674832
sub-EN105,9,L,3,0.8539576857912035
sub-EN105,9,L,5,0.9014828199357757
sub-EN105,9,L,10,0.9205759998061576
sub-EN105,9,L,20,0.9478979322451974
sub-EN105,9,L,40,0.9649864579725944
sub-EN105,9,L,60,0.978661767496816
sub-EN105,9,L,80,0.9885269747848211
sub-EN105,9,L,100,0.9946513552553914
sub-EN105,9,L,120,1.0
sub-EN105,9,R,1,0.8138995771483319
sub-EN105,9,R,2,0.8161103672309878
sub-EN105,9,R,3,0.8243975417652198
sub-EN105,9,R,5,0.8876507503743861
sub-EN105,9,R,10,0.9129934063032162
sub-EN105,9,R,20,0.9448561141111723
sub-EN105,9,R,40,0.9649090121686826
sub-EN105,9,R,60,0.9776514543251758
sub-EN105,9,R,80,0.9882895998189276
sub-EN105,9,R,100,0.9942203756552296
sub-EN105,9,R,120,1.0
sub-EN106,10,L,1,0.7573000707497005
sub-EN106,10,L,2,0.7684405518596265
sub-EN106,10,L,3,0.7898780527219772
sub-EN106,10,L,5,0.8560219997377972
sub-EN106,10,L,10,0.8838026381741917
sub-EN106,10,L,20,0.9224680710438766
sub-EN106,10,L,40,0.9471706115765779
sub-EN106,10,L,60,0.9673832751617615
sub-EN106,10,L,80,0.9831328454643113
sub-EN106,10,L,100,0.9931720682694414
sub-EN106,10,L,120,1.0
sub-EN106,10,R,1,0.7406250200812895
sub-EN106,10,R,2,0.7550694333124472
sub-EN106,10,R,3,0.7675177737285772
sub-EN106,10,R,5,0.8391284415579044
sub-EN106,10,R,10,0.8792944773055701
sub-EN106,10,R,20,0.9183377024807597
sub-EN106,10,R,40,0.9468266206462164
sub-EN106,10,R,60,0.9668639158291813
sub-EN106,10,R,80,0.9810021795460097
sub-EN106,10,R,100,0.9916822544855167
sub-EN106,10,R,120,1.0
sub-EN106,11,L,1,0.7197238981170087
sub-EN106,11,L,2,0.7291575888120286
sub-EN106,11,L,3,0.7667570152637463
sub-EN106,11,L,5,0.8385196716634021
sub-EN106,11,L,10,0.8736923573242373
sub-EN106,11,L,20,0.9161725156378334
sub-EN106,11,L,40,0.9448382100802246
sub-EN106,11,L,60,0.9661648522379229
sub-EN106,11,L,80,0.9817326755612588
sub-EN106,11,L,100,0.9918919727581859
sub-EN106,11,L,120,1.0
sub-EN106,11,R,1,0.6980347604224885
sub-EN106,11,R,2,0.7067812725888716
sub-EN106,11,R,3,0.7285108986145533
sub-EN106,11,R,5,0.8161829577385823
sub-EN106,11,R,10,0.8648864281960935
sub-EN106,11,R,20,0.9108314618782084
sub-EN106,11,R,40,0.9429376589336835
sub-EN106,11,R,60,0.962671250443596
sub-EN106,11,R,80,0.9790553755429791
sub-EN106,11,R,100,0.9898499877679664
sub-EN106,11,R,120,1.0
sub-EN106,12,L,1,0.7190393113573365
sub-EN106,12,L,2,0.736231585735514
sub-EN106,12,L,3,0.7618850286403427
sub-EN106,12,L,5,0.8270431618106227
sub-EN106,12,L,10,0.8667525612760583
sub-EN106,12,L,20,0.9082693777529695
sub-EN106,12,L,40,0.9400661154278929
sub-EN106,12,L,60,0.9613897030517283
sub-EN106,12,L,80,0.9777197667468347
sub-EN106,12,L,100,0.9899618936540517
sub-EN106,12,L,120,1.0
sub-EN106,12,R,1,0.7018330609815359
sub-EN106,12,R,2,0.7247065911871253
sub-EN106,12,R,3,0.7398643523959613
sub-EN106,12,R,5,0.817273730428226
sub-EN106,12,R,10,0.8559445052266599
sub-EN106,12,R,20,0.9045723182768197
sub-EN106,12,R,40,0.937416398936178
sub-EN106,12,R,60,0.9596892014241382
sub-EN106,12,R,80,0.9760919699440253
sub-EN106,12,R,100,0.9888551785344831
sub-EN106,12,R,120,1.0
sub-EN106,13,L,1,0.7458817250027525
sub-EN106,13,L,2,0.7535774304742374
sub-EN106,13,L,3,0.7749885694418429
sub-EN106,13,L,5,0.8488896435734901
sub-EN106,13,L,10,0.8833764402960619
sub-EN106,13,L,20,0.9207903400500543
sub-EN106,13,L,40,0.9467938612488953
sub-EN106,13,L,60,0.9663944986106319
sub-EN106,13,L,80,0.9817171538372964
sub-EN106,13,L,100,0.9922682483256597
sub-EN106,13,L,120,1.0
sub-EN106,13,R,1,0.7214510771719922
sub-EN106,13,R,2,0.7312693226473984
sub-EN106,13,R,3,0.7453325648089819
sub-EN106,13,R,5,0.8276155974342749
sub-EN106,13,R,10,0.8692906972523397
sub-EN106,13,R,20,0.9100887395023456
sub-EN106,13,R,40,0.9421945201864549
sub-EN106,13,R,60,0.9641184820332916
sub-EN106,13,R,80,0.9797434055936123
sub-EN106,13,R,100,0.9911379627623381
sub-EN106,13,R,120,1.0
sub-EN106,14,L,1,0.6478544872113385
sub-EN106,14,L,2,0.6650853433544154
sub-EN106,14,L,3,0.7012737093854309
sub-EN106,14,L,5,0.7873011533248022
sub-EN106,14,L,10,0.8388875828402814
sub-EN106,14,L,20,0.8880785038547763
sub-EN106,14,L,40,0.9287424340006311
sub-EN106,14,L,60,0.9547388539654652
sub-EN106,14,L,80,0.9750931037149873
sub-EN106,14,L,100,0.9890523501405489
sub-EN106,14,L,120,1.0
sub-EN106,14,R,1,0.6478519005942386
sub-EN106,14,R,2,0.6686696229924567
sub-EN106,14,R,3,0.6916677570298424
sub-EN106,14,R,5,0.7738870123279491
sub-EN106,14,R,10,0.8217959988477184
sub-EN106,14,R,20,0.8750426223518253
sub-EN106,14,R,40,0.9201845983458985
sub-EN106,14,R,60,0.9507451969131036
sub-EN106,14,R,80,0.9710663855944666
sub-EN106,14,R,100,0.9867064528422052
sub-EN106,14,R,120,1.0
sub-EN106,6,L,1,0.8251419279521861
sub-EN106,6,L,2,0.8277873522349597
sub-EN106,6,L,3,0.8429578431644341
sub-EN106,6,L,5,0.8893298111624944
sub-EN106,6,L,10,0.9115028826042314
sub-EN106,6,L,20,0.9405701702822535
sub-EN106,6,L,40,0.9599269254742818
sub-EN106,6,L,60,0.9755622214887463
sub-EN106,6,L,80,0.9867168313162287
sub-EN106,6,L,100,0.9936556857037409
sub-EN106,6,L,120,1.0
sub-EN106,6,R,1,0.8057400205895119
sub-EN106,6,R,2,0.8075548033273086
sub-EN106,6,R,3,0.815585902410078
sub-EN106,6,R,5,0.8764153300068813
sub-EN106,6,R,10,0.9027577634070818
sub-EN106,6,R,20,0.9362623709795697
sub-EN106,6,R,40,0.9584831261378124
sub-EN106,6,R,60,0.9738788103423494
sub-EN106,6,R,80,0.985531699892902
sub-EN106,6,R,100,0.9937477041731655
sub-EN106,6,R,120,1.0
sub-EN106,7,L,1,0.782621054477175
sub-EN106,7,L,2,0.7889538087312031
sub-EN106,7,L,3,0.8097132803142417
sub-EN106,7,L,5,0.8675473692064235
sub-EN106,7,L,10,0.8969383885406433
sub-EN106,7,L,20,0.9310354034885564
sub-EN106,7,L,40,0.9543945748001839
sub-EN106,7,L,60,0.9717378343272912
sub-EN106,7,L,80,0.9845395798291094
sub-EN106,7,L,100,0.9932803307922797
sub-EN106,7,L,120,1.0
sub-EN106,7,R,1,0.7627679126502845
sub-EN106,7,R,2,0.7693487846835908
sub-EN106,7,R,3,0.7833142272102193
sub-EN106,7,R,5,0.8542386805057326
sub-EN106,7,R,10,0.8898993424371889
sub-EN106,7,R,20,0.9268005496748108
sub-EN106,7,R,40,0.9525899721402661
sub-EN106,7,R,60,0.9701073345201932
sub-EN106,7,R,80,0.9840515001980917
sub-EN106,7,R,100,0.9928134771551752
sub-EN106,7,R,120,1.0
sub-EN106,8,L,1,0.790793738536498
sub-EN106,8,L,2,0.7945345447392407
sub-EN106,8,L,3,0.8145867173040514
sub-EN106,8,L,5,0.8656373009384598
sub-EN106,8,L,10,0.8908371679174764
sub-EN106,8,L,20,0.9257642858538799
sub-EN106,8,L,40,0.9490523349014813
sub-EN106,8,L,60,0.9684283704750193
sub-EN106,8,L,80,0.9824114607938217
sub-EN106,8,L,100,0.992362700941198
sub-EN106,8,L,120,1.0
sub-EN106,8,R,1,0.756538601482363
sub-EN106,8,R,2,0.7610501911563136
sub-EN106,8,R,3,0.7760779679834784
sub-EN106,8,R,5,0.8440872100127444
sub-EN106,8,R,10,0.8741372363744047
sub-EN106,8,R,20,0.9138234280925942
sub-EN106,8,R,40,0.9434227344954166
sub-EN106,8,R,60,0.9636022105927335
sub-EN106,8,R,80,0.9802279495833043
sub-EN106,8,R,100,0.9909495761587114
sub-EN106,8,R,120,1.0
sub-EN106,9,L,1,0.7597811619477276
sub-EN106,9,L,2,0.7708571752463593
sub-EN106,9,L,3,0.7914595509332975
sub-EN106,9,L,5,0.8557149276622457
sub-EN106,9,L,10,0.8857704855669485
sub-EN106,9,L,20,0.9233029383037327
sub-EN106,9,L,40,0.9481504997125421
sub-EN106,9,L,60,0.9674611843867768
sub-EN106,9,L,80,0.9813155766225399
sub-EN106,9,L,100,0.9915549010738708
sub-EN106,9,L,120,1.0
sub-EN106,9,R,1,0.7408747451785371
sub-EN106,9,R,2,0.7509358625923922
sub-EN106,9,R,3,0.7642143654856084
sub-EN106,9,R,5,0.8396890597758995
sub-EN106,9,R,10,0.8775452342131848
sub-EN106,9,R,20,0.9171226648900104
sub-EN106,9,R,40,0.9462993448990451
sub-EN106,9,R,60,0.9649761445670897
sub-EN106,9,R,80,0.9808932882406789
sub-EN106,9,R,100,0.9907146119840377
sub-EN106,9,R,120,1.0
sub-EN108,10,L,1,0.8088736146924816
sub-EN108,10,L,2,0.8158809911480339
sub-EN108,10,L,3,0.8376418600163725
sub-EN108,10,L,5,0.8940540974908607
sub-EN108,10,L,10,0.9124300953387022
sub-EN108,10,L,20,0.942127649392458
sub-EN108,10,L,40,0.9619336708213663
sub-EN108,10,L,60,0.9763556871261875
sub-EN108,10,L,80,0.9864081567154199
sub-EN108,10,L,100,0.994007239478509
sub-EN108,10,L,120,1.0
sub-EN108,10,R,1,0.795985043830534
sub-EN108,10,R,2,0.7993178066582959
sub-EN108,10,R,3,0.812894992961607
sub-EN108,10,R,5,0.8836022795108625
sub-EN108,10,R,10,0.9104386531726314
sub-EN108,10,R,20,0.9443155847715939
sub-EN108,10,R,40,0.9635997779420246
sub-EN108,10,R,60,0.9761694471707629
sub-EN108,10,R,80,0.9878603949660932
sub-EN108,10,R,100,0.9941641417906631
sub-EN108,10,R,120,1.0
sub-EN108,11,L,1,0.7879184152571472
sub-EN108,11,L,2,0.7961065666969847
sub-EN108,11,L,3,0.8184312100548549
sub-EN108,11,L,5,0.8738362619762834
sub-EN108,11,L,10,0.8954377215492693
sub-EN108,11,L,20,0.9293118103437252
sub-EN108,11,L,40,0.952962396279057
sub-EN108,11,L,60,0.9712325947020779
sub-EN108,11,L,80,0.9830468964554022
sub-EN108,11,L,100,0.9907575906113175
sub-EN108,11,L,120,1.0
sub-EN108,11,R,1,0.7785527975590046
sub-EN108,11,R,2,0.785306536999951
sub-EN108,11,R,3,0.7976459184533182
sub-EN108,11,R,5,0.8713225658913464
sub-EN108,11,R,10,0.8969922556552636
sub-EN108,11,R,20,0.9330799019680924
sub-EN108,11,R,40,0.9553298361026819
sub-EN108,11,R,60,0.9705854231097265
sub-EN108,11,R,80,0.9843269992182081
sub-EN108,11,R,100,0.9929045538844089
sub-EN108,11,R,120,1.0
sub-EN108,12,L,1,0.797857395142432
sub-EN108,12,L,2,0.8033332410205948
sub-EN108,12,L,3,0.8256973194058552
sub-EN108,12,L,5,0.883794953090728
sub-EN108,12,L,10,0.9047080599625187
sub-EN108,12,L,20,0.9359891183197377
sub-EN108,12,L,40,0.9559864145527404
sub-EN108,12,L,60,0.9728751650788705
sub-EN108,12,L,80,0.9842726771118258
sub-EN108,12,L,100,0.9915300457155115
sub-EN108,12,L,120,1.0
sub-EN108,12,R,1,0.7858818072456774
sub-EN108,12,R,2,0.7900628703534454
sub-EN108,12,R,3,0.8009509505112619
sub-EN108,12,R,5,0.8751696680143867
sub-EN108,12,R,10,0.9033097208262308
sub-EN108,12,R,20,0.9394383937652242
sub-EN108,12,R,40,0.9598276697895152
sub-EN108,12,R,60,0.9731701478542052
sub-EN108,12,R,80,0.9853785147382935
sub-EN108,12,R,100,0.9936281809938564
sub-EN108,12,R,120,1.0
sub-EN108,13,L,1,0.780416741042995
sub-EN108,13,L,2,0.7861104874629347
sub-EN108,13,L,3,0.8106480793955917
sub-EN108,13,L,5,0.8766281491872742
sub-EN108,13,L,10,0.9005194843174604
sub-EN108,13,L,20,0.9333919489591874
sub-EN108,13,L,40,0.9554923462132782
sub-EN108,13,L,60,0.9726957590223508
sub-EN108,13,L,80,0.983713834345458
sub-EN108,13,L,100,0.9919268158679484
sub-EN108,13,L,120,1.0
sub-EN108,13,R,1,0.766781060118739
sub-EN108,13,R,2,0.7720119096549214
sub-EN108,13,R,3,0.7839194426312224
sub-EN108,13,R,5,0.8641248540198629
sub-EN108,13,R,10,0.8944009400518403
sub-EN108,13,R,20,0.9332419218792708
sub-EN108,13,R,40,0.9564729098502134
sub-EN108,13,R,60,0.970614823725388
sub-EN108,13,R,80,0.9847664876794987
sub-EN108,13,R,100,0.9933387686055355
sub-EN108,13,R,120,1.0
sub-EN108,14,L,1,0.7798595275792695
sub-EN108,14,L,2,0.7853396672264883
sub-EN108,14,L,3,0.8051263919734689
sub-EN108,14,L,5,0.8680414036685886
sub-EN108,14,L,10,0.8909557393688112
sub-EN108,14,L,20,0.92625906228052
sub-EN108,14,L,40,0.9517311315872041
sub-EN108,14,L,60,0.9700269319561253
sub-EN108,14,L,80,0.9822846591139495
sub-EN108,14,L,100,0.9913001559593283
sub-EN108,14,L,120,1.0
sub-EN108,14,R,1,0.7660970933497038
sub-EN108,14,R,2,0.770977734214876
sub-EN108,14,R,3,0.7815358068457756
sub-EN108,14,R,5,0.8569849622079808
sub-EN108,14,R,10,0.8870353607965153
sub-EN108,14,R,20,0.9271709171226594
sub-EN108,14,R,40,0.9516439730544398
sub-EN108,14,R,60,0.9678234501038263
sub-EN108,14,R,80,0.9829481074998657
sub-EN108,14,R,100,0.9919984707834258
sub-EN108,14,R,120,1.0
sub-EN108,6,L,1,0.8057063326057604
sub-EN108,6,L,2,0.8170186979873983
sub-EN108,6,L,3,0.8402127867792146
sub-EN108,6,L,5,0.8931966033048552
sub-EN108,6,L,10,0.9113985136515707
sub-EN108,6,L,20,0.9412753990119909
sub-EN108,6,L,40,0.9611820787039131
sub-EN108,6,L,60,0.9756313384986921
sub-EN108,6,L,80,0.9857561760040102
sub-EN108,6,L,100,0.992649053955015
sub-EN108,6,L,120,1.0
sub-EN108,6,R,1,0.7899402360258446
sub-EN108,6,R,2,0.7958823855424189
sub-EN108,6,R,3,0.8088254503791011
sub-EN108,6,R,5,0.8806928864061498
sub-EN108,6,R,10,0.9065948502858648
sub-EN108,6,R,20,0.9388913595883727
sub-EN108,6,R,40,0.9608582985280134
sub-EN108,6,R,60,0.9744380806767502
sub-EN108,6,R,80,0.9868714151728252
sub-EN108,6,R,100,0.993584580278962
sub-EN108,6,R,120,1.0
sub-EN108,7,L,1,0.8139778118038197
sub-EN108,7,L,2,0.818745116512272
sub-EN108,7,L,3,0.8385166125519858
sub-EN108,7,L,5,0.8910392076410529
sub-EN108,7,L,10,0.9089292223548497
sub-EN108,7,L,20,0.9379363019440992
sub-EN108,7,L,40,0.958626381534047
sub-EN108,7,L,60,0.9739994932929305
sub-EN108,7,L,80,0.984501589338724
sub-EN108,7,L,100,0.9916014349915074
sub-EN108,7,L,120,1.0
sub-EN108,7,R,1,0.8055104711908345
sub-EN108,7,R,2,0.8083445014704221
sub-EN108,7,R,3,0.8181111349008782
sub-EN108,7,R,5,0.8856009356173555
sub-EN108,7,R,10,0.9094079772749085
sub-EN108,7,R,20,0.9412763909554093
sub-EN108,7,R,40,0.9620350182880124
sub-EN108,7,R,60,0.9751514304502962
sub-EN108,7,R,80,0.9864152873845988
sub-EN108,7,R,100,0.9935016659172993
sub-EN108,7,R,120,1.0
sub-EN108,8,L,1,0.8077113084745227
sub-EN108,8,L,2,0.8130380495627458
sub-EN108,8,L,3,0.8348930727444241
sub-EN108,8,L,5,0.885932189060708
sub-EN108,8,L,10,0.9051094790588113
sub-EN108,8,L,20,0.9367542907312489
sub-EN108,8,L,40,0.9590914926163091
sub-EN108,8,L,60,0.9740906831088725
sub-EN108,8,L,80,0.9852483962641599
sub-EN108,8,L,100,0.9924856043407554
sub-EN108,8,L,120,1.0
sub-EN108,8,R,1,0.7953110349978085
sub-EN108,8,R,2,0.8006204550514465
sub-EN108,8,R,3,0.8129200822089295
sub-EN108,8,R,5,0.8809505931105799
sub-EN108,8,R,10,0.9051880681451525
sub-EN108,8,R,20,0.9384056679515299
sub-EN108,8,R,40,0.9600201372956519
sub-EN108,8,R,60,0.9738979916152543
sub-EN108,8,R,80,0.9866685430992811
sub-EN108,8,R,100,0.9935099047105717
sub-EN108,8,R,120,1.0
sub-EN108,9,L,1,0.8008943854902861
sub-EN108,9,L,2,0.8051054298934897
sub-EN108,9,L,3,0.826264058036112
sub-EN108,9,L,5,0.8868148977077113
sub-EN108,9,L,10,0.9088421943432248
sub-EN108,9,L,20,0.9380028519788145
sub-EN108,9,L,40,0.9592988386275146
sub-EN108,9,L,60,0.9740612264292812
sub-EN108,9,L,80,0.9846837134090887
sub-EN108,9,L,100,0.9931324598515822
sub-EN108,9,L,120,1.0
sub-EN108,9,R,1,0.7861072206719569
sub-EN108,9,R,2,0.7904166793893755
sub-EN108,9,R,3,0.8025887305557204
sub-EN108,9,R,5,0.8741820586219271
sub-EN108,9,R,10,0.9034968300480206
sub-EN108,9,R,20,0.9379202376474919
sub-EN108,9,R,40,0.9597406430411248
sub-EN108,9,R,60,0.9734759466383255
sub-EN108,9,R,80,0.9856748095501506
sub-EN108,9,R,100,0.9933671948919932
sub-EN108,9,R,120,1.0
sub-EN109,10,L,1,0.8349234860415518
sub-EN109,10,L,2,0.8367607936548729
sub-EN109,10,L,3,0.8557561607696343
sub-EN109,10,L,5,0.9045529684340735
sub-EN109,10,L,10,0.9243601659682567
sub-EN109,10,L,20,0.9511833353657722
sub-EN109,10,L,40,0.9667649177125437
sub-EN109,10,L,60,0.9791552702341125
sub-EN109,10,L,80,0.9883660392497134
sub-EN109,10,L,100,0.9939016913938141
sub-EN109,10,L,120,1.0
sub-EN109,10,R,1,0.7978434219483342
sub-EN109,10,R,2,0.8008665160700961
sub-EN109,10,R,3,0.813287039093943
sub-EN109,10,R,5,0.87198572570752
sub-EN109,10,R,10,0.9006858377585273
sub-EN109,10,R,20,0.9378077797847607
sub-EN109,10,R,40,0.9601658424705571
sub-EN109,10,R,60,0.973522137830165
sub-EN109,10,R,80,0.9856980459895986
sub-EN109,10,R,100,0.9935937209191412
sub-EN109,10,R,120,1.0
sub-EN109,11,L,1,0.8095004349989853
sub-EN109,11,L,2,0.813137199469467
sub-EN109,11,L,3,0.8330691014731614
sub-EN109,11,L,5,0.8814919810584788
sub-EN109,11,L,10,0.9023036914490729
sub-EN109,11,L,20,0.934578444706724
sub-EN109,11,L,40,0.9565256781764871
sub-EN109,11,L,60,0.9741024779819614
sub-EN109,11,L,80,0.985219855194385
sub-EN109,11,L,100,0.9923128751055793
sub-EN109,11,L,120,1.0
sub-EN109,11,R,1,0.8002029591474423
sub-EN109,11,R,2,0.8033339137477656
sub-EN109,11,R,3,0.813826551812139
sub-EN109,11,R,5,0.8768540758331054
sub-EN109,11,R,10,0.9037910662211406
sub-EN109,11,R,20,0.9371159660966834
sub-EN109,11,R,40,0.959537991177133
sub-EN109,11,R,60,0.9744943485805431
sub-EN109,11,R,80,0.9862757297601982
sub-EN109,11,R,100,0.9935401149729283
sub-EN109,11,R,120,1.0
sub-EN109,12,L,1,0.8039523244400416
sub-EN109,12,L,2,0.8092334744184494
sub-EN109,12,L,3,0.8313099348225148
sub-EN109,12,L,5,0.8790369787070555
sub-EN109,12,L,10,0.9004275975498933
sub-EN109,12,L,20,0.9338715551826541
sub-EN109,12,L,40,0.9564155130401978
sub-EN109,12,L,60,0.9746663681816023
sub-EN109,12,L,80,0.9854879131591193
sub-EN109,12,L,100,0.9931264518389931
sub-EN109,12,L,120,1.0
sub-EN109,12,R,1,0.7912353801847
sub-EN109,12,R,2,0.7975112965910779
sub-EN109,12,R,3,0.8065693828239946
sub-EN109,12,R,5,0.8699654257797237
sub-EN109,12,R,10,0.8966492404675737
sub-EN109,12,R,20,0.9330034594761323
sub-EN109,12,R,40,0.9580384981883251
sub-EN109,12,R,60,0.9742185592678808
sub-EN109,12,R,80,0.9857991738783367
sub-EN109,12,R,100,0.9932385274861234
sub-EN109,12,R,120,1.0
sub-EN109,13,L,1,0.8241190672304496
sub-EN109,13,L,2,0.8275343874190978
sub-EN109,13,L,3,0.843535652878945
sub-EN109,13,L,5,0.8909645300398918
sub-EN109,13,L,10,0.911669560149184
sub-EN109,13,L,20,0.9422188456380778
sub-EN109,13,L,40,0.961491973014176
sub-EN109,13,L,60,0.9768928510170511
sub-EN109,13,L,80,0.9872571481726489
sub-EN109,13,L,100,0.9935348248867388
sub-EN109,13,L,120,1.0
sub-EN109,13,R,1,0.8059899642223214
sub-EN109,13,R,2,0.8100949135232878
sub-EN109,13,R,3,0.8204932606850823
sub-EN109,13,R,5,0.8823812288036161
sub-EN109,13,R,10,0.9078090118604775
sub-EN109,13,R,20,0.940211059704497
sub-EN109,13,R,40,0.9627571075722673
sub-EN109,13,R,60,0.977232650650772
sub-EN109,13,R,80,0.9877859025636418
sub-EN109,13,R,100,0.9943699306108319
sub-EN109,13,R,120,1.0
sub-EN109,14,L,1,0.8090875262063498
sub-EN109,14,L,2,0.8125002958354205
sub-EN109,14,L,3,0.8308419352545199
sub-EN109,14,L,5,0.8788371908568624
sub-EN109,14,L,10,0.9004123122339416
sub-EN109,14,L,20,0.9330254023493474
sub-EN109,14,L,40,0.9557835100641502
sub-EN109,14,L,60,0.9735531382879961
sub-EN109,14,L,80,0.9854111973264892
sub-EN109,14,L,100,0.9931080575121863
sub-EN109,14,L,120,1.0
sub-EN109,14,R,1,0.7874785940126442
sub-EN109,14,R,2,0.7921526346752396
sub-EN109,14,R,3,0.8024022783229611
sub-EN109,14,R,5,0.8664833009068071
sub-EN109,14,R,10,0.8944150676487407
sub-EN109,14,R,20,0.9290749025737648
sub-EN109,14,R,40,0.9555279949635672
sub-EN109,14,R,60,0.9719318785604525
sub-EN109,14,R,80,0.9847481528009411
sub-EN109,14,R,100,0.992962411074867
sub-EN109,14,R,120,1.0
sub-EN109,6,L,1,0.8118725587400235
sub-EN109,6,L,2,0.8146094820289943
sub-EN109,6,L,3,0.834200987408067
sub-EN109,6,L,5,0.887569482182606
sub-EN109,6,L,10,0.9083721480965121
sub-EN109,6,L,20,0.9418315111016298
sub-EN109,6,L,40,0.9613351680505124
sub-EN109,6,L,60,0.9764289426423727
sub-EN109,6,L,80,0.9866983015210256
sub-EN109,6,L,100,0.9933629553652201
sub-EN109,6,L,120,1.0
sub-EN109,6,R,1,0.8087530890893907
sub-EN109,6,R,2,0.8110984041618675
sub-EN109,6,R,3,0.8192833793871306
sub-EN109,6,R,5,0.8871337177986308
sub-EN109,6,R,10,0.9132716429920746
sub-EN109,6,R,20,0.9455581296851036
sub-EN109,6,R,40,0.9656612741480032
sub-EN109,6,R,60,0.9786610614092786
sub-EN109,6,R,80,0.9887860131839918
sub-EN109,6,R,100,0.9949444787175051
sub-EN109,6,R,120,1.0
sub-EN109,7,L,1,0.8123131845064151
sub-EN109,7,L,2,0.8190443482425392
sub-EN109,7,L,3,0.8414394580413624
sub-EN109,7,L,5,0.8905553963184538
sub-EN109,7,L,10,0.9086034087762834
sub-EN109,7,L,20,0.9402944260227305
sub-EN109,7,L,40,0.9599341812094209
sub-EN109,7,L,60,0.9741526621377948
sub-EN109,7,L,80,0.985283256486311
sub-EN109,7,L,100,0.9920474677071336
sub-EN109,7,L,120,1.0
sub-EN109,7,R,1,0.8043934999904677
sub-EN109,7,R,2,0.8091398379758735
sub-EN109,7,R,3,0.818167352026383
sub-EN109,7,R,5,0.8844706200982464
sub-EN109,7,R,10,0.9097497798772298
sub-EN109,7,R,20,0.9448369509833566
sub-EN109,7,R,40,0.9647850724089327
sub-EN109,7,R,60,0.9778928391092641
sub-EN109,7,R,80,0.9886252716893199
sub-EN109,7,R,100,0.994761670332402
sub-EN109,7,R,120,1.0
sub-EN109,8,L,1,0.809198504608572
sub-EN109,8,L,2,0.811791456046351
sub-EN109,8,L,3,0.8350089447201303
sub-EN109,8,L,5,0.8840197983282411
sub-EN109,8,L,10,0.9056265910754118
sub-EN109,8,L,20,0.9377470961909224
sub-EN109,8,L,40,0.9586138139555962
sub-EN109,8,L,60,0.9747437477370309
sub-EN109,8,L,80,0.9861171434056911
sub-EN109,8,L,100,0.9933312990746286
sub-EN109,8,L,120,1.0
sub-EN109,8,R,1,0.8000855203330831
sub-EN109,8,R,2,0.8028986108830498
sub-EN109,8,R,3,0.8131516172496696
sub-EN109,8,R,5,0.8787436298048379
sub-EN109,8,R,10,0.9048985436957242
sub-EN109,8,R,20,0.9374885815225636
sub-EN109,8,R,40,0.9600141027819458
sub-EN109,8,R,60,0.9747989203569798
sub-EN109,8,R,80,0.9866167365684775
sub-EN109,8,R,100,0.9937331948801895
sub-EN109,8,R,120,1.0
sub-EN109,9,L,1,0.8050613738778358
sub-EN109,9,L,2,0.8088165281189992
sub-EN109,9,L,3,0.830159663616396
sub-EN109,9,L,5,0.8800980383785136
sub-EN109,9,L,10,0.9027115871761966
sub-EN109,9,L,20,0.9363913255423777
sub-EN109,9,L,40,0.9591299754759852
sub-EN109,9,L,60,0.9756235641860956
sub-EN109,9,L,80,0.9862463829048173
sub-EN109,9,L,100,0.9933796966786891
sub-EN109,9,L,120,1.0
sub-EN109,9,R,1,0.796433214885641
sub-EN109,9,R,2,0.8005428098494034
sub-EN109,9,R,3,0.8099276137687633
sub-EN109,9,R,5,0.8748479525551401
sub-EN109,9,R,10,0.9035641846147765
sub-EN109,9,R,20,0.9371937878901996
sub-EN109,9,R,40,0.9604548654218609
sub-EN109,9,R,60,0.9754413757784649
sub-EN109,9,R,80,0.986822851854287
sub-EN109,9,R,100,0.9939156082480829
sub-EN109,9,R,120,1.0
sub-EN110,10,L,1,0.8327709363639287
sub-EN110,10,L,2,0.8368702957048565
sub-EN110,10,L,3,0.8550882580910286
sub-EN110,10,L,5,0.9027709896229424
sub-EN110,10,L,10,0.9224412847601858
sub-EN110,10,L,20,0.9484566558363066
sub-EN110,10,L,40,0.9654986721183448
sub-EN110,10,L,60,0.9795160475003591
sub-EN110,10,L,80,0.9893515197196273
sub-EN110,10,L,100,0.9949582078530926
sub-EN110,10,L,120,1.0
sub-EN110,10,R,1,0.8129174158481208
sub-EN110,10,R,2,0.8157727069839996
sub-EN110,10,R,3,0.8262406478453089
sub-EN110,10,R,5,0.8898187125498487
sub-EN110,10,R,10,0.9141733441726358
sub-EN110,10,R,20,0.9459335724682049
sub-EN110,10,R,40,0.9646819723649518
sub-EN110,10,R,60,0.9762506943568019
sub-EN110,10,R,80,0.9876038228246128
sub-EN110,10,R,100,0.9943820759941454
sub-EN110,10,R,120,1.0
sub-EN110,11,L,1,0.8335477091839163
sub-EN110,11,L,2,0.837293563524017
sub-EN110,11,L,3,0.8531665058548898
sub-EN110,11,L,5,0.8998680181426187
sub-EN110,11,L,10,0.9203104122737803
sub-EN110,11,L,20,0.946670022364732
sub-EN110,11,L,40,0.9642036755416072
sub-EN110,11,L,60,0.9783232812703642
sub-EN110,11,L,80,0.9886979144749625
sub-EN110,11,L,100,0.9945922289653791
sub-EN110,11,L,120,1.0
sub-EN110,11,R,1,0.8140538230130938
sub-EN110,11,R,2,0.8178226927497031
sub-EN110,11,R,3,0.8258472330321236
sub-EN110,11,R,5,0.887128693471534
sub-EN110,11,R,10,0.9126807138998774
sub-EN110,11,R,20,0.9439568261604288
sub-EN110,11,R,40,0.9635400686642807
sub-EN110,11,R,60,0.97578029461898
sub-EN110,11,R,80,0.9872242582517772
sub-EN110,11,R,100,0.9940240493770521
sub-EN110,11,R,120,1.0
sub-EN110,12,L,1,0.8058172940935857
sub-EN110,12,L,2,0.8132264362925874
sub-EN110,12,L,3,0.8335752597138599
sub-EN110,12,L,5,0.884797367573825
sub-EN110,12,L,10,0.9077371484298087
sub-EN110,12,L,20,0.9379600433905712
sub-EN110,12,L,40,0.9586601447959207
sub-EN110,12,L,60,0.9745208906501043
sub-EN110,12,L,80,0.986666931390313
sub-EN110,12,L,100,0.9936995408227581
sub-EN110,12,L,120,1.0
sub-EN110,12,R,1,0.7805181884665634
sub-EN110,12,R,2,0.7882093643918173
sub-EN110,12,R,3,0.8038257667104897
sub-EN110,12,R,5,0.8694627665107695
sub-EN110,12,R,10,0.8957863068162958
sub-EN110,12,R,20,0.933745149383792
sub-EN110,12,R,40,0.956299468259005
sub-EN110,12,R,60,0.9706809082712323
sub-EN110,12,R,80,0.9849223556566706
sub-EN110,12,R,100,0.9931724713782536
sub-EN110,12,R,120,1.0
sub-EN110,13,L,1,0.8196237353241348
sub-EN110,13,L,2,0.8251591117696646
sub-EN110,13,L,3,0.8421667375336431
sub-EN110,13,L,5,0.8910894132034322
sub-EN110,13,L,10,0.9129004494647
sub-EN110,13,L,20,0.9421503693120706
sub-EN110,13,L,40,0.9625778606323115
sub-EN110,13,L,60,0.9773723794029245
sub-EN110,13,L,80,0.9878736512497076
sub-EN110,13,L,100,0.9946119937224983
sub-EN110,13,L,120,1.0
sub-EN110,13,R,1,0.7974421459952662
sub-EN110,13,R,2,0.802929774304397
sub-EN110,13,R,3,0.8127481948152595
sub-EN110,13,R,5,0.8769786542330248
sub-EN110,13,R,10,0.9049208139713826
sub-EN110,13,R,20,0.9395366714722015
sub-EN110,13,R,40,0.9609414611302036
sub-EN110,13,R,60,0.9739352776417365
sub-EN110,13,R,80,0.9867182730648428
sub-EN110,13,R,100,0.9936817981390418
sub-EN110,13,R,120,1.0
sub-EN110,14,L,1,0.7692811866991434
sub-EN110,14,L,2,0.7749815878719084
sub-EN110,14,L,3,0.7904961326078845
sub-EN110,14,L,5,0.8270952877103467
sub-EN110,14,L,10,0.8529790460820149
sub-EN110,14,L,20,0.8959667988723541
sub-EN110,14,L,40,0.927303518895157
sub-EN110,14,L,60,0.9508807650818247
sub-EN110,14,L,80,0.9729645346198934
sub-EN110,14,L,100,0.9855260738204368
sub-EN110,14,L,120,1.0
sub-EN110,14,R,1,0.7739548476950395
sub-EN110,14,R,2,0.7778860454820555
sub-EN110,14,R,3,0.786240800523558
sub-EN110,14,R,5,0.8410295856983252
sub-EN110,14,R,10,0.8694651724291595
sub-EN110,14,R,20,0.9145061044253157
sub-EN110,14,R,40,0.9442277952181944
sub-EN110,14,R,60,0.9631841213964549
sub-EN110,14,R,80,0.9793392999727424
sub-EN110,14,R,100,0.9893931045120675
sub-EN110,14,R,120,1.0
sub-EN110,15,L,1,0.7951624741303683
sub-EN110,15,L,2,0.8025433009814913
sub-EN110,15,L,3,0.8223724716485014
sub-EN110,15,L,5,0.8725430326043444
sub-EN110,15,L,10,0.8966634512774743
sub-EN110,15,L,20,0.9303999108399126
sub-EN110,15,L,40,0.9547796977243236
sub-EN110,15,L,60,0.9716359589873684
sub-EN110,15,L,80,0.9847078596247366
sub-EN110,15,L,100,0.9927637214887164
sub-EN110,15,L,120,1.0
sub-EN110,15,R,1,0.7716918920318159
sub-EN110,15,R,2,0.7788784710808191
sub-EN110,15,R,3,0.7908607777942794
sub-EN110,15,R,5,0.8570805467635233
sub-EN110,15,R,10,0.887708972845607
sub-EN110,15,R,20,0.9286356496316913
sub-EN110,15,R,40,0.9548664895914221
sub-EN110,15,R,60,0.9695093408020283
sub-EN110,15,R,80,0.9841724346638094
sub-EN110,15,R,100,0.9925763728151069
sub-EN110,15,R,120,1.0
sub-EN110,16,L,1,0.8210988909894292
sub-EN110,16,L,2,0.8267052660709132
sub-EN110,16,L,3,0.8451238061725078
sub-EN110,16,L,5,0.8916342021255669
sub-EN110,16,L,10,0.9135979007146995
sub-EN110,16,L,20,0.9418574044306315
sub-EN110,16,L,40,0.9617954369014504
sub-EN110,16,L,60,0.976855552346374
sub-EN110,16,L,80,0.987930035706677
sub-EN110,16,L,100,0.994335736894759
sub-EN110,16,L,120,1.0
sub-EN110,16,R,1,0.7990049634510119
sub-EN110,16,R,2,0.8055270147918699
sub-EN110,16,R,3,0.8156700046294915
sub-EN110,16,R,5,0.8777172350032343
sub-EN110,16,R,10,0.9054520677538965
sub-EN110,16,R,20,0.9404651816745024
sub-EN110,16,R,40,0.9617893002724835
sub-EN110,16,R,60,0.9751057201552558
sub-EN110,16,R,80,0.986940504152001
sub-EN110,16,R,100,0.9942204319793408
sub-EN110,16,R,120,1.0
sub-EN110,17,L,1,0.8241484254990344
sub-EN110,17,L,2,0.8287476397590445
sub-EN110,17,L,3,0.8444842366879112
sub-EN110,17,L,5,0.8930287701246588
sub-EN110,17,L,10,0.9140192377362027
sub-EN110,17,L,20,0.9437482645982197
sub-EN110,17,L,40,0.9632297784947998
sub-EN110,17,L,60,0.9776867688465968
sub-EN110,17,L,80,0.9882346269187143
sub-EN110,17,L,100,0.9946078234498429
sub-EN110,17,L,120,1.0
sub-EN110,17,R,1,0.802436448655386
sub-EN110,17,R,2,0.8082569106792704
sub-EN110,17,R,3,0.8172114595763915
sub-EN110,17,R,5,0.8797393712032832
sub-EN110,17,R,10,0.9067843276241213
sub-EN110,17,R,20,0.9415163991424921
sub-EN110,17,R,40,0.962497987082352
sub-EN110,17,R,60,0.9752097707078959
sub-EN110,17,R,80,0.9872211466303087
sub-EN110,17,R,100,0.9938196137069785
sub-EN110,17,R,120,1.0
sub-EN110,18,L,1,0.8237563808212108
sub-EN110,18,L,2,0.8278633583096519
sub-EN110,18,L,3,0.8449281034412205
sub-EN110,18,L,5,0.8914618841478933
sub-EN110,18,L,10,0.9115395320500754
sub-EN110,18,L,20,0.9404573354656602
sub-EN110,18,L,40,0.960795258215467
sub-EN110,18,L,60,0.9760414130378653
sub-EN110,18,L,80,0.9875679499986331
sub-EN110,18,L,100,0.9939658237340322
sub-EN110,18,L,120,1.0
sub-EN110,18,R,1,0.8054180489044744
sub-EN110,18,R,2,0.8115966194018186
sub-EN110,18,R,3,0.8206612199297013
sub-EN110,18,R,5,0.8827869489442242
sub-EN110,18,R,10,0.9086870427829377
sub-EN110,18,R,20,0.9414416116557747
sub-EN110,18,R,40,0.9626903224253512
sub-EN110,18,R,60,0.9756074781081703
sub-EN110,18,R,80,0.9872100742699689
sub-EN110,18,R,100,0.9942230564704225
sub-EN110,18,R,120,1.0
sub-EN113,10,L,1,0.8399055397621353
sub-EN113,10,L,2,0.8419129698155792
sub-EN113,10,L,3,0.8586998882294253
sub-EN113,10,L,5,0.9036547036442424
sub-EN113,10,L,10,0.9221126156339229
sub-EN113,10,L,20,0.9497808367650414
sub-EN113,10,L,40,0.9665082883029026
sub-EN113,10,L,60,0.9796138632433653
sub-EN113,10,L,80,0.9893129216116163
sub-EN113,10,L,100,0.994678726199622
sub-EN113,10,L,120,1.0
sub-EN113,10,R,1,0.8240120156340748
sub-EN113,10,R,2,0.8255108035333701
sub-EN113,10,R,3,0.8339193857497871
sub-EN113,10,R,5,0.8965377733459942
sub-EN113,10,R,10,0.9192674489410994
sub-EN113,10,R,20,0.9483946852295931
sub-EN113,10,R,40,0.9672080514174788
sub-EN113,10,R,60,0.9794636097901975
sub-EN113,10,R,80,0.9888781375086062
sub-EN113,10,R,100,0.9949089609662741
sub-EN113,10,R,120,1.0
sub-EN113,11,L,1,0.8245633282277413
sub-EN113,11,L,2,0.8266159133765985
sub-EN113,11,L,3,0.8448171799406747
sub-EN113,11,L,5,0.890736256924454
sub-EN113,11,L,10,0.9111731851794357
sub-EN113,11,L,20,0.9407690391448056
sub-EN113,11,L,40,0.9607592337022394
sub-EN113,11,L,60,0.9768327637763203
sub-EN113,11,L,80,0.9877282553561123
sub-EN113,11,L,100,0.9941605943741646
sub-EN113,11,L,120,1.0
sub-EN113,11,R,1,0.8112735858598418
sub-EN113,11,R,2,0.8135762496159419
sub-EN113,11,R,3,0.8212149009529823
sub-EN113,11,R,5,0.884241959490948
sub-EN113,11,R,10,0.9083101873618308
sub-EN113,11,R,20,0.9400203349938352
sub-EN113,11,R,40,0.9614225258757371
sub-EN113,11,R,60,0.9761591067937562
sub-EN113,11,R,80,0.9872488819598422
sub-EN113,11,R,100,0.9939848211509544
sub-EN113,11,R,120,1.0
sub-EN113,12,L,1,0.825564345099628
sub-EN113,12,L,2,0.8283811629075871
sub-EN113,12,L,3,0.8464825658273184
sub-EN113,12,L,5,0.8912970496447868
sub-EN113,12,L,10,0.9100648915025596
sub-EN113,12,L,20,0.9393163301090085
sub-EN113,12,L,40,0.9598887828059923
sub-EN113,12,L,60,0.9758303337565826
sub-EN113,12,L,80,0.9874533142241428
sub-EN113,12,L,100,0.9937411804190629
sub-EN113,12,L,120,1.0
sub-EN113,12,R,1,0.8093123498227994
sub-EN113,12,R,2,0.8122967409893233
sub-EN113,12,R,3,0.8201171126312398
sub-EN113,12,R,5,0.8818428735200816
sub-EN113,12,R,10,0.9055045032584933
sub-EN113,12,R,20,0.9373792762304617
sub-EN113,12,R,40,0.9594236292949971
sub-EN113,12,R,60,0.9751151636675077
sub-EN113,12,R,80,0.9867503858196078
sub-EN113,12,R,100,0.9937862977265212
sub-EN113,12,R,120,1.0
sub-EN113,13,L,1,0.8285448309444123
sub-EN113,13,L,2,0.831376597962603
sub-EN113,13,L,3,0.8485653074559742
sub-EN113,13,L,5,0.8937513612924118
sub-EN113,13,L,10,0.913658732230611
sub-EN113,13,L,20,0.9420029391656423
sub-EN113,13,L,40,0.9629249860182901
sub-EN113,13,L,60,0.9771893319869518
sub-EN113,13,L,80,0.9882764912310679
sub-EN113,13,L,100,0.9941701962868911
sub-EN113,13,L,120,1.0
sub-EN113,13,R,1,0.813313095056386
sub-EN113,13,R,2,0.8160038233014004
sub-EN113,13,R,3,0.824107423749531
sub-EN113,13,R,5,0.8866618547747973
sub-EN113,13,R,10,0.9104829222274453
sub-EN113,13,R,20,0.9422734513206943
sub-EN113,13,R,40,0.9633326654669129
sub-EN113,13,R,60,0.9771687896697527
sub-EN113,13,R,80,0.9878889456961462
sub-EN113,13,R,100,0.9940741872795471
sub-EN113,13,R,120,1.0
sub-EN113,14,L,1,0.8299702721042602
sub-EN113,14,L,2,0.8328316692238235
sub-EN113,14,L,3,0.8488638130600678
sub-EN113,14,L,5,0.8941133955862723
sub-EN113,14,L,10,0.9145178353981783
sub-EN113,14,L,20,0.9429883596027607
sub-EN113,14,L,40,0.9617661602646443
sub-EN113,14,L,60,0.9766282892642658
sub-EN113,14,L,80,0.9871495049150524
sub-EN113,14,L,100,0.9938013382636339
sub-EN113,14,L,120,1.0
sub-EN113,14,R,1,0.8162039314521565
sub-EN113,14,R,2,0.8194739375430841
sub-EN113,14,R,3,0.8269819457886719
sub-EN113,14,R,5,0.8874784505918063
sub-EN113,14,R,10,0.9111700580388894
sub-EN113,14,R,20,0.9422201088189319
sub-EN113,14,R,40,0.9628237598583717
sub-EN113,14,R,60,0.9768646630595622
sub-EN113,14,R,80,0.9874549268382257
sub-EN113,14,R,100,0.9942248601411773
sub-EN113,14,R,120,1.0
sub-EN113,6,L,1,0.837331938648029
sub-EN113,6,L,2,0.8395272157169282
sub-EN113,6,L,3,0.8553142741879046
sub-EN113,6,L,5,0.8999684410627624
sub-EN113,6,L,10,0.9195645111490963
sub-EN113,6,L,20,0.9479353596388267
sub-EN113,6,L,40,0.9652423836404995
sub-EN113,6,L,60,0.9785408027100733
sub-EN113,6,L,80,0.9881585755851306
sub-EN113,6,L,100,0.9945601554509393
sub-EN113,6,L,120,1.0
sub-EN113,6,R,1,0.8221495139811767
sub-EN113,6,R,2,0.8245042583433174
sub-EN113,6,R,3,0.8311219623934225
sub-EN113,6,R,5,0.893067340761114
sub-EN113,6,R,10,0.9166012157957171
sub-EN113,6,R,20,0.9466769892480171
sub-EN113,6,R,40,0.9646707195766727
sub-EN113,6,R,60,0.9783642920710581
sub-EN113,6,R,80,0.9884100382508593
sub-EN113,6,R,100,0.9947720163331464
sub-EN113,6,R,120,1.0
sub-EN113,7,L,1,0.8286962936855363
sub-EN113,7,L,2,0.8346204363752797
sub-EN113,7,L,3,0.8530760472784785
sub-EN113,7,L,5,0.9002367627039287
sub-EN113,7,L,10,0.9205630456824555
sub-EN113,7,L,20,0.9489142508478698
sub-EN113,7,L,40,0.9653989209532631
sub-EN113,7,L,60,0.9783458198745375
sub-EN113,7,L,80,0.9880204903981917
sub-EN113,7,L,100,0.9943963715205989
sub-EN113,7,L,120,1.0
sub-EN113,7,R,1,0.8164295227430965
sub-EN113,7,R,2,0.8234822147942342
sub-EN113,7,R,3,0.8316017402852853
sub-EN113,7,R,5,0.8946635195452786
sub-EN113,7,R,10,0.9192451641646019
sub-EN113,7,R,20,0.9481013033823168
sub-EN113,7,R,40,0.9669044094616303
sub-EN113,7,R,60,0.9792974546818379
sub-EN113,7,R,80,0.9888001774484461
sub-EN113,7,R,100,0.9948098192134188
sub-EN113,7,R,120,1.0
sub-EN113,8,L,1,0.8330483314636251
sub-EN113,8,L,2,0.835432703677299
sub-EN113,8,L,3,0.8519602094171258
sub-EN113,8,L,5,0.8981123034320355
sub-EN113,8,L,10,0.9162057564397237
sub-EN113,8,L,20,0.9446543629338312
sub-EN113,8,L,40,0.9626653431930232
sub-EN113,8,L,60,0.9773249299546299
sub-EN113,8,L,80,0.9884246622196945
sub-EN113,8,L,100,0.9945578507802194
sub-EN113,8,L,120,1.0
sub-EN113,8,R,1,0.8140644543410648
sub-EN113,8,R,2,0.8163585669323721
sub-EN113,8,R,3,0.8253293218016169
sub-EN113,8,R,5,0.8873882642749515
sub-EN113,8,R,10,0.9096048984772478
sub-EN113,8,R,20,0.9407516667532911
sub-EN113,8,R,40,0.9621672584894254
sub-EN113,8,R,60,0.9763658175432189
sub-EN113,8,R,80,0.9871002007580352
sub-EN113,8,R,100,0.9940658728983749
sub-EN113,8,R,120,1.0
sub-EN113,9,L,1,0.8348394083104471
sub-EN113,9,L,2,0.8366592899500591
sub-EN113,9,L,3,0.8538320366636202
sub-EN113,9,L,5,0.8990978962798513
sub-EN113,9,L,10,0.9178836557236649
sub-EN113,9,L,20,0.946383393082554
sub-EN113,9,L,40,0.9640187966441732
sub-EN113,9,L,60,0.9779684647506215
sub-EN113,9,L,80,0.9884112086307207
sub-EN113,9,L,100,0.9945822324942554
sub-EN113,9,L,120,1.0
sub-EN113,9,R,1,0.8138724926383359
sub-EN113,9,R,2,0.8159529886932492
sub-EN113,9,R,3,0.8249780931401828
sub-EN113,9,R,5,0.8876282501575405
sub-EN113,9,R,10,0.910544782402292
sub-EN113,9,R,20,0.9418958925888845
sub-EN113,9,R,40,0.9627098854879147
sub-EN113,9,R,60,0.977029781449233
sub-EN113,9,R,80,0.9876684088414951
sub-EN113,9,R,100,0.9943504322734875
sub-EN113,9,R,120,1.0
sub-EN114,10,L,1,0.8212807029079388
sub-EN114,10,L,2,0.8256461519803355
sub-EN114,10,L,3,0.8453564228700572
sub-EN114,10,L,5,0.8939280113826902
sub-EN114,10,L,10,0.9141086540874969
sub-EN114,10,L,20,0.9431716904933444
sub-EN114,10,L,40,0.9626629235495674
sub-EN114,10,L,60,0.9766753546662205
sub-EN114,10,L,80,0.9873166490821284
sub-EN114,10,L,100,0.9937984313138721
sub-EN114,10,L,120,1.0
sub-EN114,10,R,1,0.8015603616587295
sub-EN114,10,R,2,0.8070987738248009
sub-EN114,10,R,3,0.8162238289454946
sub-EN114,10,R,5,0.8849289332660508
sub-EN114,10,R,10,0.9094334576868469
sub-EN114,10,R,20,0.943690257854654
sub-EN114,10,R,40,0.9647538748053818
sub-EN114,10,R,60,0.9765420651899633
sub-EN114,10,R,80,0.9871839996619195
sub-EN114,10,R,100,0.9940957921758862
sub-EN114,10,R,120,1.0
sub-EN114,11,L,1,0.8420098743847579
sub-EN114,11,L,2,0.8451338947942882
sub-EN114,11,L,3,0.8607051252386494
sub-EN114,11,L,5,0.9065404880196057
sub-EN114,11,L,10,0.9261508645601484
sub-EN114,11,L,20,0.952168344722734
sub-EN114,11,L,40,0.9684565279523019
sub-EN114,11,L,60,0.981019901625914
sub-EN114,11,L,80,0.9903334246221208
sub-EN114,11,L,100,0.9952616942529868
sub-EN114,11,L,120,1.0
sub-EN114,11,R,1,0.8228522567800705
sub-EN114,11,R,2,0.826201398826521
sub-EN114,11,R,3,0.8339886870821315
sub-EN114,11,R,5,0.8960929579701757
sub-EN114,11,R,10,0.9211913702308
sub-EN114,11,R,20,0.9526237109677391
sub-EN114,11,R,40,0.9701413590979932
sub-EN114,11,R,60,0.9806138463477913
sub-EN114,11,R,80,0.9902419532679322
sub-EN114,11,R,100,0.9952701715133354
sub-EN114,11,R,120,1.0
sub-EN114,12,L,1,0.8316771045258368
sub-EN114,12,L,2,0.8346886107221052
sub-EN114,12,L,3,0.852896249413206
sub-EN114,12,L,5,0.8999605897757134
sub-EN114,12,L,10,0.9197092493724744
sub-EN114,12,L,20,0.946692463759158
sub-EN114,12,L,40,0.9649164036015092
sub-EN114,12,L,60,0.979008897051467
sub-EN114,12,L,80,0.9893571137550516
sub-EN114,12,L,100,0.9949765076033028
sub-EN114,12,L,120,1.0
sub-EN114,12,R,1,0.810097808266857
sub-EN114,12,R,2,0.813790735078108
sub-EN114,12,R,3,0.8228469852406968
sub-EN114,12,R,5,0.8859813100886608
sub-EN114,12,R,10,0.9118259815098365
sub-EN114,12,R,20,0.9438833446776013
sub-EN114,12,R,40,0.9656876381563775
sub-EN114,12,R,60,0.9774042460416196
sub-EN114,12,R,80,0.9879759336602708
sub-EN114,12,R,100,0.9941037682580215
sub-EN114,12,R,120,1.0
sub-EN114,13,L,1,0.8218053763762941
sub-EN114,13,L,2,0.8254852807178015
sub-EN114,13,L,3,0.8431457628448762
sub-EN114,13,L,5,0.8942965107632527
sub-EN114,13,L,10,0.9168432322851611
sub-EN114,13,L,20,0.945078271583392
sub-EN114,13,L,40,0.9641301651221624
sub-EN114,13,L,60,0.9783110370388333
sub-EN114,13,L,80,0.9887178481323406
sub-EN114,13,L,100,0.9946290482625045
sub-EN114,13,L,120,1.0
sub-EN114,13,R,1,0.7992244639831916
sub-EN114,13,R,2,0.8033737319292056
sub-EN114,13,R,3,0.812087643282104
sub-EN114,13,R,5,0.879501175631452
sub-EN114,13,R,10,0.9085002151405069
sub-EN114,13,R,20,0.9419923978739687
sub-EN114,13,R,40,0.9631487996542213
sub-EN114,13,R,60,0.9755734883880103
sub-EN114,13,R,80,0.9868564756194301
sub-EN114,13,R,100,0.9938071384071205
sub-EN114,13,R,120,1.0
sub-EN114,17,L,1,0.8226216722697934
sub-EN114,17,L,2,0.8271171720439963
sub-EN114,17,L,3,0.8467636807704704
sub-EN114,17,L,5,0.9002615326266654
sub-EN114,17,L,10,0.9191352833683039
sub-EN114,17,L,20,0.9466498232112194
sub-EN114,17,L,40,0.9651259945527569
sub-EN114,17,L,60,0.978754397100522
sub-EN114,17,L,80,0.9889366649261958
sub-EN114,17,L,100,0.9947160389657939
sub-EN114,17,L,120,1.0
sub-EN114,17,R,1,0.7034027518777434
sub-EN114,17,R,2,0.732145668554806
sub-EN114,17,R,3,0.7704215665400449
sub-EN114,17,R,5,0.8686233890775501
sub-EN114,17,R,10,0.9028580936817941
sub-EN114,17,R,20,0.9425714320483759
sub-EN114,17,R,40,0.9664363178824901
sub-EN114,17,R,60,0.9788148462227602
sub-EN114,17,R,80,0.9890431320832063
sub-EN114,17,R,100,0.9942502645287816
sub-EN114,17,R,120,1.0
sub-EN114,18,L,1,0.805451333794858
sub-EN114,18,L,2,0.814319885531497
sub-EN114,18,L,3,0.8352505331591187
sub-EN114,18,L,5,0.8894919570581447
sub-EN114,18,L,10,0.9097844721805071
sub-EN114,18,L,20,0.9395757947847767
sub-EN114,18,L,40,0.9603016998199133
sub-EN114,18,L,60,0.9751093147763881
sub-EN114,18,L,80,0.9872887714052861
sub-EN114,18,L,100,0.9942278752275907
sub-EN114,18,L,120,1.0
sub-EN114,18,R,1,0.6756629960770105
sub-EN114,18,R,2,0.728788982392485
sub-EN114,18,R,3,0.7714650165610759
sub-EN114,18,R,5,0.8652225636527011
sub-EN114,18,R,10,0.8975474857423525
sub-EN114,18,R,20,0.9385796552183998
sub-EN114,18,R,40,0.9627012294786905
sub-EN114,18,R,60,0.9767482371646674
sub-EN114,18,R,80,0.9880429999032523
sub-EN114,18,R,100,0.994082748533092
sub-EN114,18,R,120,1.0
sub-EN114,7,L,1,0.8425467129384904
sub-EN114,7,L,2,0.8451261697504705
sub-EN114,7,L,3,0.860818319177672
sub-EN114,7,L,5,0.9071965353403088
sub-EN114,7,L,10,0.9261625380707998
sub-EN114,7,L,20,0.951907734844422
sub-EN114,7,L,40,0.9679878050113109
sub-EN114,7,L,60,0.9810055096070661
sub-EN114,7,L,80,0.9901470563186001
sub-EN114,7,L,100,0.995279837738944
sub-EN114,7,L,120,1.0
sub-EN114,7,R,1,0.824024233333808
sub-EN114,7,R,2,0.8272609617984203
sub-EN114,7,R,3,0.8342608989612096
sub-EN114,7,R,5,0.8967308052472831
sub-EN114,7,R,10,0.9214254007373353
sub-EN114,7,R,20,0.9514133180758604
sub-EN114,7,R,40,0.9690902479881968
sub-EN114,7,R,60,0.9804037967517713
sub-EN114,7,R,80,0.9901185880934584
sub-EN114,7,R,100,0.9951968771298343
sub-EN114,7,R,120,1.0
sub-EN114,8,L,1,0.8337486852791521
sub-EN114,8,L,2,0.8371158192951639
sub-EN114,8,L,3,0.8539001398219513
sub-EN114,8,L,5,0.9017137588042932
sub-EN114,8,L,10,0.9210217122502881
sub-EN114,8,L,20,0.94774320373431
sub-EN114,8,L,40,0.9652275254696998
sub-EN114,8,L,60,0.9790591252732069
sub-EN114,8,L,80,0.9892300478433519
sub-EN114,8,L,100,0.9948488312790363
sub-EN114,8,L,120,1.0
sub-EN114,8,R,1,0.8148714456724847
sub-EN114,8,R,2,0.8186569980654484
sub-EN114,8,R,3,0.8263920428158031
sub-EN114,8,R,5,0.8904929244071981
sub-EN114,8,R,10,0.9159867328568108
sub-EN114,8,R,20,0.9472946690540488
sub-EN114,8,R,40,0.9662755429561503
sub-EN114,8,R,60,0.9778434093758007
sub-EN114,8,R,80,0.9889069053362334
sub-EN114,8,R,100,0.9947273383819475
sub-EN114,8,R,120,1.0
sub-EN114,9,L,1,0.8103099553094235
sub-EN114,9,L,2,0.8147899048862844
sub-EN114,9,L,3,0.8325901434149001
sub-EN114,9,L,5,0.8840397016022008
sub-EN114,9,L,10,0.9073458959781224
sub-EN114,9,L,20,0.9386041789823983
sub-EN114,9,L,40,0.9605235053421571
sub-EN114,9,L,60,0.9756104915841701
sub-EN114,9,L,80,0.9872205121667668
sub-EN114,9,L,100,0.9937138880175413
sub-EN114,9,L,120,1.0
sub-EN114,9,R,1,0.7882376159631986
sub-EN114,9,R,2,0.7930369978042056
sub-EN114,9,R,3,0.8005759197226723
sub-EN114,9,R,5,0.8705359354258008
sub-EN114,9,R,10,0.9024471831159434
sub-EN114,9,R,20,0.9379262567311514
sub-EN114,9,R,40,0.9608705889668437
sub-EN114,9,R,60,0.973960736133775
sub-EN114,9,R,80,0.9864796495206097
sub-EN114,9,R,100,0.9935630093596625
sub-EN114,9,R,120,1.0
sub-EN115,10,L,1,0.8312524202067402
sub-EN115,10,L,2,0.8339149356841237
sub-EN115,10,L,3,0.849581099793131
sub-EN115,10,L,5,0.902397579865803
sub-EN115,10,L,10,0.9225456048088134
sub-EN115,10,L,20,0.9510921373450976
sub-EN115,10,L,40,0.9687184355806109
sub-EN115,10,L,60,0.9807744540290928
sub-EN115,10,L,80,0.990195457680493
sub-EN115,10,L,100,0.9950629080400696
sub-EN115,10,L,120,1.0
sub-EN115,10,R,1,0.8076905132603759
sub-EN115,10,R,2,0.8107972372032038
sub-EN115,10,R,3,0.818335763796622
sub-EN115,10,R,5,0.8868655961104273
sub-EN115,10,R,10,0.9118262205957814
sub-EN115,10,R,20,0.9470321327660314
sub-EN115,10,R,40,0.9661887404514082
sub-EN115,10,R,60,0.9783784555776578
sub-EN115,10,R,80,0.988881994427665
sub-EN115,10,R,100,0.9949684059564703
sub-EN115,10,R,120,1.0
sub-EN115,11,L,1,0.82022521787257
sub-EN115,11,L,2,0.8243336767428253
sub-EN115,11,L,3,0.8402276412940399
sub-EN115,11,L,5,0.8932439695238327
sub-EN115,11,L,10,0.9171807517432622
sub-EN115,11,L,20,0.9462182923136105
sub-EN115,11,L,40,0.9652702263944252
sub-EN115,11,L,60,0.9788770578523642
sub-EN115,11,L,80,0.9887563744218644
sub-EN115,11,L,100,0.9936731252496865
sub-EN115,11,L,120,1.0
sub-EN115,11,R,1,0.7910094331242168
sub-EN115,11,R,2,0.7985910554500115
sub-EN115,11,R,3,0.8065202925792097
sub-EN115,11,R,5,0.880105034084068
sub-EN115,11,R,10,0.905100468771664
sub-EN115,11,R,20,0.942301454569821
sub-EN115,11,R,40,0.9620995401781542
sub-EN115,11,R,60,0.9770247903067976
sub-EN115,11,R,80,0.9873460547979536
sub-EN115,11,R,100,0.994042048273266
sub-EN115,11,R,120,1.0
sub-EN115,12,L,1,0.8335363879663591
sub-EN115,12,L,2,0.8370522112436304
sub-EN115,12,L,3,0.8536848137285151
sub-EN115,12,L,5,0.9042351450004067
sub-EN115,12,L,10,0.9246824199650988
sub-EN115,12,L,20,0.951579602832568
sub-EN115,12,L,40,0.9681244667163459
sub-EN115,12,L,60,0.980665225402719
sub-EN115,12,L,80,0.9892668517375325
sub-EN115,12,L,100,0.9948460159987037
sub-EN115,12,L,120,1.0
sub-EN115,12,R,1,0.8136501084649466
sub-EN115,12,R,2,0.8172287821104441
sub-EN115,12,R,3,0.8250468811736804
sub-EN115,12,R,5,0.8926791629907119
sub-EN115,12,R,10,0.9169986368055475
sub-EN115,12,R,20,0.9495229020135665
sub-EN115,12,R,40,0.9682232929317914
sub-EN115,12,R,60,0.9801822589660723
sub-EN115,12,R,80,0.9896731008328243
sub-EN115,12,R,100,0.9950506793374595
sub-EN115,12,R,120,1.0
sub-EN115,13,L,1,0.8234853162979012
sub-EN115,13,L,2,0.8268853913529219
sub-EN115,13,L,3,0.8431561077560544
sub-EN115,13,L,5,0.8960209485518068
sub-EN115,13,L,10,0.9174382876459627
sub-EN115,13,L,20,0.9462888688078082
sub-EN115,13,L,40,0.9649335828819577
sub-EN115,13,L,60,0.9782818627500048
sub-EN115,13,L,80,0.9880624130671527
sub-EN115,13,L,100,0.9933261287667375
sub-EN115,13,L,120,1.0
sub-EN115,13,R,1,0.8027946392710097
sub-EN115,13,R,2,0.8072235818615389
sub-EN115,13,R,3,0.8149202192042219
sub-EN115,13,R,5,0.8855390936897733
sub-EN115,13,R,10,0.9103144053211041
sub-EN115,13,R,20,0.9469488423788172
sub-EN115,13,R,40,0.9659078666520297
sub-EN115,13,R,60,0.978539207001222
sub-EN115,13,R,80,0.9888849914008284
sub-EN115,13,R,100,0.9947994882961364
sub-EN115,13,R,120,1.0
sub-EN115,14,L,1,0.8265354826965632
sub-EN115,14,L,2,0.830225694784197
sub-EN115,14,L,3,0.8468337181186222
sub-EN115,14,L,5,0.8983320928249636
sub-EN115,14,L,10,0.9198097517532045
sub-EN115,14,L,20,0.9483302372696898
sub-EN115,14,L,40,0.9661351130047195
sub-EN115,14,L,60,0.9786632798620153
sub-EN115,14,L,80,0.9883946695054411
sub-EN115,14,L,100,0.9940812582143306
sub-EN115,14,L,120,1.0
sub-EN115,14,R,1,0.8064678558222035
sub-EN115,14,R,2,0.8100888817929373
sub-EN115,14,R,3,0.8182182156633894
sub-EN115,14,R,5,0.8861505590932547
sub-EN115,14,R,10,0.91193924563101
sub-EN115,14,R,20,0.9458150462387761
sub-EN115,14,R,40,0.9651421046149603
sub-EN115,14,R,60,0.9783189904667079
sub-EN115,14,R,80,0.9889827569758535
sub-EN115,14,R,100,0.9948037330273866
sub-EN115,14,R,120,1.0
sub-EN115,15,L,1,0.8189274287037791
sub-EN115,15,L,2,0.8228295549508048
sub-EN115,15,L,3,0.8384367141246555
sub-EN115,15,L,5,0.8947821701781603
sub-EN115,15,L,10,0.9159177938372853
sub-EN115,15,L,20,0.945683263571343
sub-EN115,15,L,40,0.9628478072265552
sub-EN115,15,L,60,0.9766375336904807
sub-EN115,15,L,80,0.9873227499787446
sub-EN115,15,L,100,0.9931146038306746
sub-EN115,15,L,120,1.0
sub-EN115,15,R,1,0.7915366602467929
sub-EN115,15,R,2,0.797441563871642
sub-EN115,15,R,3,0.8055433782701785
sub-EN115,15,R,5,0.8787482986164712
sub-EN115,15,R,10,0.9048386763444083
sub-EN115,15,R,20,0.943500864482243
sub-EN115,15,R,40,0.9635196953448665
sub-EN115,15,R,60,0.9765826802452268
sub-EN115,15,R,80,0.9881363691917225
sub-EN115,15,R,100,0.9944478692245757
sub-EN115,15,R,120,1.0
sub-EN115,16,L,1,0.827070201961523
sub-EN115,16,L,2,0.8311696199413087
sub-EN115,16,L,3,0.8487684303742145
sub-EN115,16,L,5,0.9006746696829439
sub-EN115,16,L,10,0.9208317146201276
sub-EN115,16,L,20,0.9490973780425275
sub-EN115,16,L,40,0.966920831149734
sub-EN115,16,L,60,0.9804473611915917
sub-EN115,16,L,80,0.9894247556510486
sub-EN115,16,L,100,0.9945310284551423
sub-EN115,16,L,120,1.0
sub-EN115,16,R,1,0.8056908810125893
sub-EN115,16,R,2,0.8090837140557815
sub-EN115,16,R,3,0.8181866308114678
sub-EN115,16,R,5,0.8882219127011423
sub-EN115,16,R,10,0.9131675495058134
sub-EN115,16,R,20,0.9470546422578036
sub-EN115,16,R,40,0.9660366887411521
sub-EN115,16,R,60,0.9788859651987303
sub-EN115,16,R,80,0.9888268608512507
sub-EN115,16,R,100,0.9947965927818668
sub-EN115,16,R,120,1.0
sub-EN115,17,L,1,0.8366814460839415
sub-EN115,17,L,2,0.8405330761239015
sub-EN115,17,L,3,0.8571114216899078
sub-EN115,17,L,5,0.9064072414443266
sub-EN115,17,L,10,0.9257262133883639
sub-EN115,17,L,20,0.9530876810027232
sub-EN115,17,L,40,0.9688800502579645
sub-EN115,17,L,60,0.9816713756562244
sub-EN115,17,L,80,0.9903712810771926
sub-EN115,17,L,100,0.9951918045880416
sub-EN115,17,L,120,1.0
sub-EN115,17,R,1,0.7765760187209877
sub-EN115,17,R,2,0.78795933677592
sub-EN115,17,R,3,0.802428536621286
sub-EN115,17,R,5,0.8815791111828527
sub-EN115,17,R,10,0.9074115092446563
sub-EN115,17,R,20,0.9411153106454183
sub-EN115,17,R,40,0.9646749531816212
sub-EN115,17,R,60,0.9789763242338122
sub-EN115,17,R,80,0.9885524515340229
sub-EN115,17,R,100,0.9944293572716814
sub-EN115,17,R,120,1.0
sub-EN115,9,L,1,0.8308450901418231
sub-EN115,9,L,2,0.8341919283178639
sub-EN115,9,L,3,0.8503419585889387
sub-EN115,9,L,5,0.9044121320850517
sub-EN115,9,L,10,0.9254288743401282
sub-EN115,9,L,20,0.953142803594058
sub-EN115,9,L,40,0.9688821244113158
sub-EN115,9,L,60,0.9805811064453892
sub-EN115,9,L,80,0.9896168815533516
sub-EN115,9,L,100,0.9949701207169921
sub-EN115,9,L,120,1.0
sub-EN115,9,R,1,0.7983995618768565
sub-EN115,9,R,2,0.8046112277178841
sub-EN115,9,R,3,0.81402236186323
sub-EN115,9,R,5,0.8866931683794368
sub-EN115,9,R,10,0.9127441336323737
sub-EN115,9,R,20,0.9471797513315217
sub-EN115,9,R,40,0.9668927021073894
sub-EN115,9,R,60,0.9791058354615334
sub-EN115,9,R,80,0.9891906879946615
sub-EN115,9,R,100,0.9948698919642203
sub-EN115,9,R,120,1.0
